Customer_ID;Country;Segment;Signup_Date
C00001;Romania;Consumer;04.03.2024
C00002;Romania;Consumer;01.10.2023
C00003;Romania;Small Business;26.06.2024
C00004;Romania;Consumer;19.03.2026
C00005;United Kingdom;Small Business;05.07.2025
C00006;Romania;Corporate;06.04.2026
C00007;Germany;Consumer;06.12.2024
C00008;Germany;Small Business;15.05.2023
C00009;Italy;Consumer;18.03.2023
C00010;Romania;Consumer;06.09.2023
C00011;Italy;Small Business;26.10.2024
C00012;United Kingdom;Consumer;26.09.2023
C00013;Romania;Corporate;09.02.2024
C00014;France;Consumer;08.03.2026
C00015;Italy;Consumer;25.02.2023
C00016;Romania;Consumer;10.04.2023
C00017;Spain;Consumer;12.05.2024
C00018;Romania;Consumer;16.08.2025
C00019;Germany;Consumer;17.11.2025
C00020;Netherlands;Consumer;03.01.2024
C00021;Romania;Consumer;06.01.2024
C00022;France;Corporate;13.01.2025
C00023;Romania;Consumer;10.01.2026
C00024;France;Consumer;15.08.2023
C00025;Germany;Small Business;12.02.2026
C00026;Romania;Small Business;26.10.2025
C00027;Romania;Small Business;08.12.2023
C00028;Romania;Corporate;05.05.2025
C00029;Romania;Consumer;13.03.2025
C00030;Romania;Consumer;27.01.2023
C00031;Romania;Small Business;27.05.2024
C00032;Romania;Consumer;30.10.2023
C00033;Romania;Small Business;28.03.2023
C00034;United Kingdom;Consumer;18.08.2024
C00035;United Kingdom;Corporate;15.06.2025
C00036;France;Small Business;08.11.2024
C00037;Romania;Consumer;24.04.2023
C00038;Italy;Consumer;21.11.2025
C00039;Germany;Corporate;31.03.2023
C00040;Romania;Small Business;08.05.2024
C00041;Romania;Small Business;26.12.2024
C00042;United Kingdom;Small Business;28.03.2026
C00043;Romania;Consumer;20.08.2025
C00044;Germany;Consumer;05.09.2023
C00045;Netherlands;Consumer;29.06.2024
C00046;Romania;Small Business;30.12.2025
C00047;Romania;Consumer;13.11.2023
C00048;Netherlands;Consumer;27.02.2026
C00049;Germany;Corporate;11.11.2024
C00050;Romania;Consumer;25.04.2025
C00051;Italy;Small Business;19.05.2026
C00052;Italy;Consumer;27.05.2025
C00053;Germany;Consumer;07.06.2024
C00054;United Kingdom;Consumer;22.01.2025
C00055;Romania;Small Business;11.06.2025
C00056;Romania;Small Business;02.02.2025
C00057;Germany;Consumer;13.01.2023
C00058;Romania;Consumer;24.02.2026
C00059;United Kingdom;Consumer;17.12.2023
C00060;Italy;Consumer;10.04.2025
C00061;Romania;Consumer;03.06.2023
C00062;Germany;Consumer;22.01.2026
C00063;Romania;Small Business;17.04.2023
C00064;Italy;Small Business;30.04.2026
C00065;Romania;Consumer;22.03.2026
C00066;United Kingdom;Small Business;09.01.2025
C00067;Germany;Consumer;02.05.2026
C00068;Romania;Corporate;28.12.2025
C00069;United Kingdom;Consumer;22.02.2026
C00070;United Kingdom;Consumer;16.10.2025
C00071;Germany;Small Business;31.03.2026
C00072;France;Consumer;14.09.2025
C00073;Netherlands;Small Business;28.01.2026
C00074;Romania;Corporate;23.05.2023
C00075;Germany;Small Business;28.06.2024
C00076;Romania;Consumer;02.09.2024
C00077;France;Consumer;06.03.2026
C00078;Germany;Consumer;12.09.2024
C00079;Romania;Consumer;15.07.2024
C00080;Romania;Corporate;01.10.2025
C00081;Italy;Consumer;09.04.2025
C00082;Romania;Consumer;17.01.2025
C00083;United Kingdom;Consumer;11.03.2026
C00084;Romania;Corporate;12.11.2025
C00085;Netherlands;Corporate;26.06.2025
C00086;Romania;Consumer;05.05.2026
C00087;Romania;Consumer;03.03.2023
C00088;Italy;Small Business;08.12.2024
C00089;Spain;Consumer;09.02.2023
C00090;Romania;Corporate;07.10.2025
C00091;Romania;Corporate;12.06.2023
C00092;France;Small Business;16.12.2024
C00093;Italy;Consumer;25.09.2025
C00094;Romania;Small Business;09.03.2025
C00095;Germany;Corporate;16.03.2023
C00096;France;Consumer;30.08.2024
C00097;France;Small Business;21.09.2025
C00098;France;Consumer;09.05.2026
C00099;Germany;Corporate;20.02.2026
C00100;Romania;Small Business;09.11.2025
C00101;Spain;Consumer;27.01.2024
C00102;Italy;Consumer;17.08.2025
C00103;France;Consumer;01.08.2023
C00104;Romania;Consumer;25.02.2024
C00105;Romania;Corporate;28.12.2023
C00106;France;Consumer;11.09.2024
C00107;Romania;Corporate;21.01.2026
C00108;Netherlands;Consumer;06.01.2026
C00109;Romania;Small Business;13.02.2026
C00110;United Kingdom;Corporate;09.04.2026
C00111;Italy;Small Business;05.02.2023
C00112;Romania;Small Business;26.06.2026
C00113;Romania;Corporate;24.01.2026
C00114;Germany;Consumer;26.07.2025
C00115;Germany;Small Business;13.04.2023
C00116;Romania;Consumer;21.07.2025
C00117;Germany;Consumer;12.05.2025
C00118;Spain;Consumer;30.04.2023
C00119;Romania;Small Business;15.09.2023
C00120;Romania;Small Business;16.08.2025
C00121;Romania;Consumer;02.08.2023
C00122;Romania;Corporate;18.03.2024
C00123;Romania;Consumer;14.02.2025
C00124;Romania;Corporate;08.01.2026
C00125;United Kingdom;Consumer;29.12.2023
C00126;Romania;Consumer;15.01.2023
C00127;Spain;Consumer;22.12.2025
C00128;Romania;Consumer;07.04.2026
C00129;Romania;Small Business;26.12.2025
C00130;France;Small Business;09.09.2024
C00131;Italy;Small Business;07.07.2025
C00132;Romania;Consumer;13.06.2023
C00133;Romania;Consumer;24.03.2025
C00134;Romania;Consumer;05.02.2025
C00135;Germany;Consumer;21.03.2025
C00136;Romania;Consumer;02.06.2025
C00137;Romania;Consumer;08.02.2026
C00138;Romania;Small Business;22.09.2025
C00139;Germany;Corporate;16.02.2023
C00140;Spain;Small Business;14.06.2025
C00141;United Kingdom;Consumer;19.07.2025
C00142;Germany;Consumer;06.03.2025
C00143;Romania;Consumer;15.04.2023
C00144;Romania;Consumer;30.11.2023
C00145;Romania;Consumer;06.01.2026
C00146;France;Corporate;03.01.2023
C00147;Italy;Consumer;08.06.2026
C00148;Spain;Consumer;12.10.2023
C00149;Netherlands;Consumer;19.09.2025
C00150;Netherlands;Corporate;08.10.2023
C00151;Spain;Consumer;14.02.2023
C00152;Romania;Small Business;10.02.2025
C00153;Romania;Consumer;22.08.2025
C00154;Romania;Consumer;19.04.2023
C00155;Germany;Small Business;11.12.2023
C00156;Romania;Consumer;24.01.2024
C00157;Italy;Small Business;12.05.2026
C00158;United Kingdom;Consumer;31.01.2024
C00159;Germany;Consumer;23.03.2023
C00160;Romania;Consumer;11.06.2026
C00161;Romania;Small Business;28.04.2023
C00162;Romania;Small Business;13.09.2024
C00163;Italy;Small Business;20.08.2023
C00164;Germany;Consumer;19.11.2023
C00165;France;Consumer;19.08.2025
C00166;Romania;Consumer;23.06.2023
C00167;Romania;Consumer;23.12.2024
C00168;Romania;Consumer;16.07.2025
C00169;France;Corporate;24.07.2023
C00170;France;Consumer;27.03.2024
C00171;Romania;Consumer;05.01.2023
C00172;Spain;Corporate;27.01.2026
C00173;Romania;Consumer;16.06.2026
C00174;Italy;Small Business;23.07.2024
C00175;Romania;Consumer;07.11.2024
C00176;Romania;Consumer;21.06.2023
C00177;Italy;Consumer;22.01.2026
C00178;Romania;Consumer;06.09.2025
C00179;Romania;Small Business;27.05.2023
C00180;Romania;Consumer;06.11.2024
C00181;Romania;Consumer;08.08.2023
C00182;United Kingdom;Consumer;27.01.2025
C00183;Italy;Consumer;18.04.2025
C00184;Italy;Consumer;06.05.2024
C00185;Romania;Small Business;17.07.2024
C00186;Germany;Consumer;25.06.2025
C00187;Romania;Consumer;18.07.2023
C00188;Romania;Consumer;15.02.2023
C00189;Romania;Consumer;15.06.2024
C00190;Spain;Consumer;18.09.2024
C00191;Italy;Small Business;01.01.2024
C00192;France;Small Business;29.06.2024
C00193;Germany;Small Business;11.05.2023
C00194;Germany;Consumer;10.08.2025
C00195;Germany;Consumer;04.09.2025
C00196;Germany;Small Business;06.12.2023
C00197;Romania;Consumer;11.04.2025
C00198;Romania;Consumer;26.10.2023
C00199;Romania;Corporate;19.05.2024
C00200;Spain;Consumer;13.02.2024
C00201;Germany;Small Business;23.05.2026
C00202;Spain;Consumer;05.09.2024
C00203;Romania;Consumer;18.03.2025
C00204;Germany;Consumer;25.09.2023
C00205;Romania;Consumer;29.03.2026
C00206;Romania;Consumer;23.05.2025
C00207;Romania;Small Business;15.05.2023
C00208;Romania;Small Business;28.02.2024
C00209;Spain;Consumer;07.10.2024
C00210;Romania;Consumer;18.10.2025
C00211;Germany;Consumer;12.12.2024
C00212;Romania;Consumer;11.12.2024
C00213;Romania;Small Business;25.04.2024
C00214;Germany;Consumer;13.12.2025
C00215;Romania;Corporate;13.06.2025
C00216;Netherlands;Consumer;19.06.2025
C00217;France;Consumer;17.04.2025
C00218;France;Small Business;28.04.2025
C00219;Romania;Consumer;23.08.2025
C00220;Romania;Consumer;26.10.2023
C00221;Spain;Consumer;29.10.2024
C00222;Romania;Small Business;17.06.2023
C00223;Romania;Consumer;13.04.2024
C00224;Romania;Consumer;07.01.2024
C00225;France;Consumer;14.09.2023
C00226;United Kingdom;Consumer;29.11.2024
C00227;France;Corporate;11.07.2024
C00228;France;Consumer;02.08.2024
C00229;Romania;Consumer;18.01.2026
C00230;Spain;Consumer;06.04.2024
C00231;Romania;Consumer;04.06.2023
C00232;United Kingdom;Corporate;06.10.2025
C00233;Romania;Consumer;02.10.2023
C00234;Netherlands;Small Business;27.05.2026
C00235;Romania;Consumer;28.04.2025
C00236;Romania;Small Business;23.11.2023
C00237;Romania;Consumer;03.01.2025
C00238;Romania;Consumer;04.04.2026
C00239;Romania;Consumer;15.03.2026
C00240;United Kingdom;Consumer;21.05.2024
C00241;Romania;Corporate;07.02.2023
C00242;Spain;Small Business;12.04.2023
C00243;Romania;Consumer;25.01.2026
C00244;United Kingdom;Consumer;23.04.2025
C00245;Romania;Small Business;14.07.2025
C00246;United Kingdom;Consumer;09.07.2025
C00247;Germany;Consumer;16.09.2025
C00248;Romania;Small Business;11.10.2024
C00249;Spain;Consumer;28.04.2024
C00250;Romania;Consumer;28.10.2023
C00251;Romania;Consumer;28.01.2024
C00252;United Kingdom;Consumer;15.08.2025
C00253;Italy;Small Business;19.01.2023
C00254;Romania;Small Business;05.07.2023
C00255;Romania;Corporate;01.10.2025
C00256;Italy;Consumer;07.04.2025
C00257;France;Small Business;26.07.2023
C00258;Netherlands;Corporate;16.02.2023
C00259;Germany;Consumer;16.10.2023
C00260;United Kingdom;Corporate;01.06.2023
C00261;Romania;Corporate;19.12.2023
C00262;Spain;Small Business;28.11.2025
C00263;Romania;Corporate;14.01.2026
C00264;France;Consumer;01.01.2024
C00265;Romania;Consumer;03.01.2024
C00266;Germany;Corporate;20.11.2025
C00267;United Kingdom;Small Business;27.06.2024
C00268;Germany;Consumer;30.09.2023
C00269;Spain;Consumer;11.08.2025
C00270;Romania;Consumer;18.09.2024
C00271;United Kingdom;Small Business;12.02.2026
C00272;Romania;Consumer;24.01.2026
C00273;Romania;Consumer;06.10.2025
C00274;Romania;Consumer;25.05.2026
C00275;Romania;Consumer;14.11.2024
C00276;Romania;Corporate;29.11.2024
C00277;United Kingdom;Consumer;03.01.2023
C00278;United Kingdom;Consumer;03.08.2023
C00279;United Kingdom;Consumer;21.07.2023
C00280;Romania;Small Business;21.03.2026
C00281;Romania;Consumer;20.11.2023
C00282;Romania;Consumer;04.03.2025
C00283;France;Consumer;11.06.2024
C00284;Italy;Corporate;03.09.2025
C00285;Romania;Small Business;07.04.2024
C00286;United Kingdom;Small Business;11.04.2026
C00287;Romania;Consumer;18.10.2024
C00288;Romania;Corporate;08.11.2023
C00289;Romania;Small Business;09.06.2024
C00290;Romania;Consumer;10.04.2024
C00291;United Kingdom;Corporate;15.07.2025
C00292;Spain;Small Business;18.02.2024
C00293;Romania;Small Business;08.03.2023
C00294;Germany;Small Business;27.09.2025
C00295;United Kingdom;Consumer;23.06.2026
C00296;Spain;Consumer;17.11.2023
C00297;United Kingdom;Consumer;11.12.2025
C00298;Romania;Consumer;20.02.2023
C00299;United Kingdom;Consumer;03.03.2024
C00300;Romania;Consumer;15.01.2023
C00301;Netherlands;Corporate;21.05.2024
C00302;Romania;Consumer;16.02.2025
C00303;United Kingdom;Small Business;14.05.2026
C00304;Romania;Consumer;08.12.2025
C00305;Romania;Consumer;09.04.2026
C00306;;Consumer;12.04.2025
C00307;United Kingdom;Consumer;16.05.2024
C00308;Romania;Consumer;02.03.2026
C00309;Spain;Consumer;18.03.2023
C00310;Italy;Small Business;05.11.2025
C00311;Romania;Consumer;14.06.2026
C00312;Germany;Consumer;29.01.2023
C00313;Germany;Consumer;14.04.2025
C00314;United Kingdom;Consumer;22.01.2026
C00315;Romania;Consumer;03.06.2025
C00316;Romania;Consumer;30.05.2026
C00317;Spain;Small Business;25.03.2025
C00318;Spain;Small Business;10.11.2025
C00319;Italy;Small Business;30.03.2023
C00320;Netherlands;Small Business;12.12.2024
C00321;France;Consumer;10.05.2026
C00322;France;Consumer;23.08.2024
C00323;France;Consumer;07.11.2025
C00324;Germany;Consumer;03.08.2025
C00325;Romania;Consumer;11.12.2023
C00326;Romania;Consumer;19.04.2024
C00327;United Kingdom;Corporate;18.09.2024
C00328;Romania;Consumer;01.07.2024
C00329;Romania;Consumer;29.01.2025
C00330;Germany;Corporate;12.04.2025
C00331;Romania;Consumer;11.06.2024
C00332;Romania;Consumer;27.03.2025
C00333;France;Consumer;21.04.2025
C00334;Italy;Consumer;24.05.2026
C00335;Romania;Corporate;07.11.2025
C00336;Romania;Small Business;19.12.2024
C00337;Romania;Consumer;14.08.2023
C00338;France;Consumer;14.02.2024
C00339;Italy;Consumer;27.02.2024
C00340;Romania;Consumer;02.01.2024
C00341;France;Consumer;22.04.2026
C00342;Romania;Consumer;12.11.2024
C00343;Romania;Small Business;16.06.2026
C00344;Netherlands;Small Business;02.06.2023
C00345;Romania;Corporate;28.06.2025
C00346;Romania;Small Business;20.01.2025
C00347;Romania;Consumer;31.08.2025
C00348;United Kingdom;Small Business;12.05.2024
C00349;Spain;;24.10.2024
C00350;Netherlands;Consumer;25.03.2024
C00351;Romania;Consumer;08.06.2025
C00352;Romania;Consumer;03.09.2023
C00353;France;Corporate;22.04.2025
C00354;Romania;Corporate;24.09.2024
C00355;Italy;Small Business;14.10.2025
C00356;United Kingdom;Consumer;18.02.2023
C00357;Romania;Corporate;21.08.2023
C00358;Italy;Consumer;13.02.2025
C00359;Romania;Consumer;21.04.2024
C00360;Romania;Consumer;31.12.2023
C00361;Germany;Small Business;05.04.2026
C00362;Germany;Small Business;28.02.2026
C00363;United Kingdom;Consumer;28.04.2023
C00364;United Kingdom;Consumer;02.11.2024
C00365;Netherlands;Consumer;30.04.2025
C00366;Netherlands;Consumer;23.09.2025
C00367;Germany;Small Business;16.09.2023
C00368;Romania;Consumer;22.12.2025
C00369;United Kingdom;Consumer;16.04.2025
C00370;Netherlands;Consumer;26.01.2026
C00371;Romania;Small Business;18.05.2025
C00372;Romania;Small Business;15.01.2026
C00373;Romania;Consumer;07.02.2023
C00374;Romania;Consumer;15.10.2023
C00375;United Kingdom;Corporate;10.11.2024
C00376;Romania;Consumer;23.01.2024
C00377;France;Consumer;10.09.2023
C00378;Italy;Consumer;22.06.2025
C00379;Italy;Corporate;20.06.2026
C00380;Romania;Small Business;17.11.2024
C00381;Romania;Consumer;15.02.2025
C00382;France;Consumer;16.02.2025
C00383;France;Consumer;16.06.2024
C00384;Germany;Consumer;14.05.2025
C00385;Italy;Consumer;26.10.2025
C00386;Romania;Consumer;26.05.2023
C00387;Italy;Consumer;18.12.2023
C00388;Romania;Consumer;08.10.2025
C00389;Romania;Consumer;24.03.2025
C00390;Germany;Consumer;07.05.2025
C00391;Romania;Small Business;08.03.2025
C00392;Romania;Consumer;10.11.2024
C00393;Romania;Small Business;09.11.2025
C00394;Romania;Corporate;04.06.2025
C00395;France;Corporate;30.11.2025
C00396;Romania;Consumer;22.09.2023
C00397;United Kingdom;Consumer;24.06.2025
C00398;Italy;Consumer;31.03.2023
C00399;Romania;Consumer;28.07.2023
C00400;Romania;Consumer;13.05.2024
C00401;Italy;Consumer;29.06.2026
C00402;Italy;Consumer;18.04.2024
C00403;Germany;Small Business;01.07.2024
C00404;France;Consumer;06.09.2025
C00405;Romania;Corporate;15.10.2025
C00406;Romania;Small Business;06.05.2025
C00407;France;Consumer;08.02.2023
C00408;Romania;Consumer;17.01.2026
C00409;France;Consumer;29.11.2023
C00410;Germany;Corporate;05.10.2024
C00411;France;Small Business;22.07.2025
C00412;Romania;Small Business;04.01.2024
C00413;Romania;Small Business;24.05.2025
C00414;Romania;Consumer;05.10.2024
C00415;Romania;Corporate;19.07.2023
C00416;France;Corporate;02.10.2023
C00417;Romania;Small Business;31.08.2025
C00418;Romania;Consumer;19.03.2023
C00419;Romania;Consumer;02.05.2024
C00420;Romania;Consumer;29.09.2024
C00421;Italy;Consumer;04.05.2024
C00422;Romania;Consumer;11.06.2024
C00423;Netherlands;Small Business;25.05.2026
C00424;Romania;Corporate;11.02.2023
C00425;ROMANIA;Consumer;06.06.2026
C00426;Romania;Consumer;09.07.2025
C00427;Romania;Consumer;17.03.2026
C00428;Italy;Corporate;02.04.2025
C00429;Netherlands;Small Business;19.04.2026
C00430;Italy;Consumer;05.04.2023
C00431;Romania;Consumer;05.07.2025
C00432;Romania;Consumer;24.06.2025
C00433;United Kingdom;Consumer;03.04.2026
C00434;Romania;Consumer;16.04.2023
C00435;France;Consumer;10.10.2024
C00436;Germany;Consumer;22.10.2024
C00437;Germany;Consumer;01.05.2023
C00438;Italy;Consumer;04.03.2025
C00439;United Kingdom;Small Business;05.09.2024
C00440;Romania;Consumer;28.09.2024
C00441;Romania;Consumer;11.08.2025
C00442;Germany;Corporate;25.04.2025
C00443;Germany;Consumer;14.05.2026
C00444;Romania;Consumer;09.03.2024
C00445;Romania;Consumer;12.09.2024
C00446;France;Small Business;03.02.2024
C00447;Italy;Consumer;12.03.2024
C00448;Germany;Consumer;28.03.2026
C00449;Romania;Consumer;13.07.2023
C00450;Romania;Small Business;14.10.2024
C00451;Germany;Small Business;24.08.2024
C00452;Romania;Small Business;21.04.2023
C00453;Germany;Consumer;15.09.2023
C00454;United Kingdom;Consumer;14.12.2023
C00455;Romania;Consumer;23.08.2024
C00456;Romania;Consumer;15.06.2024
C00457;Romania;Consumer;26.01.2025
C00458;Italy;Consumer;25.04.2024
C00459;United Kingdom;Small Business;25.09.2025
C00460;Romania;Consumer;12.04.2024
C00461;Italy;Consumer;24.12.2025
C00462;Romania;Corporate;29.06.2026
C00463;Romania;Small Business;02.05.2025
C00464;Spain;Consumer;10.05.2023
C00465;Romania;Corporate;14.02.2026
C00466;Romania;Consumer;08.11.2025
C00467;Germany;Small Business;12.12.2024
C00468;Romania;Consumer;09.03.2024
C00469;United Kingdom;Consumer;25.06.2025
C00470;Romania;Corporate;24.02.2025
C00471;Romania;Consumer;03.04.2025
C00472;Romania;Small Business;18.11.2025
C00473;Romania;Consumer;19.05.2026
C00474;Romania;Consumer;17.08.2025
C00475;Romania;Corporate;10.02.2024
C00476;Italy;Consumer;25.02.2026
C00477;Romania;Small Business;20.11.2025
C00478;Romania;Small Business;26.08.2024
C00479;Romania;Consumer;18.03.2023
C00480;Romania;Consumer;01.05.2026
C00481;Romania;Consumer;20.11.2024
C00482;United Kingdom;Consumer;25.05.2024
C00483;Romania;Consumer;13.02.2025
C00484;Italy;Consumer;31.03.2023
C00485;Spain;Small Business;19.11.2025
C00486;Romania;Consumer;25.11.2023
C00487;Romania;Small Business;13.12.2024
C00488;Romania;Consumer;27.04.2025
C00489;United Kingdom;Consumer;19.01.2023
C00490;Romania;Consumer;11.01.2025
C00491;Italy;Consumer;20.07.2023
C00492;France;Consumer;02.05.2026
C00493;France;Consumer;17.09.2024
C00494;Germany;Small Business;07.03.2025
C00495;Netherlands;Small Business;19.07.2023
C00496;Romania;Consumer;31.07.2023
C00497;Romania;Small Business;08.05.2026
C00498;Romania;Corporate;03.01.2025
C00499;Spain;Consumer;17.10.2023
C00500;Germany;Corporate;26.04.2025
C00501;France;Consumer;13.02.2026
C00502;Romania;Small Business;01.09.2025
C00503;Netherlands;Consumer;25.05.2024
C00504;Germany;Small Business;22.04.2025
C00505;Germany;Small Business;16.02.2026
C00506;Netherlands;Corporate;16.11.2023
C00507;Romania;Corporate;05.10.2025
C00508;Romania;Consumer;26.06.2026
C00509;Germany;Small Business;16.03.2024
C00510;Romania;Consumer;07.02.2026
C00511;Romania;Consumer;29.01.2023
C00512;Romania;Consumer;21.04.2024
C00513;Romania;Corporate;19.12.2023
C00514;Italy;Small Business;07.02.2023
C00515;Germany;Consumer;08.02.2025
C00516;Romania;Corporate;05.11.2024
C00517;Romania;Small Business;28.04.2024
C00518;Romania;Consumer;08.01.2026
C00519;United Kingdom;Consumer;13.11.2023
C00520;Spain;Small Business;22.03.2025
C00521;Spain;Small Business;19.02.2026
C00522;Romania;Consumer;09.01.2023
C00523;Romania;Consumer;22.05.2026
C00524;Romania;Consumer;28.06.2025
C00525;Germany;Consumer;18.08.2025
C00526;Romania;Consumer;27.07.2023
C00527;United Kingdom;Consumer;14.02.2023
C00528;Germany;Consumer;16.02.2023
C00529;Romania;Consumer;15.06.2023
C00530;Romania;Consumer;13.07.2023
C00531;Romania;Consumer;19.05.2026
C00532;Romania;Consumer;14.09.2023
C00533;Romania;Corporate;24.10.2025
C00534;United Kingdom;Consumer;20.03.2023
C00535;Romania;Consumer;14.04.2025
C00536;Romania;Consumer;01.08.2024
C00537;Germany;Small Business;20.11.2024
C00538;France;Consumer;27.09.2025
C00539;Romania;Consumer;25.09.2023
C00540;Italy;Small Business;06.01.2023
C00541;Spain;Small Business;09.10.2023
C00542;Germany;Consumer;22.10.2025
C00543;United Kingdom;Consumer;24.01.2025
C00544;Romania;Corporate;26.03.2026
C00545;Spain;Corporate;30.11.2025
C00546;Romania;Small Business;13.07.2023
C00547;Spain;Small Business;15.03.2023
C00548;Germany;Small Business;28.01.2023
C00549;Romania;Corporate;30.08.2023
C00550;Romania;Consumer;03.09.2024
C00551;United Kingdom;Corporate;22.01.2023
C00552;Germany;Small Business;02.09.2024
C00553;Romania;Consumer;29.07.2025
C00554;France;Consumer;18.01.2026
C00555;Italy;Consumer;14.02.2023
C00556;Germany;Small Business;07.07.2024
C00557;Romania;Small Business;09.05.2025
C00558;Romania;Consumer;25.06.2026
C00559;France;Consumer;04.10.2023
C00560;ROMANIA;Consumer;12.12.2023
C00561;Italy;Consumer;17.10.2025
C00562;Romania;Consumer;13.04.2025
C00563;Germany;Consumer;15.11.2023
C00564;Romania;Consumer;22.09.2024
C00565;Romania;Consumer;31.03.2026
C00566;France;Consumer;20.09.2023
C00567;Germany;Consumer;25.02.2024
C00568;Germany;Corporate;24.02.2026
C00569;Netherlands;Small Business;08.05.2025
C00570;Netherlands;Small Business;12.10.2023
C00571;Italy;Consumer;02.01.2024
C00572;Romania;Consumer;08.12.2025
C00573;Germany;Small Business;24.12.2023
C00574;Italy;Consumer;14.06.2025
C00575;Romania;Consumer;24.09.2024
C00576;Romania;Consumer;09.10.2023
C00577;France;Small Business;14.04.2024
C00578;Germany;Consumer;26.06.2025
C00579;Germany;Consumer;20.10.2025
C00580;Netherlands;Consumer;03.02.2023
C00581;Germany;Consumer;01.03.2026
C00582;Romania;Consumer;29.10.2023
C00583;Romania;Small Business;07.04.2025
C00584;Romania;Corporate;31.12.2023
C00585;Romania;Consumer;08.12.2023
C00586;France;Consumer;08.02.2026
C00587;Italy;Consumer;13.06.2025
C00588;Romania;Consumer;14.03.2026
C00589;Romania;Small Business;27.01.2023
C00590;Italy;Small Business;12.12.2023
C00591;Romania;Consumer;04.03.2023
C00592;Germany;Small Business;28.08.2024
C00593;Romania;Consumer;12.08.2024
C00594;United Kingdom;Consumer;06.06.2026
C00595;Romania;Corporate;22.10.2023
C00596;United Kingdom;Consumer;29.04.2025
C00597;Romania;Consumer;22.06.2026
C00598;United Kingdom;Small Business;30.03.2023
C00599;Romania;Consumer;22.07.2024
C00600;Romania;Consumer;14.05.2024
C00601;Germany;Consumer;03.02.2023
C00602;Romania;Consumer;21.06.2024
C00603;Romania;Consumer;20.11.2023
C00604;Romania;Consumer;26.01.2024
C00605;Romania;Consumer;29.09.2023
C00606;Romania;Consumer;25.10.2024
C00607;Spain;Consumer;23.05.2024
C00608;Romania;Small Business;28.07.2025
C00609;France;Consumer;26.03.2024
C00610;Netherlands;Consumer;01.06.2025
C00611;Romania;Small Business;03.11.2024
C00612;United Kingdom;Consumer;24.03.2024
C00613;Italy;Consumer;16.11.2025
C00614;United Kingdom;Consumer;28.07.2025
C00615;Romania;Consumer;02.11.2024
C00616;Romania;Corporate;12.11.2024
C00617;Romania;Consumer;01.09.2025
C00618;Germany;Small Business;08.09.2025
C00619;Netherlands;Consumer;27.06.2025
C00620;Spain;Consumer;26.05.2023
C00621;Romania;Consumer;21.10.2023
C00622;United Kingdom;Consumer;31.05.2024
C00623;Romania;Consumer;04.01.2025
C00624;Spain;Small Business;18.05.2024
C00625;Romania;Consumer;23.11.2025
C00626;Spain;Small Business;24.03.2024
C00627;Italy;Corporate;25.11.2024
C00628;Romania;Consumer;09.06.2025
C00629;Romania;Corporate;26.04.2024
C00630;Italy;Consumer;11.12.2024
C00631;Romania;Consumer;16.07.2025
C00632;Germany;Consumer;07.05.2024
C00633;Spain;Consumer;23.05.2026
C00634;Germany;Consumer;15.11.2024
C00635;Romania;Consumer;30.09.2025
C00636;Romania;Small Business;17.06.2025
C00637;Romania;Consumer;05.11.2025
C00638;Netherlands;Small Business;11.05.2025
C00639;Romania;Consumer;18.11.2024
C00640;Romania;Consumer;28.08.2025
C00641;Romania;Consumer;18.08.2024
C00642;Netherlands;Consumer;22.12.2025
C00643;Romania;Consumer;02.10.2024
C00644;Italy;Small Business;01.08.2025
C00645;United Kingdom;Consumer;21.09.2023
C00646;Italy;Consumer;18.08.2023
C00647;Netherlands;Small Business;21.12.2024
C00648;Italy;Small Business;16.12.2025
C00649;Spain;Corporate;25.07.2025
C00650;Romania;Consumer;28.02.2024
C00651;France;Small Business;28.12.2025
C00652;Germany;Consumer;29.04.2025
C00653;Germany;Small Business;18.06.2026
C00654;Italy;Consumer;21.09.2025
C00655;Netherlands;Consumer;11.01.2024
C00656;United Kingdom;Corporate;24.03.2023
C00657;Germany;Small Business;11.12.2023
C00658;Romania;Consumer;14.08.2023
C00659;Romania;Consumer;21.08.2023
C00660;Romania;Small Business;28.10.2024
C00661;Romania;Consumer;09.06.2026
C00662;Romania;Consumer;08.04.2025
C00663;Romania;Consumer;28.06.2024
C00664;France;Consumer;13.11.2023
C00665;Romania;Consumer;27.09.2025
C00666;Spain;Small Business;01.12.2024
C00667;United Kingdom;Consumer;17.08.2024
C00668;Romania;Small Business;19.08.2023
C00669;Romania;Corporate;27.09.2024
C00670;Romania;Consumer;22.03.2023
C00671;Netherlands;Small Business;30.09.2023
C00672;Romania;Consumer;06.11.2025
C00673;Germany;Corporate;04.08.2023
C00674;Spain;Consumer;16.05.2023
C00675;Netherlands;Consumer;09.10.2023
C00676;Romania;Consumer;23.03.2026
C00677;Romania;Corporate;24.04.2026
C00678;Romania;Consumer;26.04.2025
C00679;Romania;Small Business;22.09.2025
C00680;Romania;Consumer;06.03.2026
C00681;Germany;Consumer;13.01.2024
C00682;Spain;Consumer;05.06.2024
C00683;Germany;Consumer;05.02.2023
C00684;United Kingdom;Consumer;01.11.2024
C00685;Romania;Consumer;05.02.2023
C00686;France;Small Business;17.08.2024
C00687;United Kingdom;Small Business;16.05.2026
C00688;Italy;Consumer;23.01.2025
C00689;Spain;Consumer;01.06.2024
C00690;Romania;Consumer;09.05.2023
C00691;Romania;Small Business;16.12.2024
C00692;Romania;Small Business;06.06.2026
C00693;Romania;Small Business;17.01.2023
C00694;Spain;Small Business;06.01.2023
C00695;Romania;Consumer;10.02.2026
C00696;France;Consumer;14.02.2025
C00697;Germany;Small Business;24.02.2025
C00698;Romania;Consumer;04.09.2024
C00699;Romania;Consumer;26.09.2024
C00700;United Kingdom;Consumer;27.05.2025
C00701;United Kingdom;Small Business;02.11.2023
C00702;Romania;Small Business;18.08.2023
C00703;Romania;Corporate;13.06.2026
C00704;United Kingdom;Consumer;12.01.2023
C00705;Romania;Consumer;30.08.2023
C00706;Spain;Consumer;19.07.2025
C00707;Romania;Small Business;26.12.2024
C00708;Romania;Consumer;16.02.2024
C00709;Germany;Corporate;28.05.2023
C00710;Germany;Consumer;13.04.2024
C00711;Germany;Small Business;13.03.2023
C00712;Romania;Small Business;07.12.2024
C00713;Netherlands;Consumer;14.09.2024
C00714;Germany;Small Business;19.03.2026
C00715;Romania;Consumer;23.10.2025
C00716;Romania;Small Business;22.08.2024
C00717;Romania;Small Business;08.11.2024
C00718;Germany;Consumer;29.05.2025
C00719;Romania;Consumer;10.01.2024
C00720;United Kingdom;Corporate;05.02.2025
C00721;Romania;Corporate;22.01.2023
C00722;Netherlands;Consumer;12.04.2026
C00723;Romania;Corporate;15.04.2026
C00724;Italy;Consumer;09.02.2026
C00725;Romania;Consumer;28.09.2023
C00726;Romania;Consumer;02.10.2025
C00727;Italy;Consumer;03.01.2025
C00728;United Kingdom;Consumer;08.06.2026
C00729;France;Small Business;21.05.2024
C00730;Romania;Consumer;05.05.2023
C00731;United Kingdom;Consumer;22.04.2026
C00732;Italy;Small Business;06.08.2023
C00733;United Kingdom;Small Business;19.02.2023
C00734;Romania;Corporate;24.05.2023
C00735;United Kingdom;Consumer;16.05.2026
C00736;United Kingdom;Small Business;08.11.2024
C00737;Netherlands;Consumer;18.05.2023
C00738;Romania;Consumer;21.05.2024
C00739;Romania;Small Business;27.06.2024
C00740;France;Consumer;19.10.2025
C00741;Germany;Small Business;08.10.2023
C00742;France;Consumer;29.05.2023
C00743;Romania;Consumer;04.07.2024
C00744;Romania;Consumer;08.06.2023
C00745;France;Consumer;30.06.2024
C00746;Romania;Consumer;27.06.2024
C00747;Romania;Consumer;13.09.2023
C00748;United Kingdom;Consumer;03.05.2023
C00749;France;Small Business;08.12.2025
C00750;Italy;Consumer;14.01.2023
C00751;Romania;Consumer;10.10.2024
C00752;Romania;Consumer;25.01.2023
C00753;Spain;Consumer;23.10.2025
C00754;Romania;Consumer;23.05.2024
C00755;Romania;Small Business;06.06.2026
C00756;Romania;Small Business;11.03.2023
C00757;Germany;Consumer;28.02.2024
C00758;Italy;Small Business;18.05.2024
C00759;France;Consumer;29.03.2023
C00760;United Kingdom;Consumer;12.07.2024
C00761;Romania;Consumer;08.08.2024
C00762;Romania;Consumer;22.07.2024
C00763;Romania;Consumer;11.11.2024
C00764;Romania;Consumer;02.09.2023
C00765;Romania;Consumer;01.11.2023
C00766;Romania;Consumer;28.09.2024
C00767;Romania;Consumer;01.04.2025
C00768;Germany;Small Business;15.05.2024
C00769;United Kingdom;Small Business;06.08.2024
C00770;Romania;Consumer;16.06.2026
C00771;Germany;Consumer;04.04.2025
C00772;France;Consumer;27.02.2023
C00773;France;Small Business;05.04.2024
C00774;France;Consumer;10.03.2023
C00775;Romania;Consumer;21.01.2026
C00776;Italy;Corporate;18.11.2025
C00777;Romania;Consumer;17.08.2024
C00778;Romania;Consumer;06.12.2023
C00779;Romania;Small Business;06.07.2025
C00780;Romania;Corporate;23.08.2023
C00781;Romania;Consumer;09.09.2025
C00782;Romania;Consumer;20.01.2026
C00783;France;Consumer;18.08.2023
C00784;Romania;Consumer;10.11.2024
C00785;Romania;Consumer;17.07.2023
C00786;Romania;Consumer;24.02.2025
C00787;Romania;Consumer;11.05.2025
C00788;Romania;Small Business;11.01.2023
C00789;Romania;Corporate;20.04.2026
C00790;Romania;Small Business;29.11.2023
C00791;France;Consumer;14.08.2024
C00792;Spain;Consumer;27.11.2023
C00793;Germany;Consumer;01.03.2026
C00794;United Kingdom;Consumer;28.08.2025
C00795;Italy;Consumer;16.06.2026
C00796;Netherlands;Small Business;06.05.2024
C00797;United Kingdom;Consumer;18.12.2024
C00798;Italy;Consumer;06.01.2025
C00799;Spain;Consumer;21.10.2023
C00800;France;Corporate;04.04.2026
C00801;Romania;Small Business;07.01.2026
C00802;Romania;Consumer;10.06.2026
C00803;Romania;Consumer;06.08.2024
C00804;Romania;Corporate;12.06.2023
C00805;Germany;Consumer;22.07.2023
C00806;Romania;Consumer;10.12.2024
C00807;Germany;Small Business;11.06.2025
C00808;Germany;Small Business;23.07.2025
C00809;Italy;Consumer;24.09.2025
C00810;Romania;Corporate;11.12.2025
C00811;Romania;Consumer;20.03.2026
C00812;France;Consumer;08.04.2024
C00813;Italy;Consumer;18.07.2025
C00814;Netherlands;Consumer;22.12.2023
C00815;Italy;Consumer;30.05.2025
C00816;Italy;Small Business;11.03.2023
C00817;Romania;Small Business;12.09.2023
C00818;Romania;Consumer;26.11.2024
C00819;Romania;Small Business;07.03.2026
C00820;Germany;Corporate;03.02.2025
C00821;Spain;Consumer;17.12.2024
C00822;Romania;Small Business;07.06.2025
C00823;Germany;Corporate;04.02.2026
C00824;;Small Business;14.01.2025
C00825;Romania;Consumer;30.07.2025
C00826;Romania;Small Business;06.06.2024
C00827;Romania;Small Business;23.06.2026
C00828;Spain;Consumer;13.09.2024
C00829;Romania;Consumer;13.02.2026
C00830;Italy;Consumer;19.05.2026
C00831;United Kingdom;Consumer;31.01.2026
C00832;Romania;Consumer;24.02.2024
C00833;Romania;Consumer;21.04.2024
C00834;France;Small Business;27.09.2025
C00835;Romania;Small Business;31.03.2026
C00836;Spain;Consumer;14.02.2025
C00837;Romania;Consumer;18.09.2025
C00838;United Kingdom;Consumer;20.07.2024
C00839;France;Consumer;29.12.2025
C00840;Romania;Consumer;12.06.2024
C00841;Romania;Consumer;04.03.2025
C00842;Netherlands;Corporate;16.11.2024
C00843;Romania;Consumer;03.12.2025
C00844;Romania;Consumer;17.10.2025
C00845;Romania;Small Business;06.12.2025
C00846;Romania;Consumer;05.06.2023
C00847;France;Consumer;10.11.2023
C00848;France;Consumer;07.03.2026
C00849;;Small Business;16.06.2023
C00850;Italy;Consumer;14.09.2025
C00851;Romania;Small Business;20.03.2025
C00852;Romania;Consumer;21.03.2024
C00853;Germany;Small Business;18.02.2023
C00854;Netherlands;Consumer;13.01.2023
C00855;Romania;Small Business;12.02.2026
C00856;Romania;Small Business;15.05.2023
C00857;Germany;Consumer;08.08.2025
C00858;France;Small Business;04.07.2023
C00859;Romania;Small Business;21.05.2024
C00860;Romania;Consumer;13.05.2023
C00861;France;Small Business;23.03.2025
C00862;Romania;Consumer;12.05.2023
C00863;Romania;Consumer;10.03.2025
C00864;Romania;Consumer;10.05.2026
C00865;Romania;Consumer;04.08.2025
C00866;Romania;Consumer;20.04.2025
C00867;Italy;Consumer;02.03.2026
C00868;United Kingdom;Consumer;13.11.2025
C00869;United Kingdom;Consumer;24.07.2025
C00870;Netherlands;Consumer;19.12.2024
C00871;Romania;Consumer;12.05.2024
C00872;Romania;Corporate;01.03.2025
C00873;Spain;Small Business;16.05.2023
C00874;Romania;Consumer;29.01.2026
C00875;United Kingdom;Consumer;03.02.2026
C00876;France;Consumer;01.12.2023
C00877;Romania;Consumer;23.08.2025
C00878;Romania;Consumer;05.06.2025
C00879;Romania;Small Business;25.12.2025
C00880;Romania;Consumer;21.02.2026
C00881;Romania;Consumer;06.08.2025
C00882;Romania;Small Business;09.04.2026
C00883;France;Consumer;19.02.2024
C00884;Spain;Small Business;20.07.2024
C00885;France;Corporate;29.12.2025
C00886;Romania;Consumer;20.12.2023
C00887;Romania;Small Business;04.10.2024
C00888;Romania;Small Business;27.07.2023
C00889;Romania;Consumer;26.11.2023
C00890;Spain;Consumer;11.05.2025
C00891;Romania;Small Business;17.11.2023
C00892;Romania;Consumer;19.10.2024
C00893;Italy;Consumer;30.07.2024
C00894;Romania;Consumer;23.02.2025
C00895;Romania;Consumer;26.11.2023
C00896;Romania;Consumer;10.09.2024
C00897;United Kingdom;Corporate;08.02.2023
C00898;France;Consumer;23.10.2024
C00899;Romania;Consumer;15.05.2023
C00900;Spain;Small Business;18.07.2025
C00901;Italy;Consumer;19.12.2025
C00902;Italy;Small Business;27.05.2024
C00903;Romania;Consumer;31.01.2026
C00904;Romania;Consumer;15.05.2024
C00905;Italy;Consumer;19.01.2026
C00906;Romania;Corporate;25.10.2024
C00907;United Kingdom;Corporate;07.12.2024
C00908;France;Consumer;05.06.2024
C00909;Romania;Consumer;08.04.2026
C00910;France;Consumer;20.06.2025
C00911;Spain;Corporate;28.09.2024
C00912;United Kingdom;Small Business;12.10.2025
C00913;Romania;Consumer;13.08.2024
C00914;Italy;Small Business;23.01.2026
C00915;Germany;Consumer;28.08.2024
C00916;France;Consumer;30.10.2025
C00917;Italy;Consumer;21.11.2023
C00918;France;Consumer;23.12.2024
C00919;Romania;Consumer;21.02.2025
C00920;Romania;Consumer;03.11.2024
C00921;Romania;Small Business;26.07.2024
C00922;Germany;Corporate;02.01.2023
C00923;Germany;Consumer;03.10.2023
C00924;Germany;Consumer;08.08.2023
C00925;Romania;Small Business;01.11.2025
C00926;France;Consumer;08.04.2023
C00927;Spain;Small Business;01.09.2025
C00928;Romania;Consumer;24.03.2024
C00929;France;Consumer;07.07.2025
C00930;United Kingdom;Small Business;03.10.2023
C00931;Germany;Consumer;15.06.2025
C00932;Romania;Consumer;19.06.2026
C00933;France;Consumer;05.10.2024
C00934;Netherlands;Small Business;13.12.2024
C00935;United Kingdom;Corporate;21.02.2025
C00936;Spain;Consumer;03.04.2024
C00937;Netherlands;Consumer;03.12.2024
C00938;Romania;Consumer;31.03.2025
C00939;United Kingdom;Small Business;01.02.2023
C00940;Romania;Consumer;01.08.2024
C00941;Netherlands;Consumer;03.11.2024
C00942;Romania;Consumer;24.09.2023
C00943;Romania;Consumer;23.08.2024
C00944;Italy;Consumer;18.05.2024
C00945;Romania;Consumer;08.12.2024
C00946;France;Consumer;01.01.2024
C00947;Romania;Consumer;19.02.2026
C00948;Netherlands;Consumer;24.03.2025
C00949;Italy;Consumer;10.03.2025
C00950;;Consumer;07.11.2025
C00951;France;Consumer;28.01.2023
C00952;Romania;Consumer;02.12.2023
C00953;Germany;Consumer;19.08.2023
C00954;United Kingdom;Consumer;03.03.2025
C00955;Italy;Consumer;12.03.2024
C00956;Romania;Consumer;23.06.2025
C00957;Romania;Small Business;17.04.2026
C00958;United Kingdom;Consumer;17.04.2024
C00959;Germany;Consumer;26.02.2024
C00960;Germany;Small Business;14.09.2024
C00961;Romania;Consumer;16.09.2024
C00962;Romania;Corporate;02.04.2024
C00963;Italy;Consumer;17.03.2024
C00964;Romania;Small Business;20.04.2024
C00965;Romania;Small Business;13.09.2024
C00966;Spain;Consumer;23.07.2024
C00967;Romania;Consumer;05.08.2024
C00968;France;Small Business;12.01.2024
C00969;Romania;Consumer;19.03.2025
C00970;Italy;Consumer;15.09.2024
C00971;France;Corporate;20.10.2023
C00972;Italy;Small Business;17.08.2025
C00973;Romania;Corporate;28.01.2026
C00974;Germany;Small Business;18.05.2024
C00975;France;Small Business;28.10.2024
C00976;ROMANIA;Small Business;07.02.2024
C00977;Romania;Consumer;06.10.2023
C00978;Romania;Small Business;17.03.2024
C00979;Spain;Consumer;27.07.2024
C00980;United Kingdom;Consumer;20.07.2024
C00981;United Kingdom;Consumer;06.02.2025
C00982;France;Consumer;19.12.2023
C00983;Germany;Corporate;24.11.2024
C00984;Romania;Consumer;18.05.2023
C00985;Romania;Consumer;23.04.2026
C00986;United Kingdom;Consumer;12.01.2024
C00987;Romania;Consumer;18.02.2024
C00988;Italy;Consumer;25.07.2023
C00989;France;Small Business;26.04.2024
C00990;Romania;Consumer;28.05.2026
C00991;Germany;Consumer;30.01.2025
C00992;Romania;Consumer;30.01.2025
C00993;Netherlands;Consumer;02.03.2024
C00994;Spain;;01.10.2025
C00995;Spain;Small Business;13.03.2024
C00996;Romania;Small Business;10.10.2025
C00997;Romania;Small Business;12.06.2026
C00998;Romania;Consumer;02.08.2023
C00999;Romania;Consumer;02.09.2025
C01000;Romania;Corporate;04.06.2023
C01001;Romania;Corporate;05.07.2025
C01002;Netherlands;Consumer;11.11.2023
C01003;Romania;Small Business;17.01.2025
C01004;Romania;Consumer;12.04.2025
C01005;Italy;Consumer;09.02.2024
C01006;Germany;Corporate;30.12.2025
C01007;France;Corporate;03.03.2026
C01008;United Kingdom;Corporate;06.10.2023
C01009;Italy;Consumer;30.07.2025
C01010;United Kingdom;Consumer;08.05.2025
C01011;Germany;Small Business;25.11.2023
C01012;United Kingdom;Small Business;07.11.2025
C01013;Romania;Consumer;25.01.2024
C01014;Romania;Consumer;23.11.2023
C01015;Romania;Consumer;25.06.2025
C01016;Romania;Consumer;02.06.2023
C01017;France;Small Business;16.03.2026
C01018;Romania;Consumer;05.05.2024
C01019;Romania;Consumer;17.09.2024
C01020;Romania;Consumer;16.05.2025
C01021;Italy;Consumer;26.01.2026
C01022;Romania;Consumer;09.09.2025
C01023;United Kingdom;Consumer;02.05.2024
C01024;Italy;Small Business;14.08.2025
C01025;Romania;Consumer;19.05.2024
C01026;France;Consumer;21.10.2024
C01027;Romania;Consumer;25.05.2025
C01028;Romania;Consumer;03.12.2024
C01029;United Kingdom;Consumer;06.03.2023
C01030;Spain;Small Business;26.02.2023
C01031;Romania;Consumer;27.06.2023
C01032;Germany;Consumer;17.04.2023
C01033;Romania;Consumer;18.07.2025
C01034;Germany;Consumer;03.09.2023
C01035;United Kingdom;Consumer;05.11.2023
C01036;United Kingdom;Consumer;06.02.2024
C01037;United Kingdom;Consumer;12.08.2023
C01038;Romania;Consumer;24.04.2023
C01039;United Kingdom;Small Business;02.09.2023
C01040;United Kingdom;Consumer;14.10.2023
C01041;United Kingdom;Corporate;18.04.2023
C01042;Romania;Consumer;26.08.2023
C01043;;Consumer;11.03.2024
C01044;Romania;Small Business;15.07.2023
C01045;Romania;Consumer;12.04.2026
C01046;Romania;Corporate;30.09.2025
C01047;Romania;Corporate;02.04.2025
C01048;France;Small Business;26.01.2025
C01049;Romania;Consumer;03.06.2025
C01050;Italy;Corporate;16.04.2026
C01051;Germany;Consumer;08.11.2024
C01052;France;Small Business;03.09.2023
C01053;Romania;Consumer;31.07.2024
C01054;Germany;Corporate;20.02.2026
C01055;United Kingdom;Small Business;16.03.2025
C01056;Spain;Consumer;20.03.2025
C01057;Germany;Corporate;03.05.2023
C01058;Germany;Small Business;30.10.2025
C01059;Germany;Corporate;01.07.2025
C01060;France;Consumer;01.04.2024
C01061;Romania;Consumer;01.03.2024
C01062;Germany;Small Business;06.01.2025
C01063;Germany;Consumer;25.08.2025
C01064;Spain;Small Business;02.10.2024
C01065;Germany;Small Business;28.12.2025
C01066;Romania;Consumer;20.09.2023
C01067;Netherlands;Small Business;30.05.2025
C01068;Romania;Consumer;18.11.2025
C01069;Romania;Small Business;21.06.2025
C01070;Romania;Small Business;01.03.2024
C01071;Romania;Consumer;14.08.2024
C01072;Romania;Consumer;18.08.2024
C01073;Romania;Consumer;29.01.2024
C01074;France;Consumer;19.06.2023
C01075;France;Small Business;27.08.2023
C01076;Romania;Consumer;25.03.2025
C01077;Germany;Consumer;14.10.2023
C01078;Romania;Consumer;06.10.2025
C01079;Spain;Small Business;08.10.2025
C01080;Romania;Small Business;07.06.2024
C01081;United Kingdom;Consumer;10.04.2024
C01082;Romania;Consumer;02.06.2026
C01083;United Kingdom;Consumer;17.01.2023
C01084;Romania;Consumer;25.11.2023
C01085;France;Consumer;31.05.2025
C01086;Romania;Small Business;19.01.2026
C01087;Spain;Consumer;08.08.2024
C01088;Germany;Consumer;09.07.2025
C01089;France;Consumer;05.10.2023
C01090;Italy;Small Business;29.03.2026
C01091;Netherlands;Consumer;13.01.2025
C01092;Romania;Consumer;03.08.2025
C01093;Romania;Small Business;13.08.2023
C01094;Romania;Consumer;23.09.2024
C01095;Romania;Small Business;17.07.2025
C01096;Germany;Small Business;11.06.2024
C01097;Netherlands;Small Business;10.05.2026
C01098;Netherlands;Consumer;24.11.2025
C01099;Germany;Consumer;14.06.2023
C01100;United Kingdom;Small Business;08.12.2025
C01101;Italy;Consumer;03.05.2024
C01102;Spain;Consumer;21.01.2025
C01103;Romania;Consumer;05.06.2024
C01104;Germany;Consumer;14.06.2025
C01105;Italy;Consumer;01.07.2024
C01106;Romania;Corporate;13.08.2024
C01107;Romania;Small Business;13.01.2025
C01108;Netherlands;Consumer;06.10.2023
C01109;Netherlands;Corporate;28.06.2024
C01110;Spain;Small Business;05.03.2023
C01111;France;Consumer;16.03.2023
C01112;Romania;Small Business;14.04.2025
C01113;Romania;Consumer;21.12.2023
C01114;Germany;Consumer;03.05.2025
C01115;Germany;Consumer;27.08.2025
C01116;Germany;Consumer;28.04.2025
C01117;United Kingdom;Consumer;21.06.2024
C01118;Romania;Consumer;18.12.2024
C01119;France;Consumer;25.09.2025
C01120;Romania;Consumer;12.03.2024
C01121;Romania;Consumer;16.06.2024
C01122;Romania;Small Business;05.11.2023
C01123;Romania;Small Business;14.09.2023
C01124;Italy;Consumer;25.03.2023
C01125;Romania;Small Business;01.04.2023
C01126;Romania;Consumer;08.07.2023
C01127;France;Consumer;08.09.2025
C01128;Germany;Consumer;12.03.2025
C01129;Romania;Consumer;23.04.2023
C01130;Romania;Consumer;07.09.2025
C01131;Romania;Small Business;04.03.2026
C01132;United Kingdom;Small Business;20.05.2026
C01133;Romania;Corporate;18.04.2023
C01134;Romania;Corporate;29.10.2024
C01135;Romania;Consumer;04.11.2025
C01136;Germany;Consumer;02.11.2023
C01137;Romania;Consumer;01.02.2025
C01138;Italy;Consumer;26.04.2023
C01139;Romania;Small Business;20.01.2024
C01140;Germany;Consumer;04.06.2026
C01141;Romania;Consumer;15.07.2025
C01142;Romania;Consumer;30.11.2023
C01143;Romania;Small Business;16.06.2026
C01144;France;Consumer;16.09.2023
C01145;Italy;Small Business;29.04.2024
C01146;Romania;Consumer;20.07.2024
C01147;Romania;Consumer;11.03.2025
C01148;Spain;Consumer;01.12.2023
C01149;Germany;Small Business;29.11.2023
C01150;Romania;Small Business;05.05.2025
C01151;Romania;Consumer;19.09.2023
C01152;United Kingdom;Consumer;01.07.2023
C01153;United Kingdom;Consumer;10.07.2023
C01154;Germany;Consumer;23.02.2024
C01155;Spain;Consumer;11.02.2023
C01156;Germany;Consumer;14.02.2023
C01157;Romania;Small Business;12.07.2025
C01158;Romania;Small Business;21.11.2024
C01159;Romania;Small Business;06.07.2023
C01160;Romania;Small Business;22.11.2023
C01161;Romania;Corporate;12.05.2025
C01162;Romania;Corporate;20.10.2025
C01163;United Kingdom;Consumer;14.01.2026
C01164;Romania;Consumer;05.10.2023
C01165;Romania;Consumer;16.12.2025
C01166;United Kingdom;Small Business;28.06.2024
C01167;United Kingdom;Consumer;17.01.2024
C01168;France;Consumer;06.01.2025
C01169;France;Consumer;08.06.2023
C01170;United Kingdom;Consumer;14.08.2024
C01171;Romania;Consumer;19.07.2024
C01172;Romania;Small Business;30.01.2025
C01173;Germany;Consumer;20.08.2023
C01174;Romania;Small Business;21.03.2023
C01175;Romania;Consumer;21.04.2024
C01176;Romania;Small Business;08.06.2026
C01177;Romania;Consumer;26.12.2024
C01178;Romania;Consumer;29.11.2024
C01179;Romania;Corporate;02.04.2025
C01180;Italy;Corporate;10.10.2024
C01181;Spain;Small Business;06.10.2023
C01182;Romania;Corporate;18.10.2023
C01183;Spain;Consumer;27.03.2025
C01184;Romania;Consumer;09.01.2026
C01185;Spain;Consumer;19.04.2025
C01186;Spain;Small Business;20.04.2026
C01187;Romania;Small Business;16.08.2023
C01188;France;Corporate;30.03.2025
C01189;Netherlands;Small Business;28.04.2023
C01190;Spain;Consumer;11.12.2024
C01191;Netherlands;Consumer;23.08.2023
C01192;Germany;Consumer;19.04.2025
C01193;Romania;Consumer;21.02.2024
C01194;Italy;Small Business;14.06.2023
C01195;United Kingdom;Consumer;10.01.2026
C01196;United Kingdom;Corporate;18.02.2026
C01197;Romania;Small Business;06.08.2023
C01198;Germany;Consumer;24.09.2023
C01199;Romania;Small Business;18.02.2023
C01200;France;Consumer;04.05.2025
C01201;Romania;Small Business;14.02.2026
C01202;United Kingdom;Consumer;11.10.2023
C01203;Italy;Consumer;30.07.2024
C01204;Romania;Consumer;19.06.2025
C01205;Germany;Consumer;18.07.2024
C01206;Romania;Small Business;19.08.2025
C01207;Netherlands;Corporate;20.08.2025
C01208;France;Small Business;03.08.2025
C01209;Romania;Consumer;30.06.2025
C01210;Romania;Corporate;01.07.2024
C01211;Romania;Consumer;17.05.2024
C01212;Romania;Consumer;13.02.2025
C01213;Spain;Small Business;17.05.2023
C01214;France;Corporate;02.02.2025
C01215;Romania;Corporate;11.02.2023
C01216;Italy;Small Business;11.02.2025
C01217;Romania;Consumer;28.09.2024
C01218;Italy;Consumer;22.01.2024
C01219;Romania;Consumer;09.10.2024
C01220;United Kingdom;Consumer;21.03.2025
C01221;Spain;Consumer;23.05.2025
C01222;Romania;Consumer;23.03.2026
C01223;United Kingdom;Consumer;06.08.2023
C01224;Netherlands;Consumer;26.02.2023
C01225;Romania;Small Business;12.04.2025
C01226;Romania;Consumer;27.07.2023
C01227;United Kingdom;Consumer;09.07.2023
C01228;Romania;Small Business;17.12.2023
C01229;Romania;Small Business;13.07.2025
C01230;Romania;Consumer;21.03.2023
C01231;France;Consumer;11.05.2024
C01232;Romania;Corporate;15.05.2023
C01233;Romania;Small Business;07.12.2025
C01234;Italy;Consumer;30.08.2025
C01235;Germany;Consumer;23.04.2023
C01236;Italy;Consumer;16.12.2023
C01237;Romania;Consumer;10.08.2024
C01238;Spain;Consumer;06.08.2024
C01239;United Kingdom;Corporate;18.08.2024
C01240;Romania;Consumer;13.01.2026
C01241;Italy;Consumer;09.10.2023
C01242;Germany;Small Business;09.06.2023
C01243;Romania;Consumer;07.05.2024
C01244;Romania;Consumer;11.09.2024
C01245;United Kingdom;Consumer;30.12.2023
C01246;Romania;Consumer;15.05.2023
C01247;Romania;Consumer;19.04.2023
C01248;Romania;Corporate;14.10.2025
C01249;Romania;Consumer;17.06.2023
C01250;Romania;Small Business;26.12.2023
C01251;Germany;Consumer;30.08.2025
C01252;Romania;Small Business;28.01.2025
C01253;Romania;Consumer;01.02.2023
C01254;United Kingdom;Small Business;06.08.2023
C01255;Romania;Consumer;24.08.2024
C01256;United Kingdom;Consumer;24.03.2024
C01257;Romania;Consumer;15.06.2026
C01258;Romania;Consumer;26.05.2023
C01259;Romania;Small Business;03.02.2023
C01260;Romania;Consumer;03.12.2024
C01261;Romania;Consumer;08.05.2026
C01262;France;Corporate;05.01.2023
C01263;Romania;Consumer;23.11.2025
C01264;Germany;Consumer;21.06.2026
C01265;Germany;Small Business;15.06.2024
C01266;Romania;Small Business;20.06.2026
C01267;Germany;Consumer;14.03.2025
C01268;Romania;Consumer;28.11.2024
C01269;Romania;Consumer;01.01.2024
C01270;Romania;Consumer;03.04.2026
C01271;France;Small Business;20.11.2023
C01272;Spain;Corporate;16.05.2024
C01273;Romania;Consumer;15.12.2025
C01274;Germany;Consumer;13.10.2024
C01275;France;Small Business;25.08.2025
C01276;Romania;Consumer;23.06.2026
C01277;France;Small Business;31.03.2025
C01278;United Kingdom;Consumer;27.07.2023
C01279;Spain;Consumer;17.08.2025
C01280;Netherlands;Small Business;04.02.2025
C01281;Romania;Corporate;12.08.2023
C01282;Romania;Consumer;22.05.2023
C01283;Germany;Small Business;06.04.2026
C01284;Romania;Consumer;16.05.2023
C01285;Romania;Consumer;03.08.2024
C01286;Netherlands;Consumer;11.06.2026
C01287;Romania;Consumer;13.01.2026
C01288;Romania;Small Business;06.12.2025
C01289;Italy;Consumer;28.07.2025
C01290;Romania;Consumer;31.08.2024
C01291;Romania;Consumer;18.02.2026
C01292;Netherlands;Small Business;27.12.2024
C01293;Romania;Corporate;20.05.2024
C01294;Romania;Consumer;18.05.2026
C01295;Romania;Consumer;17.04.2024
C01296;Spain;Corporate;17.02.2023
C01297;Romania;Consumer;28.06.2024
C01298;Germany;Small Business;05.03.2025
C01299;Romania;Consumer;02.03.2025
C01300;Romania;Small Business;14.03.2025
C01301;Spain;Consumer;18.11.2023
C01302;Germany;Consumer;10.02.2024
C01303;Netherlands;Consumer;16.05.2026
C01304;Romania;Consumer;13.08.2025
C01305;Germany;Consumer;15.05.2024
C01306;Italy;Corporate;15.03.2026
C01307;Romania;Consumer;02.09.2025
C01308;Romania;Consumer;17.11.2024
C01309;Italy;Consumer;17.10.2025
C01310;Romania;Consumer;24.04.2026
C01311;Germany;Consumer;25.12.2024
C01312;Netherlands;Consumer;10.05.2023
C01313;Romania;Small Business;03.07.2024
C01314;Romania;Small Business;18.10.2023
C01315;Romania;Consumer;11.06.2025
C01316;Romania;Small Business;22.04.2023
C01317;Romania;Consumer;19.08.2024
C01318;United Kingdom;Consumer;09.07.2024
C01319;Romania;Corporate;07.05.2024
C01320;United Kingdom;Small Business;10.03.2025
C01321;Romania;Consumer;27.11.2024
C01322;Romania;Consumer;13.09.2023
C01323;Romania;Consumer;18.10.2025
C01324;United Kingdom;Consumer;26.07.2024
C01325;Romania;Small Business;20.07.2023
C01326;Romania;Consumer;23.05.2025
C01327;Italy;Corporate;16.05.2024
C01328;Germany;Small Business;26.03.2025
C01329;Romania;Consumer;21.08.2025
C01330;Spain;Small Business;13.03.2025
C01331;Romania;Small Business;15.04.2026
C01332;Romania;Consumer;12.02.2025
C01333;Germany;Consumer;01.05.2024
C01334;Romania;Small Business;12.06.2026
C01335;Romania;Corporate;18.10.2024
C01336;France;Consumer;29.06.2025
C01337;Romania;Small Business;27.02.2024
C01338;France;Small Business;04.03.2026
C01339;Spain;Corporate;14.04.2026
C01340;ROMANIA;Consumer;29.04.2026
C01341;United Kingdom;Consumer;10.05.2024
C01342;United Kingdom;Small Business;01.01.2026
C01343;Netherlands;Consumer;07.05.2025
C01344;Romania;Consumer;02.05.2023
C01345;Romania;Consumer;16.03.2026
C01346;Germany;Consumer;06.11.2024
C01347;Germany;Small Business;10.11.2024
C01348;Romania;Consumer;01.05.2024
C01349;United Kingdom;Small Business;24.12.2025
C01350;Romania;Consumer;04.05.2023
C01351;Spain;Small Business;05.05.2024
C01352;Romania;Consumer;20.12.2024
C01353;Romania;Consumer;08.09.2023
C01354;Romania;Corporate;29.09.2023
C01355;Romania;Small Business;24.02.2025
C01356;Romania;Consumer;12.01.2025
C01357;Romania;Consumer;09.11.2025
C01358;Romania;Consumer;08.11.2025
C01359;Romania;Corporate;24.01.2023
C01360;Romania;Consumer;16.12.2025
C01361;Romania;Corporate;26.04.2026
C01362;Romania;Consumer;01.05.2023
C01363;Romania;Small Business;05.09.2025
C01364;Romania;Consumer;24.10.2023
C01365;Romania;Consumer;23.10.2025
C01366;Romania;Corporate;23.07.2024
C01367;France;Consumer;24.05.2023
C01368;Netherlands;Corporate;18.09.2023
C01369;Spain;Consumer;16.04.2026
C01370;Germany;;06.09.2025
C01371;Germany;Corporate;14.02.2023
C01372;Romania;Small Business;24.04.2026
C01373;France;Consumer;12.12.2025
C01374;France;Consumer;26.11.2024
C01375;Italy;Consumer;07.02.2023
C01376;Italy;Small Business;27.07.2023
C01377;Romania;Consumer;11.04.2024
C01378;France;Consumer;07.02.2024
C01379;France;Consumer;28.06.2025
C01380;Romania;Small Business;30.07.2025
C01381;Spain;Corporate;09.08.2023
C01382;Romania;Small Business;21.02.2026
C01383;Netherlands;Consumer;05.05.2025
C01384;France;Consumer;30.04.2025
C01385;Romania;Consumer;17.09.2025
C01386;;Small Business;17.07.2025
C01387;Romania;Consumer;03.10.2025
C01388;France;Consumer;05.01.2024
C01389;France;Consumer;26.05.2025
C01390;Germany;Corporate;29.05.2026
C01391;Italy;Consumer;20.08.2025
C01392;Romania;Consumer;04.06.2024
C01393;Romania;;17.03.2025
C01394;Romania;Corporate;10.03.2026
C01395;Romania;Consumer;16.04.2025
C01396;ROMANIA;Small Business;21.09.2025
C01397;Romania;Consumer;09.02.2026
C01398;Romania;Consumer;13.04.2024
C01399;Romania;Consumer;03.03.2024
C01400;Italy;Small Business;13.03.2024
C01401;Romania;Small Business;15.04.2024
C01402;Italy;Consumer;17.05.2025
C01403;Romania;Consumer;11.09.2024
C01404;Romania;Small Business;15.04.2026
C01405;Germany;Consumer;25.05.2025
C01406;Romania;Small Business;07.05.2025
C01407;Romania;Small Business;27.04.2026
C01408;Germany;Consumer;30.12.2025
C01409;Romania;Consumer;11.02.2023
C01410;Romania;Consumer;17.05.2026
C01411;Germany;Consumer;30.01.2026
C01412;Romania;Consumer;26.02.2024
C01413;Italy;Small Business;28.10.2023
C01414;Romania;Small Business;18.11.2024
C01415;Netherlands;Consumer;16.02.2025
C01416;France;Small Business;08.01.2025
C01417;Netherlands;Consumer;05.10.2023
C01418;Italy;Small Business;19.02.2026
C01419;Romania;Consumer;14.10.2025
C01420;Germany;Consumer;14.03.2023
C01421;Romania;Consumer;01.12.2023
C01422;France;Consumer;29.01.2026
C01423;Germany;Corporate;20.06.2025
C01424;Romania;Consumer;29.05.2024
C01425;;Consumer;10.06.2023
C01426;Romania;Consumer;03.12.2025
C01427;Germany;Consumer;16.03.2025
C01428;United Kingdom;Consumer;14.10.2024
C01429;Romania;Consumer;19.02.2025
C01430;Germany;Consumer;18.01.2025
C01431;France;Small Business;07.07.2024
C01432;Romania;Consumer;20.08.2023
C01433;Germany;Consumer;05.09.2024
C01434;Romania;Consumer;28.10.2025
C01435;United Kingdom;Corporate;10.03.2023
C01436;Romania;Small Business;28.05.2024
C01437;Spain;Consumer;13.11.2025
C01438;Italy;Small Business;09.01.2025
C01439;Romania;Consumer;01.02.2023
C01440;Romania;Consumer;15.12.2025
C01441;Germany;Small Business;10.03.2023
C01442;United Kingdom;Small Business;03.09.2024
C01443;Romania;Consumer;26.05.2023
C01444;Romania;Small Business;17.12.2023
C01445;Romania;Small Business;17.05.2024
C01446;Netherlands;Small Business;05.12.2023
C01447;Romania;Small Business;22.01.2026
C01448;Italy;Consumer;23.12.2024
C01449;Germany;Corporate;06.04.2024
C01450;Spain;Consumer;07.01.2024
C01451;Romania;Consumer;27.09.2024
C01452;Romania;Consumer;07.03.2024
C01453;Spain;Small Business;25.10.2025
C01454;Spain;Consumer;27.10.2023
C01455;Romania;Consumer;30.05.2025
C01456;Romania;Small Business;23.07.2024
C01457;Romania;Consumer;03.12.2023
C01458;Romania;Consumer;17.08.2024
C01459;Romania;Consumer;02.06.2023
C01460;Italy;Small Business;02.11.2024
C01461;Romania;Consumer;04.07.2025
C01462;United Kingdom;Consumer;26.01.2025
C01463;Romania;Consumer;20.01.2023
C01464;Romania;Corporate;20.01.2025
C01465;United Kingdom;Small Business;02.02.2023
C01466;Romania;Consumer;13.04.2024
C01467;United Kingdom;Small Business;21.03.2025
C01468;Romania;Small Business;23.02.2026
C01469;Spain;Small Business;31.05.2026
C01470;France;Consumer;30.09.2023
C01471;Italy;Consumer;27.11.2025
C01472;Romania;Small Business;30.03.2024
C01473;Romania;Consumer;12.12.2024
C01474;Romania;Consumer;10.09.2023
C01475;Germany;Consumer;17.04.2024
C01476;Romania;Consumer;04.09.2024
C01477;Romania;Consumer;31.07.2025
C01478;Romania;Consumer;22.02.2026
C01479;Romania;Small Business;14.12.2024
C01480;Romania;Small Business;22.05.2026
C01481;Romania;Consumer;22.01.2023
C01482;Romania;Consumer;31.12.2024
C01483;United Kingdom;Consumer;06.09.2025
C01484;Romania;Consumer;02.05.2025
C01485;Romania;Small Business;21.06.2024
C01486;Germany;Consumer;06.02.2025
C01487;France;Small Business;28.06.2025
C01488;Romania;Corporate;04.07.2023
C01489;Germany;Consumer;28.03.2023
C01490;Netherlands;Small Business;08.02.2024
C01491;Germany;Consumer;30.11.2023
C01492;Spain;Consumer;04.01.2024
C01493;France;Consumer;25.03.2026
C01494;Romania;Consumer;27.05.2025
C01495;Romania;Small Business;30.03.2024
C01496;United Kingdom;Consumer;11.02.2025
C01497;Netherlands;Consumer;23.07.2023
C01498;Romania;Consumer;22.08.2023
C01499;Romania;Consumer;06.05.2023
C01500;Germany;Small Business;28.06.2024
C01501;Romania;Consumer;28.02.2025
C01502;France;Consumer;10.10.2024
C01503;Germany;Consumer;13.12.2024
C01504;United Kingdom;Small Business;28.07.2023
C01505;Italy;Small Business;06.04.2025
C01506;United Kingdom;Consumer;06.12.2024
C01507;United Kingdom;Consumer;07.05.2026
C01508;France;Consumer;12.11.2023
C01509;Italy;Small Business;18.03.2023
C01510;Italy;Consumer;03.08.2024
C01511;Romania;Consumer;10.09.2023
C01512;Germany;Corporate;12.08.2023
C01513;Romania;Consumer;26.10.2023
C01514;Italy;Consumer;17.05.2025
C01515;United Kingdom;Consumer;28.06.2024
C01516;Romania;Consumer;20.01.2026
C01517;Romania;Corporate;04.06.2023
C01518;Romania;Corporate;04.04.2026
C01519;United Kingdom;Consumer;06.06.2024
C01520;Romania;Corporate;12.11.2024
C01521;Romania;Consumer;07.11.2025
C01522;Italy;Consumer;19.09.2024
C01523;France;Small Business;28.07.2023
C01524;Romania;Consumer;03.11.2023
C01525;Romania;Consumer;15.03.2026
C01526;Netherlands;Consumer;31.03.2023
C01527;United Kingdom;Consumer;08.03.2026
C01528;United Kingdom;Corporate;11.05.2025
C01529;Romania;Consumer;16.10.2024
C01530;Romania;Consumer;08.02.2024
C01531;Romania;Corporate;02.01.2026
C01532;United Kingdom;Consumer;11.02.2023
C01533;Romania;Consumer;26.06.2025
C01534;Romania;Consumer;25.09.2023
C01535;United Kingdom;Consumer;31.03.2024
C01536;Spain;Consumer;23.03.2023
C01537;France;Consumer;17.12.2024
C01538;Romania;Consumer;08.07.2023
C01539;Germany;Consumer;29.05.2023
C01540;Romania;Small Business;24.02.2024
C01541;Romania;Corporate;24.09.2024
C01542;Germany;Consumer;20.04.2026
C01543;Romania;Corporate;25.11.2025
C01544;Germany;Small Business;26.05.2024
C01545;Italy;Corporate;16.01.2025
C01546;Netherlands;Small Business;09.09.2025
C01547;Romania;Consumer;02.05.2024
C01548;Romania;Consumer;06.09.2025
C01549;Romania;Corporate;26.04.2025
C01550;Romania;Consumer;16.06.2025
C01551;Romania;Small Business;31.05.2026
C01552;Romania;Small Business;25.04.2024
C01553;France;Consumer;28.03.2023
C01554;Germany;Consumer;15.11.2024
C01555;Spain;Corporate;26.02.2024
C01556;Romania;Consumer;17.03.2023
C01557;Romania;;18.07.2023
C01558;Romania;Corporate;11.11.2024
C01559;Romania;Consumer;06.05.2026
C01560;Romania;Consumer;07.03.2024
C01561;Netherlands;Consumer;27.11.2024
C01562;Romania;Small Business;15.08.2023
C01563;Romania;Consumer;15.06.2023
C01564;Germany;Consumer;25.09.2025
C01565;Germany;Consumer;20.02.2025
C01566;Germany;Consumer;30.08.2023
C01567;Romania;Consumer;30.09.2024
C01568;Italy;Consumer;10.01.2025
C01569;Romania;Small Business;17.03.2023
C01570;Romania;Consumer;19.01.2024
C01571;United Kingdom;Small Business;08.01.2026
C01572;Italy;Corporate;07.04.2024
C01573;Romania;Consumer;23.06.2025
C01574;Germany;Consumer;11.02.2025
C01575;Romania;Consumer;07.01.2023
C01576;Romania;Consumer;24.04.2026
C01577;Romania;Consumer;09.05.2026
C01578;United Kingdom;Consumer;02.05.2025
C01579;Romania;Consumer;23.07.2023
C01580;United Kingdom;Consumer;13.12.2025
C01581;Romania;Consumer;01.01.2023
C01582;Italy;Small Business;12.10.2024
C01583;Italy;Consumer;29.06.2024
C01584;Romania;Consumer;09.06.2025
C01585;Romania;Consumer;29.06.2023
C01586;Romania;Consumer;21.01.2026
C01587;Italy;Consumer;28.12.2024
C01588;Romania;Consumer;02.02.2024
C01589;Germany;Consumer;25.05.2025
C01590;Romania;Consumer;25.08.2023
C01591;France;Corporate;14.01.2024
C01592;Germany;Consumer;11.06.2026
C01593;Germany;Consumer;27.01.2026
C01594;Netherlands;Consumer;29.02.2024
C01595;Romania;Small Business;09.12.2024
C01596;Italy;Corporate;13.06.2024
C01597;Romania;Consumer;14.09.2023
C01598;Romania;Consumer;11.01.2024
C01599;Italy;Consumer;18.05.2023
C01600;United Kingdom;Small Business;03.12.2025
C01601;United Kingdom;Consumer;11.11.2023
C01602;Romania;Corporate;09.09.2023
C01603;Romania;Consumer;12.06.2023
C01604;Romania;Consumer;05.05.2026
C01605;Germany;Consumer;29.01.2026
C01606;Romania;Consumer;10.06.2024
C01607;Romania;Consumer;22.08.2023
C01608;Romania;Small Business;28.06.2023
C01609;Romania;Consumer;30.12.2025
C01610;Romania;Consumer;16.07.2024
C01611;Romania;Small Business;07.01.2025
C01612;Italy;Corporate;08.06.2023
C01613;Germany;Small Business;16.11.2025
C01614;Romania;Small Business;22.10.2024
C01615;United Kingdom;Consumer;31.03.2023
C01616;Italy;Corporate;08.04.2023
C01617;Romania;Consumer;14.05.2026
C01618;Romania;Corporate;14.03.2023
C01619;Romania;Small Business;18.01.2024
C01620;Romania;Consumer;17.01.2023
C01621;France;Consumer;16.03.2023
C01622;Netherlands;Small Business;03.11.2025
C01623;Romania;Small Business;02.09.2025
C01624;France;Consumer;27.02.2024
C01625;Romania;Corporate;16.08.2023
C01626;Germany;Consumer;14.11.2023
C01627;France;Consumer;24.03.2024
C01628;Romania;Consumer;17.09.2025
C01629;Romania;Consumer;20.07.2024
C01630;Germany;Consumer;29.03.2023
C01631;Netherlands;Corporate;15.09.2023
C01632;Romania;Consumer;28.09.2023
C01633;Romania;Small Business;16.09.2024
C01634;Romania;Small Business;05.01.2026
C01635;Germany;Consumer;22.06.2024
C01636;Germany;Small Business;24.02.2024
C01637;France;Small Business;12.12.2024
C01638;France;Consumer;07.04.2023
C01639;Italy;Consumer;18.07.2025
C01640;France;Consumer;12.03.2023
C01641;Romania;Consumer;26.03.2024
C01642;Germany;Consumer;30.04.2026
C01643;Romania;Consumer;31.05.2024
C01644;Romania;Corporate;12.08.2025
C01645;Spain;Small Business;14.12.2023
C01646;United Kingdom;Small Business;23.12.2025
C01647;Netherlands;Corporate;09.03.2024
C01648;Romania;Consumer;18.10.2023
C01649;Germany;Consumer;07.03.2023
C01650;Germany;Small Business;27.01.2024
C01651;Romania;Consumer;10.01.2025
C01652;Romania;Consumer;09.08.2023
C01653;Germany;Small Business;18.03.2024
C01654;Romania;Consumer;02.07.2025
C01655;Spain;Consumer;31.01.2025
C01656;Romania;Consumer;23.02.2023
C01657;Romania;Consumer;16.02.2023
C01658;France;Consumer;18.03.2023
C01659;Romania;Consumer;26.02.2024
C01660;Spain;Small Business;30.12.2023
C01661;United Kingdom;Corporate;30.05.2023
C01662;Romania;Consumer;13.07.2024
C01663;United Kingdom;Consumer;24.01.2025
C01664;United Kingdom;Consumer;04.06.2025
C01665;France;Consumer;24.06.2026
C01666;Italy;Consumer;02.06.2025
C01667;United Kingdom;Consumer;11.06.2026
C01668;Germany;Consumer;27.05.2026
C01669;Romania;Consumer;16.12.2025
C01670;United Kingdom;Consumer;24.03.2024
C01671;Spain;Small Business;25.02.2023
C01672;Germany;Consumer;17.03.2023
C01673;United Kingdom;Consumer;15.01.2026
C01674;Romania;Consumer;03.01.2026
C01675;France;Small Business;30.01.2024
C01676;Netherlands;Consumer;21.07.2025
C01677;Romania;Consumer;02.08.2024
C01678;Romania;Consumer;28.03.2023
C01679;Germany;Small Business;14.04.2025
C01680;Germany;Small Business;17.04.2023
C01681;Germany;Consumer;16.06.2023
C01682;Romania;Consumer;31.08.2024
C01683;Romania;Consumer;31.03.2023
C01684;Germany;Consumer;11.03.2024
C01685;Germany;Consumer;18.08.2025
C01686;United Kingdom;Consumer;30.01.2025
C01687;United Kingdom;Consumer;12.03.2023
C01688;United Kingdom;Corporate;07.10.2023
C01689;France;Consumer;21.06.2026
C01690;United Kingdom;Consumer;09.05.2026
C01691;Germany;Corporate;18.03.2026
C01692;Germany;Small Business;15.10.2024
C01693;Romania;Consumer;03.07.2024
C01694;Romania;Small Business;15.08.2025
C01695;Germany;Consumer;05.05.2026
C01696;Italy;Small Business;10.06.2023
C01697;United Kingdom;Consumer;16.02.2026
C01698;Romania;Corporate;26.02.2025
C01699;Germany;Consumer;29.06.2023
C01700;Romania;Consumer;08.01.2026
C01701;France;Consumer;11.02.2023
C01702;Italy;Consumer;30.01.2023
C01703;Germany;Consumer;14.04.2024
C01704;Germany;Small Business;20.11.2024
C01705;Romania;Consumer;29.06.2024
C01706;Romania;Corporate;11.11.2023
C01707;Italy;Consumer;18.04.2025
C01708;United Kingdom;Consumer;02.09.2024
C01709;Germany;Consumer;02.06.2023
C01710;Romania;Consumer;07.11.2025
C01711;Romania;Small Business;30.01.2024
C01712;Romania;Small Business;30.05.2025
C01713;Romania;Consumer;23.03.2024
C01714;Romania;Consumer;20.08.2025
C01715;Spain;Consumer;26.12.2023
C01716;Germany;Consumer;28.09.2023
C01717;Romania;Consumer;05.04.2023
C01718;Romania;Consumer;28.11.2025
C01719;Romania;Consumer;09.07.2025
C01720;France;Corporate;22.02.2025
C01721;Romania;Consumer;14.02.2025
C01722;France;Consumer;30.03.2023
C01723;France;Consumer;09.06.2024
C01724;Romania;Consumer;05.01.2026
C01725;Germany;Small Business;05.01.2024
C01726;Spain;Small Business;13.03.2023
C01727;Romania;Small Business;07.12.2025
C01728;Romania;Small Business;06.02.2023
C01729;Spain;Consumer;28.05.2025
C01730;Italy;Consumer;29.11.2025
C01731;Germany;Consumer;09.08.2025
C01732;Germany;Corporate;17.01.2023
C01733;Romania;Small Business;17.02.2026
C01734;France;Consumer;23.04.2023
C01735;Germany;Consumer;22.12.2025
C01736;Romania;Consumer;22.01.2023
C01737;United Kingdom;Corporate;18.09.2024
C01738;Spain;Consumer;28.01.2026
C01739;Italy;Consumer;02.12.2023
C01740;Romania;Consumer;27.02.2023
C01741;Romania;Consumer;24.04.2023
C01742;Spain;Consumer;20.04.2024
C01743;Spain;Consumer;04.04.2024
C01744;Germany;Small Business;04.10.2023
C01745;United Kingdom;Consumer;06.08.2024
C01746;Romania;Small Business;11.03.2024
C01747;Romania;Consumer;23.01.2025
C01748;Romania;Consumer;06.01.2024
C01749;Romania;Consumer;06.02.2024
C01750;Romania;Consumer;06.02.2026
C01751;Italy;Consumer;28.09.2025
C01752;Romania;Consumer;07.09.2025
C01753;Romania;Consumer;29.04.2024
C01754;Germany;Consumer;03.02.2026
C01755;Romania;Small Business;11.03.2024
C01756;Romania;Consumer;07.07.2025
C01757;Germany;Consumer;16.08.2025
C01758;Romania;Consumer;26.02.2024
C01759;United Kingdom;Consumer;24.02.2025
C01760;Spain;Small Business;26.08.2023
C01761;Romania;Consumer;05.05.2024
C01762;Spain;Corporate;06.11.2024
C01763;Spain;Small Business;29.04.2025
C01764;Italy;Consumer;27.06.2025
C01765;United Kingdom;Consumer;31.03.2025
C01766;United Kingdom;Small Business;07.01.2026
C01767;United Kingdom;Small Business;19.02.2023
C01768;United Kingdom;Consumer;17.10.2024
C01769;Romania;;28.06.2025
C01770;Spain;Consumer;22.06.2024
C01771;Germany;Small Business;18.01.2024
C01772;France;Small Business;12.01.2025
C01773;Romania;Consumer;12.08.2024
C01774;Romania;Consumer;02.07.2024
C01775;Germany;Small Business;02.06.2026
C01776;Germany;Corporate;23.06.2024
C01777;Romania;Consumer;03.10.2023
C01778;Romania;Consumer;22.01.2023
C01779;Romania;Consumer;31.05.2023
C01780;Germany;Consumer;16.11.2024
C01781;Romania;Consumer;25.09.2023
C01782;Netherlands;Consumer;20.05.2023
C01783;Romania;Small Business;24.03.2024
C01784;Romania;Consumer;03.11.2023
C01785;Romania;Consumer;15.11.2024
C01786;Germany;Consumer;13.03.2023
C01787;Germany;Consumer;04.06.2026
C01788;United Kingdom;Consumer;08.03.2026
C01789;Spain;Consumer;14.01.2026
C01790;Romania;Consumer;07.08.2023
C01791;United Kingdom;Consumer;01.07.2025
C01792;Romania;Small Business;18.01.2023
C01793;Romania;Small Business;08.07.2025
C01794;Romania;Consumer;14.10.2025
C01795;Romania;Consumer;29.12.2023
C01796;United Kingdom;Consumer;14.08.2024
C01797;United Kingdom;Small Business;30.03.2026
C01798;France;Small Business;10.09.2023
C01799;Germany;Consumer;19.11.2024
C01800;Germany;Consumer;23.01.2024
C01801;Romania;Consumer;27.07.2023
C01802;Romania;Consumer;19.05.2025
C01803;Romania;Consumer;27.04.2026
C01804;United Kingdom;Consumer;22.12.2024
C01805;Netherlands;Small Business;08.10.2024
C01806;Romania;Consumer;12.11.2024
C01807;Germany;Consumer;18.07.2023
C01808;France;Consumer;14.09.2023
C01809;Italy;Small Business;27.07.2025
C01810;Germany;Consumer;17.01.2025
C01811;United Kingdom;Consumer;26.10.2023
C01812;United Kingdom;Small Business;25.01.2023
C01813;Italy;Consumer;28.08.2023
C01814;Romania;Consumer;06.10.2024
C01815;Spain;Consumer;08.12.2023
C01816;Romania;Consumer;21.07.2025
C01817;Italy;Corporate;07.01.2025
C01818;Romania;Consumer;08.07.2023
C01819;Romania;Consumer;09.01.2024
C01820;Romania;Consumer;15.02.2023
C01821;Romania;Corporate;22.02.2023
C01822;Romania;Small Business;17.08.2025
C01823;Romania;Consumer;09.05.2024
C01824;Romania;Consumer;30.01.2026
C01825;Romania;Consumer;27.10.2023
C01826;France;Small Business;15.02.2024
C01827;Italy;Consumer;14.10.2024
C01828;United Kingdom;;25.12.2023
C01829;Romania;Consumer;09.08.2024
C01830;Romania;Corporate;06.06.2023
C01831;Spain;Consumer;10.04.2023
C01832;Romania;Consumer;03.01.2026
C01833;Romania;Corporate;10.11.2023
C01834;Spain;Consumer;11.05.2023
C01835;Spain;Consumer;26.12.2023
C01836;Romania;;19.06.2024
C01837;United Kingdom;Consumer;10.09.2024
C01838;Romania;Consumer;04.09.2025
C01839;France;Consumer;15.11.2025
C01840;Romania;Consumer;08.01.2024
C01841;Romania;Consumer;06.10.2023
C01842;United Kingdom;Small Business;07.06.2023
C01843;Romania;Consumer;21.07.2023
C01844;United Kingdom;Small Business;06.02.2023
C01845;Romania;Consumer;02.01.2023
C01846;Italy;Consumer;17.06.2024
C01847;France;Consumer;12.02.2025
C01848;Germany;Consumer;11.11.2025
C01849;France;;20.02.2024
C01850;Romania;Consumer;04.01.2024
C01851;Germany;Small Business;05.05.2025
C01852;Romania;Corporate;23.03.2025
C01853;Italy;Consumer;30.05.2025
C01854;Italy;Corporate;05.08.2023
C01855;Spain;Consumer;27.02.2023
C01856;Italy;Consumer;26.11.2024
C01857;Spain;Consumer;17.06.2024
C01858;Romania;Small Business;26.11.2023
C01859;Spain;;20.05.2026
C01860;Germany;Corporate;18.12.2023
C01861;Romania;Small Business;14.08.2025
C01862;Germany;Consumer;06.11.2024
C01863;Romania;Small Business;23.10.2023
C01864;Romania;Corporate;17.11.2024
C01865;Romania;Small Business;18.06.2024
C01866;Romania;Consumer;29.11.2023
C01867;Germany;Small Business;06.05.2025
C01868;Italy;Consumer;21.09.2025
C01869;United Kingdom;Corporate;29.03.2023
C01870;Germany;Corporate;05.01.2023
C01871;Romania;Small Business;26.02.2026
C01872;Romania;Consumer;17.10.2023
C01873;Romania;Consumer;21.04.2023
C01874;Italy;Corporate;26.01.2025
C01875;Romania;Small Business;16.02.2024
C01876;United Kingdom;Small Business;16.03.2026
C01877;France;Corporate;10.05.2026
C01878;Germany;Consumer;13.01.2023
C01879;Italy;Small Business;02.09.2023
C01880;Romania;Consumer;05.02.2025
C01881;Italy;Consumer;04.03.2024
C01882;United Kingdom;Consumer;05.01.2023
C01883;France;Consumer;13.08.2024
C01884;United Kingdom;Consumer;05.03.2025
C01885;Italy;Small Business;17.06.2026
C01886;Netherlands;Consumer;09.06.2024
C01887;Romania;Small Business;04.10.2025
C01888;France;Consumer;08.07.2024
C01889;France;Small Business;06.05.2025
C01890;Romania;Consumer;19.05.2026
C01891;Spain;Small Business;02.11.2025
C01892;Romania;Consumer;20.05.2025
C01893;Germany;Consumer;21.11.2025
C01894;Romania;Consumer;08.09.2023
C01895;Romania;Consumer;12.10.2025
C01896;Italy;Consumer;26.06.2026
C01897;Romania;Consumer;26.05.2026
C01898;Romania;Consumer;24.11.2023
C01899;Romania;Small Business;29.06.2024
C01900;Germany;Consumer;25.05.2025
C01901;France;Consumer;04.04.2023
C01902;Italy;Consumer;18.05.2025
C01903;Romania;Consumer;18.12.2023
C01904;Germany;Consumer;20.12.2025
C01905;Romania;Small Business;22.02.2025
C01906;United Kingdom;Consumer;23.05.2024
C01907;Romania;Consumer;05.03.2023
C01908;Romania;Consumer;07.06.2025
C01909;Romania;Consumer;15.11.2024
C01910;Germany;Small Business;09.03.2025
C01911;Germany;Consumer;23.01.2023
C01912;Romania;Small Business;10.07.2024
C01913;France;Consumer;22.08.2025
C01914;France;Consumer;14.03.2026
C01915;Romania;Consumer;23.03.2024
C01916;France;Corporate;18.11.2023
C01917;Italy;Consumer;19.06.2025
C01918;Romania;Consumer;14.10.2023
C01919;Germany;Small Business;07.02.2026
C01920;Romania;Consumer;15.03.2025
C01921;France;Consumer;26.03.2026
C01922;Romania;Consumer;31.08.2023
C01923;United Kingdom;Consumer;18.04.2023
C01924;Romania;Small Business;25.11.2025
C01925;Germany;Consumer;04.01.2024
C01926;Spain;Consumer;09.03.2024
C01927;Romania;Consumer;09.12.2023
C01928;Italy;Corporate;21.06.2024
C01929;Netherlands;Consumer;20.02.2026
C01930;Italy;Consumer;20.05.2025
C01931;Romania;Corporate;03.04.2023
C01932;France;Consumer;03.02.2026
C01933;Romania;Small Business;17.07.2024
C01934;Romania;Small Business;30.05.2025
C01935;Italy;Consumer;11.04.2024
C01936;United Kingdom;Small Business;01.05.2023
C01937;Germany;Corporate;19.06.2024
C01938;Romania;Consumer;07.03.2024
C01939;France;Consumer;23.01.2023
C01940;United Kingdom;Small Business;15.08.2025
C01941;Romania;Consumer;04.01.2026
C01942;Italy;Consumer;04.03.2026
C01943;Romania;Consumer;08.11.2023
C01944;Romania;Small Business;19.03.2025
C01945;United Kingdom;Small Business;09.11.2024
C01946;Netherlands;Corporate;30.01.2025
C01947;Romania;Consumer;15.10.2025
C01948;Romania;Corporate;28.04.2024
C01949;Romania;Consumer;17.12.2023
C01950;Italy;Consumer;01.09.2024
C01951;Romania;Small Business;29.04.2025
C01952;Germany;Consumer;05.07.2024
C01953;Netherlands;Consumer;23.01.2024
C01954;Romania;Consumer;12.03.2023
C01955;Germany;Consumer;01.01.2025
C01956;Germany;Small Business;28.01.2023
C01957;France;Consumer;23.08.2024
C01958;Romania;Small Business;26.02.2025
C01959;Romania;Consumer;11.08.2024
C01960;Romania;Consumer;12.10.2024
C01961;France;Small Business;21.12.2023
C01962;France;Consumer;09.11.2023
C01963;Romania;Corporate;14.12.2025
C01964;Romania;Corporate;13.02.2026
C01965;Italy;Consumer;24.07.2023
C01966;Romania;Consumer;21.09.2023
C01967;Romania;Consumer;31.03.2024
C01968;Germany;Small Business;12.06.2025
C01969;Romania;Consumer;20.03.2023
C01970;Romania;Corporate;02.10.2025
C01971;Romania;Corporate;09.01.2023
C01972;Romania;Consumer;08.12.2025
C01973;Germany;Small Business;22.02.2023
C01974;United Kingdom;Consumer;07.12.2025
C01975;Germany;Consumer;19.04.2026
C01976;ROMANIA;Consumer;10.10.2025
C01977;Italy;Small Business;09.06.2026
C01978;Romania;Consumer;07.08.2024
C01979;France;Small Business;29.03.2025
C01980;Romania;Consumer;07.03.2025
C01981;France;Consumer;16.01.2023
C01982;Romania;Corporate;30.12.2025
C01983;Romania;Small Business;18.06.2025
C01984;Germany;Consumer;20.06.2024
C01985;Romania;Consumer;01.10.2023
C01986;Romania;Consumer;06.05.2025
C01987;United Kingdom;Consumer;06.06.2026
C01988;Italy;Corporate;23.07.2023
C01989;Romania;Consumer;19.03.2026
C01990;Italy;Consumer;21.12.2024
C01991;France;Small Business;03.10.2025
C01992;Italy;Consumer;29.06.2023
C01993;United Kingdom;Small Business;14.05.2023
C01994;United Kingdom;Consumer;22.04.2025
C01995;Germany;Consumer;28.12.2023
C01996;United Kingdom;Consumer;25.04.2024
C01997;Spain;Consumer;04.03.2025
C01998;Romania;Corporate;18.10.2023
C01999;Romania;Consumer;11.03.2024
C02000;Romania;Consumer;05.04.2024
C02001;Spain;Consumer;26.03.2024
C02002;Romania;Consumer;14.06.2025
C02003;United Kingdom;Consumer;04.03.2026
C02004;Italy;Consumer;02.07.2025
C02005;Netherlands;Consumer;15.01.2023
C02006;Romania;Corporate;22.12.2024
C02007;France;Consumer;03.08.2023
C02008;Italy;Small Business;14.07.2023
C02009;Romania;Consumer;19.06.2025
C02010;France;Small Business;15.11.2023
C02011;Romania;Consumer;26.12.2024
C02012;United Kingdom;Consumer;29.12.2023
C02013;Germany;Consumer;12.02.2024
C02014;Romania;Consumer;05.05.2025
C02015;Romania;Consumer;11.04.2025
C02016;Romania;Consumer;28.01.2023
C02017;Romania;Small Business;11.01.2026
C02018;United Kingdom;Consumer;19.01.2025
C02019;Romania;Corporate;26.11.2023
C02020;Romania;Consumer;24.05.2023
C02021;United Kingdom;Consumer;11.09.2024
C02022;United Kingdom;Consumer;06.06.2025
C02023;Germany;Consumer;27.01.2023
C02024;Spain;Small Business;05.01.2024
C02025;Romania;Consumer;22.04.2026
C02026;Italy;Small Business;08.05.2023
C02027;Romania;Consumer;19.10.2025
C02028;France;Consumer;01.11.2023
C02029;Netherlands;Consumer;06.10.2024
C02030;Italy;Small Business;31.08.2025
C02031;Germany;Consumer;19.06.2026
C02032;United Kingdom;Corporate;09.02.2025
C02033;Romania;Consumer;08.10.2023
C02034;United Kingdom;Consumer;15.04.2023
C02035;France;Small Business;07.08.2025
C02036;Netherlands;Consumer;08.01.2025
C02037;Germany;Small Business;08.09.2025
C02038;Romania;Consumer;13.06.2026
C02039;Germany;Small Business;26.11.2025
C02040;Romania;Consumer;02.10.2024
C02041;Romania;Corporate;24.05.2025
C02042;Romania;Consumer;08.03.2025
C02043;France;Small Business;01.09.2023
C02044;Romania;Consumer;30.01.2024
C02045;Romania;Small Business;27.04.2023
C02046;Romania;Small Business;15.04.2024
C02047;Italy;Small Business;19.08.2023
C02048;United Kingdom;Consumer;18.02.2026
C02049;Romania;Consumer;31.12.2025
C02050;Romania;Small Business;17.07.2025
C02051;Germany;Consumer;27.05.2024
C02052;Romania;Consumer;10.01.2023
C02053;Germany;Consumer;27.11.2024
C02054;Romania;Consumer;01.02.2023
C02055;Spain;Consumer;02.02.2023
C02056;Romania;Small Business;17.07.2023
C02057;United Kingdom;Consumer;19.09.2024
C02058;Romania;Consumer;13.08.2025
C02059;Spain;Small Business;06.06.2024
C02060;Netherlands;Consumer;16.09.2025
C02061;France;Small Business;13.11.2024
C02062;Romania;Consumer;14.02.2026
C02063;Romania;Consumer;23.04.2024
C02064;France;Consumer;19.01.2024
C02065;France;Consumer;07.04.2023
C02066;Romania;Small Business;07.10.2023
C02067;Romania;Consumer;26.02.2023
C02068;Romania;Consumer;10.08.2023
C02069;Italy;Consumer;26.04.2026
C02070;United Kingdom;Consumer;09.02.2025
C02071;United Kingdom;Small Business;05.05.2024
C02072;United Kingdom;Consumer;31.03.2025
C02073;Romania;Consumer;18.12.2024
C02074;Romania;Consumer;14.03.2026
C02075;Romania;Small Business;12.10.2025
C02076;France;Consumer;03.12.2024
C02077;Romania;Consumer;24.09.2025
C02078;Romania;Small Business;24.02.2025
C02079;Romania;Consumer;23.06.2026
C02080;Romania;Small Business;29.10.2024
C02081;Germany;Consumer;21.12.2025
C02082;Romania;Corporate;13.08.2023
C02083;Romania;Consumer;03.08.2023
C02084;France;Consumer;02.02.2024
C02085;Romania;Consumer;16.11.2025
C02086;Romania;Consumer;02.02.2026
C02087;Romania;Consumer;26.05.2024
C02088;France;Consumer;20.07.2024
C02089;Romania;Consumer;16.09.2024
C02090;France;Small Business;18.09.2023
C02091;Spain;Consumer;16.11.2024
C02092;United Kingdom;Small Business;22.11.2025
C02093;Romania;Consumer;16.08.2025
C02094;France;Consumer;22.04.2023
C02095;Romania;Small Business;27.03.2024
C02096;Romania;Small Business;27.03.2025
C02097;Germany;Small Business;26.01.2025
C02098;Romania;Consumer;12.06.2025
C02099;Romania;Consumer;11.08.2025
C02100;Romania;Corporate;23.01.2024
C02101;Romania;Consumer;22.08.2024
C02102;Romania;Consumer;01.08.2023
C02103;Germany;Consumer;03.07.2025
C02104;Spain;Small Business;26.07.2024
C02105;Romania;Small Business;20.03.2024
C02106;United Kingdom;Corporate;21.08.2025
C02107;Romania;Corporate;11.04.2026
C02108;Romania;Consumer;05.02.2026
C02109;Romania;Consumer;22.06.2023
C02110;Romania;Consumer;06.11.2025
C02111;Romania;Consumer;24.12.2024
C02112;Romania;Consumer;20.05.2023
C02113;Romania;Corporate;09.05.2024
C02114;Germany;Consumer;12.10.2023
C02115;Romania;Consumer;26.02.2025
C02116;Romania;Consumer;29.05.2024
C02117;Romania;Consumer;24.06.2025
C02118;Germany;Consumer;25.10.2025
C02119;Romania;Consumer;12.01.2023
C02120;Germany;Consumer;18.11.2025
C02121;Romania;Consumer;01.07.2023
C02122;Romania;Small Business;30.04.2023
C02123;Spain;Small Business;06.03.2023
C02124;Romania;Small Business;11.03.2024
C02125;Romania;Consumer;07.12.2025
C02126;Romania;Consumer;18.05.2025
C02127;Netherlands;Consumer;18.07.2024
C02128;United Kingdom;Corporate;18.04.2026
C02129;United Kingdom;Consumer;13.09.2024
C02130;Netherlands;Consumer;25.04.2023
C02131;Romania;Corporate;26.01.2023
C02132;Netherlands;Corporate;07.10.2024
C02133;Romania;Consumer;15.10.2023
C02134;United Kingdom;Small Business;20.04.2024
C02135;Romania;Consumer;23.05.2024
C02136;Romania;Consumer;12.05.2026
C02137;Spain;Consumer;28.03.2023
C02138;Romania;Corporate;20.05.2023
C02139;Netherlands;Consumer;03.01.2024
C02140;Romania;Small Business;05.08.2025
C02141;United Kingdom;Consumer;19.11.2023
C02142;Netherlands;Consumer;14.11.2023
C02143;Romania;Small Business;05.07.2025
C02144;Spain;Small Business;06.02.2025
C02145;Germany;Corporate;30.03.2025
C02146;United Kingdom;Small Business;21.04.2025
C02147;Romania;Small Business;22.03.2025
C02148;Germany;Consumer;09.12.2024
C02149;United Kingdom;Corporate;24.10.2024
C02150;Romania;Consumer;05.09.2025
C02151;Romania;Consumer;12.03.2024
C02152;Romania;Consumer;15.02.2024
C02153;Italy;Consumer;08.11.2023
C02154;Romania;Consumer;25.11.2025
C02155;United Kingdom;Consumer;15.01.2023
C02156;Netherlands;Consumer;25.09.2023
C02157;Romania;Corporate;08.07.2023
C02158;Romania;Corporate;21.04.2024
C02159;United Kingdom;Consumer;08.10.2023
C02160;Romania;Corporate;06.10.2024
C02161;Germany;Consumer;29.05.2026
C02162;United Kingdom;Consumer;29.06.2024
C02163;Germany;Corporate;23.05.2026
C02164;Romania;Consumer;30.01.2024
C02165;United Kingdom;Small Business;06.09.2025
C02166;Germany;Consumer;26.06.2023
C02167;ROMANIA;Consumer;17.02.2025
C02168;Germany;Consumer;16.08.2025
C02169;Italy;Corporate;03.05.2025
C02170;United Kingdom;Consumer;11.04.2026
C02171;Romania;Consumer;05.02.2025
C02172;Romania;Consumer;18.01.2025
C02173;Romania;Consumer;05.04.2025
C02174;Romania;Consumer;27.03.2024
C02175;Romania;Small Business;07.10.2023
C02176;Netherlands;Consumer;01.03.2026
C02177;Romania;Consumer;31.05.2026
C02178;France;Consumer;03.04.2026
C02179;Romania;Consumer;23.08.2025
C02180;Romania;Small Business;13.10.2023
C02181;Romania;Small Business;26.10.2023
C02182;Romania;Consumer;30.01.2024
C02183;France;Consumer;17.10.2024
C02184;Spain;Consumer;29.10.2023
C02185;Italy;Small Business;04.10.2025
C02186;Romania;Corporate;08.03.2026
C02187;France;Small Business;31.07.2024
C02188;Romania;Consumer;04.05.2024
C02189;Spain;Consumer;28.07.2024
C02190;Germany;Corporate;09.09.2024
C02191;Romania;Consumer;04.12.2024
C02192;Romania;Small Business;31.01.2024
C02193;Romania;Corporate;23.01.2024
C02194;Romania;Small Business;25.04.2024
C02195;Spain;Consumer;19.07.2023
C02196;France;Consumer;18.10.2023
C02197;Netherlands;Corporate;18.06.2024
C02198;Romania;Consumer;08.02.2023
C02199;Germany;Corporate;19.06.2024
C02200;Romania;Consumer;15.06.2024
C02201;Germany;Small Business;04.01.2023
C02202;Romania;Corporate;23.08.2024
C02203;Romania;Consumer;24.04.2025
C02204;Germany;Consumer;22.09.2025
C02205;Romania;Consumer;09.05.2024
C02206;Romania;Small Business;28.10.2024
C02207;United Kingdom;Consumer;11.04.2023
C02208;Romania;Consumer;21.02.2024
C02209;Spain;Small Business;26.04.2025
C02210;Germany;Corporate;14.08.2024
C02211;France;Small Business;02.05.2026
C02212;United Kingdom;Consumer;12.10.2025
C02213;United Kingdom;Corporate;03.03.2026
C02214;United Kingdom;Small Business;05.09.2024
C02215;Italy;Consumer;08.04.2023
C02216;United Kingdom;Corporate;09.12.2024
C02217;Romania;Consumer;21.04.2026
C02218;Romania;Corporate;09.08.2023
C02219;Germany;Small Business;10.05.2026
C02220;Romania;Consumer;10.01.2023
C02221;Romania;Consumer;22.02.2025
C02222;Romania;Consumer;01.04.2026
C02223;Germany;Consumer;27.09.2023
C02224;Romania;Small Business;08.12.2023
C02225;United Kingdom;Small Business;27.10.2025
C02226;France;Consumer;19.03.2024
C02227;Italy;Consumer;16.04.2025
C02228;Romania;Small Business;27.05.2023
C02229;Germany;Consumer;07.05.2025
C02230;Germany;Consumer;16.10.2024
C02231;Romania;Consumer;30.09.2024
C02232;United Kingdom;Consumer;29.07.2025
C02233;Romania;Consumer;25.07.2024
C02234;Netherlands;Small Business;25.05.2025
C02235;Romania;Consumer;27.06.2024
C02236;Italy;Consumer;27.12.2025
C02237;Germany;Small Business;10.12.2024
C02238;Romania;Corporate;01.01.2024
C02239;France;Consumer;26.01.2026
C02240;Romania;Small Business;06.02.2024
C02241;France;Small Business;17.04.2026
C02242;Germany;Corporate;12.12.2024
C02243;Romania;Consumer;05.08.2024
C02244;Romania;Consumer;06.12.2023
C02245;France;Consumer;30.11.2025
C02246;Romania;Small Business;09.12.2023
C02247;Italy;Small Business;19.02.2025
C02248;France;Consumer;23.10.2025
C02249;United Kingdom;Consumer;19.08.2023
C02250;Romania;Consumer;09.08.2023
C02251;United Kingdom;Consumer;06.05.2026
C02252;Spain;Corporate;13.06.2026
C02253;Romania;Consumer;18.02.2024
C02254;Romania;Small Business;24.10.2023
C02255;Romania;Consumer;29.03.2025
C02256;Romania;Small Business;14.01.2025
C02257;France;Small Business;21.11.2023
C02258;Romania;Consumer;03.10.2023
C02259;Germany;Small Business;04.01.2025
C02260;Romania;Small Business;17.12.2023
C02261;Romania;Corporate;21.11.2024
C02262;Romania;Consumer;27.05.2025
C02263;Italy;Consumer;30.11.2023
C02264;Germany;Consumer;30.12.2024
C02265;Romania;Small Business;15.06.2026
C02266;France;Consumer;17.11.2024
C02267;Romania;Corporate;29.06.2023
C02268;Romania;Consumer;26.07.2025
C02269;Romania;Corporate;19.07.2024
C02270;Netherlands;Consumer;03.07.2025
C02271;United Kingdom;Consumer;10.02.2023
C02272;United Kingdom;Consumer;27.06.2025
C02273;Romania;Consumer;21.05.2025
C02274;Romania;Small Business;05.01.2023
C02275;United Kingdom;Consumer;12.08.2024
C02276;Romania;Consumer;22.08.2024
C02277;Spain;Corporate;15.12.2024
C02278;France;Consumer;25.02.2025
C02279;;Consumer;10.06.2025
C02280;France;Small Business;11.03.2026
C02281;Netherlands;Consumer;01.09.2025
C02282;Romania;Consumer;01.02.2024
C02283;United Kingdom;Consumer;17.05.2026
C02284;Spain;Consumer;02.09.2024
C02285;Romania;Consumer;07.01.2026
C02286;Italy;Corporate;11.09.2024
C02287;Romania;Consumer;18.02.2024
C02288;United Kingdom;Corporate;11.07.2025
C02289;France;Consumer;16.07.2025
C02290;United Kingdom;Consumer;03.06.2023
C02291;Germany;Consumer;07.04.2023
C02292;United Kingdom;Consumer;25.08.2025
C02293;Romania;Consumer;23.06.2023
C02294;Romania;Small Business;08.08.2024
C02295;Romania;Small Business;09.08.2024
C02296;Germany;Small Business;14.07.2024
C02297;Romania;Consumer;09.08.2024
C02298;Romania;Small Business;28.04.2026
C02299;Italy;Consumer;07.10.2024
C02300;Romania;Small Business;12.01.2026
C02301;Romania;Small Business;29.08.2024
C02302;Romania;Consumer;25.08.2024
C02303;Romania;Consumer;29.03.2025
C02304;France;Corporate;26.10.2023
C02305;Romania;Consumer;02.05.2026
C02306;Romania;Small Business;04.04.2026
C02307;Netherlands;Corporate;09.08.2023
C02308;France;Consumer;07.07.2023
C02309;United Kingdom;Consumer;01.04.2024
C02310;Italy;Consumer;31.08.2023
C02311;Spain;Small Business;05.04.2023
C02312;Romania;Consumer;28.10.2025
C02313;United Kingdom;Consumer;13.09.2023
C02314;ROMANIA;Consumer;15.04.2024
C02315;Romania;Corporate;13.06.2026
C02316;Romania;Small Business;24.05.2024
C02317;Romania;Consumer;20.02.2023
C02318;United Kingdom;Corporate;07.11.2023
C02319;France;Small Business;30.09.2023
C02320;France;Corporate;10.12.2024
C02321;Romania;Consumer;28.06.2024
C02322;Romania;Consumer;09.04.2023
C02323;Romania;Small Business;09.01.2024
C02324;Germany;Consumer;20.08.2024
C02325;Spain;Consumer;26.11.2024
C02326;Italy;Small Business;16.06.2024
C02327;Spain;Consumer;17.06.2026
C02328;Italy;Consumer;19.09.2024
C02329;Netherlands;Consumer;17.06.2025
C02330;Romania;Consumer;30.12.2024
C02331;Romania;Consumer;01.06.2024
C02332;Romania;Consumer;06.02.2023
C02333;Romania;Consumer;21.05.2025
C02334;Romania;Small Business;01.01.2026
C02335;Romania;Consumer;17.01.2026
C02336;Spain;Consumer;09.10.2025
C02337;Romania;Small Business;20.10.2023
C02338;Spain;Consumer;30.07.2024
C02339;France;Consumer;03.07.2025
C02340;United Kingdom;Consumer;22.07.2025
C02341;United Kingdom;Small Business;22.02.2025
C02342;Romania;Consumer;04.03.2023
C02343;United Kingdom;Consumer;25.07.2025
C02344;Romania;Consumer;22.12.2024
C02345;Spain;Small Business;18.04.2023
C02346;Romania;Small Business;18.11.2024
C02347;Romania;Corporate;24.07.2025
C02348;United Kingdom;Small Business;08.04.2026
C02349;United Kingdom;Consumer;02.10.2025
C02350;Romania;Consumer;01.12.2023
C02351;United Kingdom;Consumer;26.05.2025
C02352;Romania;Consumer;11.05.2025
C02353;United Kingdom;Consumer;25.11.2025
C02354;Romania;Consumer;25.07.2023
C02355;Romania;Small Business;15.08.2025
C02356;Romania;Small Business;31.07.2025
C02357;Romania;Consumer;11.05.2026
C02358;Romania;Consumer;06.04.2025
C02359;Romania;Consumer;02.04.2023
C02360;Romania;Consumer;09.06.2026
C02361;Romania;Consumer;04.05.2024
C02362;Germany;Consumer;03.08.2024
C02363;Romania;Consumer;12.01.2026
C02364;United Kingdom;Corporate;20.10.2023
C02365;Spain;Consumer;25.04.2025
C02366;Romania;Consumer;09.09.2025
C02367;Spain;Consumer;06.11.2024
C02368;Romania;Consumer;13.08.2025
C02369;Romania;Consumer;29.06.2025
C02370;United Kingdom;Corporate;28.10.2024
C02371;France;Consumer;27.04.2023
C02372;Italy;Consumer;09.08.2025
C02373;Romania;Corporate;04.10.2025
C02374;France;Consumer;01.02.2024
C02375;Romania;Consumer;10.11.2025
C02376;Romania;Consumer;03.10.2023
C02377;Romania;Consumer;07.08.2023
C02378;Netherlands;Corporate;10.06.2023
C02379;Romania;Consumer;05.12.2024
C02380;Italy;Small Business;06.01.2024
C02381;United Kingdom;Consumer;05.06.2025
C02382;France;Small Business;15.04.2025
C02383;United Kingdom;Small Business;26.11.2023
C02384;Italy;Small Business;13.03.2026
C02385;Romania;Small Business;01.02.2026
C02386;Romania;Small Business;18.03.2024
C02387;Germany;Consumer;15.11.2023
C02388;Romania;Consumer;22.10.2025
C02389;Romania;Consumer;23.05.2025
C02390;Romania;Consumer;05.08.2024
C02391;Romania;Consumer;04.11.2024
C02392;Romania;Small Business;14.07.2025
C02393;Romania;Small Business;27.09.2023
C02394;Spain;Corporate;25.06.2026
C02395;Romania;Consumer;10.12.2024
C02396;Netherlands;Small Business;12.06.2023
C02397;Netherlands;Small Business;03.05.2026
C02398;Romania;Corporate;25.06.2026
C02399;United Kingdom;Small Business;19.04.2026
C02400;Germany;Consumer;10.06.2025
C02401;United Kingdom;Consumer;08.01.2024
C02402;Romania;Corporate;07.11.2024
C02403;Romania;Small Business;15.11.2024
C02404;Romania;Small Business;11.10.2024
C02405;Germany;Small Business;12.07.2023
C02406;Netherlands;Small Business;01.02.2024
C02407;United Kingdom;Small Business;21.08.2024
C02408;United Kingdom;Corporate;05.11.2024
C02409;Netherlands;Corporate;15.02.2024
C02410;United Kingdom;Consumer;21.07.2025
C02411;Romania;Consumer;01.04.2026
C02412;Italy;Consumer;18.08.2024
C02413;Romania;Consumer;18.03.2025
C02414;Romania;Small Business;03.09.2023
C02415;Germany;Small Business;24.08.2023
C02416;Spain;Consumer;04.04.2023
C02417;Romania;Consumer;20.06.2026
C02418;Germany;Consumer;20.01.2024
C02419;Romania;Small Business;04.06.2025
C02420;Romania;Consumer;07.03.2025
C02421;Romania;Consumer;21.06.2023
C02422;United Kingdom;Consumer;01.08.2023
C02423;Italy;Consumer;17.10.2025
C02424;Romania;Consumer;12.10.2025
C02425;Romania;Small Business;12.12.2024
C02426;Romania;Corporate;15.03.2024
C02427;Romania;Consumer;25.05.2024
C02428;Germany;Consumer;06.10.2025
C02429;United Kingdom;Consumer;08.09.2023
C02430;United Kingdom;Consumer;23.04.2023
C02431;Romania;Consumer;21.12.2023
C02432;Germany;Consumer;31.08.2023
C02433;Romania;Consumer;02.08.2023
C02434;Romania;Small Business;14.08.2024
C02435;Spain;Consumer;22.10.2025
C02436;France;Small Business;01.06.2025
C02437;Spain;Consumer;15.12.2023
C02438;Spain;Consumer;25.06.2024
C02439;United Kingdom;Consumer;22.08.2024
C02440;Spain;Consumer;11.05.2024
C02441;Romania;Consumer;20.05.2026
C02442;Romania;Small Business;27.04.2026
C02443;Romania;Corporate;18.06.2024
C02444;Romania;Consumer;06.10.2025
C02445;Romania;Consumer;27.07.2025
C02446;Romania;Consumer;16.10.2025
C02447;United Kingdom;Small Business;26.07.2023
C02448;France;Consumer;20.04.2026
C02449;Germany;Consumer;12.04.2026
C02450;Romania;Small Business;13.10.2025
C02451;France;Small Business;31.12.2024
C02452;Romania;Small Business;29.07.2024
C02453;Romania;Consumer;13.11.2023
C02454;Romania;Consumer;18.03.2023
C02455;Romania;Consumer;11.05.2026
C02456;Romania;Small Business;23.09.2023
C02457;France;Small Business;11.03.2024
C02458;France;Consumer;21.07.2024
C02459;United Kingdom;Small Business;13.05.2025
C02460;Romania;Consumer;05.12.2023
C02461;France;Small Business;03.10.2023
C02462;United Kingdom;Consumer;25.02.2024
C02463;Romania;Consumer;25.02.2024
C02464;United Kingdom;Consumer;17.03.2023
C02465;Germany;Small Business;14.05.2024
C02466;Romania;Consumer;05.12.2024
C02467;Romania;Consumer;24.07.2024
C02468;Germany;Small Business;24.03.2024
C02469;Romania;Small Business;16.03.2026
C02470;Romania;Consumer;11.12.2025
C02471;Romania;Small Business;17.02.2025
C02472;Spain;Small Business;12.04.2025
C02473;Romania;Consumer;20.12.2023
C02474;Romania;Consumer;17.05.2026
C02475;Romania;Consumer;30.08.2024
C02476;Italy;Consumer;08.10.2024
C02477;Germany;Consumer;11.11.2023
C02478;Spain;Consumer;02.09.2024
C02479;Romania;Consumer;18.05.2025
C02480;Romania;Consumer;10.04.2026
C02481;Germany;Small Business;25.12.2025
C02482;Romania;Small Business;19.07.2023
C02483;France;Consumer;15.04.2023
C02484;Italy;Corporate;30.04.2026
C02485;Romania;Consumer;12.11.2025
C02486;Netherlands;Consumer;13.07.2023
C02487;Germany;Consumer;22.12.2025
C02488;Romania;Consumer;29.08.2025
C02489;Germany;Consumer;16.05.2026
C02490;Romania;Small Business;25.07.2023
C02491;France;Consumer;22.11.2025
C02492;Romania;Consumer;10.04.2024
C02493;Romania;Consumer;05.12.2024
C02494;Germany;Consumer;27.11.2023
C02495;Romania;Small Business;31.03.2023
C02496;Romania;Small Business;08.06.2025
C02497;United Kingdom;Small Business;05.04.2023
C02498;Romania;Consumer;16.08.2024
C02499;Romania;Consumer;08.09.2023
C02500;Romania;Consumer;19.03.2026
C02501;Romania;Small Business;24.07.2024
C02502;Romania;Consumer;26.08.2023
C02503;France;Consumer;04.05.2026
C02504;Spain;Consumer;27.05.2025
C02505;Romania;Small Business;12.08.2023
C02506;Spain;Consumer;28.03.2024
C02507;Germany;Corporate;18.11.2024
C02508;United Kingdom;Consumer;19.09.2025
C02509;United Kingdom;Consumer;27.06.2026
C02510;United Kingdom;Consumer;08.12.2025
C02511;France;Consumer;18.01.2023
C02512;Germany;Consumer;30.08.2024
C02513;Germany;Small Business;01.03.2023
C02514;Romania;Consumer;21.01.2024
C02515;Romania;Consumer;11.12.2023
C02516;United Kingdom;Consumer;06.12.2023
C02517;Romania;Consumer;15.10.2023
C02518;Romania;Corporate;25.05.2024
C02519;Romania;Consumer;28.09.2024
C02520;Romania;Small Business;03.05.2026
C02521;United Kingdom;Consumer;20.06.2024
C02522;ROMANIA;Consumer;31.01.2023
C02523;Romania;Small Business;14.01.2025
C02524;Romania;Consumer;19.01.2024
C02525;Romania;Small Business;07.07.2023
C02526;Romania;Consumer;05.05.2025
C02527;United Kingdom;Consumer;25.05.2025
C02528;Germany;Corporate;21.03.2024
C02529;Germany;Consumer;01.10.2023
C02530;Germany;Corporate;17.09.2024
C02531;Netherlands;Corporate;30.07.2024
C02532;France;Consumer;21.05.2026
C02533;Germany;Consumer;12.02.2023
C02534;Romania;Small Business;17.08.2023
C02535;Romania;Consumer;15.10.2025
C02536;Spain;Small Business;25.04.2026
C02537;Romania;Consumer;11.03.2025
C02538;Romania;Consumer;08.02.2024
C02539;Netherlands;Consumer;24.09.2023
C02540;United Kingdom;Small Business;13.12.2025
C02541;Romania;Small Business;06.02.2025
C02542;Romania;Consumer;04.06.2024
C02543;Romania;Consumer;11.07.2024
C02544;Germany;Consumer;09.07.2023
C02545;Romania;Consumer;20.11.2025
C02546;Spain;Consumer;04.03.2023
C02547;Spain;Consumer;09.06.2026
C02548;Germany;Consumer;02.08.2023
C02549;United Kingdom;Consumer;08.06.2023
C02550;Romania;Consumer;03.04.2023
C02551;Romania;Small Business;17.09.2024
C02552;France;Consumer;13.03.2023
C02553;Romania;Corporate;26.11.2023
C02554;Romania;Consumer;16.10.2025
C02555;Romania;Consumer;14.08.2025
C02556;Romania;Small Business;13.03.2024
C02557;Romania;Consumer;13.02.2023
C02558;United Kingdom;Small Business;25.11.2024
C02559;France;Consumer;18.08.2024
C02560;Germany;Consumer;29.12.2025
C02561;Italy;Small Business;08.09.2024
C02562;Romania;Consumer;11.05.2024
C02563;Italy;Consumer;09.03.2025
C02564;Germany;Consumer;05.12.2025
C02565;Romania;Consumer;08.11.2025
C02566;Spain;Consumer;07.07.2023
C02567;Romania;Small Business;18.06.2024
C02568;Romania;Consumer;17.03.2026
C02569;Romania;Corporate;28.10.2025
C02570;Romania;Consumer;06.10.2025
C02571;;Consumer;28.05.2023
C02572;Germany;Consumer;14.05.2024
C02573;Italy;Small Business;16.06.2023
C02574;Romania;Small Business;04.07.2025
C02575;Germany;Consumer;26.10.2024
C02576;Romania;Consumer;18.07.2025
C02577;Italy;Small Business;05.05.2025
C02578;Romania;Consumer;01.05.2023
C02579;Romania;Consumer;14.06.2023
C02580;Germany;Small Business;05.03.2024
C02581;United Kingdom;Consumer;05.04.2026
C02582;France;Small Business;10.04.2026
C02583;Germany;Small Business;31.08.2025
C02584;France;Consumer;02.11.2023
C02585;Romania;Consumer;29.04.2026
C02586;Romania;Consumer;04.07.2025
C02587;Romania;Small Business;17.01.2024
C02588;Romania;Consumer;26.06.2025
C02589;Romania;Consumer;07.07.2024
C02590;Germany;Consumer;02.09.2024
C02591;Romania;Consumer;03.11.2023
C02592;Germany;Consumer;31.03.2025
C02593;Germany;Consumer;16.12.2023
C02594;United Kingdom;Consumer;23.03.2026
C02595;United Kingdom;Consumer;05.07.2023
C02596;Romania;Consumer;18.11.2023
C02597;Romania;Consumer;09.06.2023
C02598;Germany;Consumer;04.11.2023
C02599;Germany;Consumer;05.05.2025
C02600;Romania;Consumer;21.04.2026
C02601;Romania;Consumer;20.07.2023
C02602;United Kingdom;Corporate;12.10.2023
C02603;United Kingdom;Consumer;20.06.2023
C02604;Romania;Consumer;28.10.2025
C02605;Romania;Consumer;13.11.2024
C02606;Italy;Small Business;09.04.2024
C02607;Romania;Consumer;17.06.2025
C02608;Italy;Corporate;19.04.2023
C02609;Romania;Consumer;19.09.2025
C02610;Germany;Consumer;02.05.2023
C02611;Romania;Consumer;10.01.2025
C02612;Romania;Small Business;09.02.2023
C02613;Spain;Consumer;15.09.2023
C02614;Romania;Corporate;08.03.2025
C02615;Spain;Corporate;01.01.2025
C02616;Romania;Consumer;25.07.2024
C02617;Italy;Consumer;09.03.2025
C02618;Spain;Consumer;03.12.2025
C02619;Germany;Consumer;26.11.2023
C02620;Romania;Consumer;25.05.2026
C02621;United Kingdom;Consumer;04.07.2023
C02622;Germany;Corporate;02.06.2026
C02623;Spain;Consumer;27.03.2026
C02624;Romania;Small Business;30.06.2024
C02625;ROMANIA;Small Business;03.05.2023
C02626;Romania;Consumer;03.06.2024
C02627;United Kingdom;Consumer;20.12.2023
C02628;Netherlands;Consumer;09.01.2025
C02629;Romania;Corporate;23.10.2023
C02630;France;Consumer;28.03.2023
C02631;Spain;Small Business;12.02.2026
C02632;Romania;Consumer;10.01.2026
C02633;Romania;Consumer;02.10.2024
C02634;United Kingdom;Corporate;22.12.2025
C02635;United Kingdom;Consumer;05.05.2026
C02636;Romania;Small Business;20.03.2026
C02637;Italy;Consumer;22.11.2025
C02638;Germany;Consumer;25.02.2023
C02639;Spain;Consumer;21.08.2025
C02640;Italy;Consumer;14.08.2023
C02641;France;Small Business;26.03.2023
C02642;Germany;Consumer;15.03.2024
C02643;Romania;Consumer;16.11.2025
C02644;Germany;Consumer;12.11.2025
C02645;Romania;Consumer;15.01.2025
C02646;United Kingdom;Small Business;08.06.2026
C02647;Romania;Consumer;28.07.2023
C02648;Germany;Corporate;25.01.2026
C02649;Romania;Consumer;16.01.2026
C02650;Romania;Consumer;25.04.2026
C02651;Romania;Consumer;08.01.2024
C02652;United Kingdom;Consumer;30.03.2025
C02653;France;Small Business;18.12.2023
C02654;Romania;Small Business;08.09.2024
C02655;Italy;Consumer;10.05.2026
C02656;Italy;Corporate;18.10.2024
C02657;Romania;Consumer;08.09.2025
C02658;United Kingdom;Small Business;08.08.2024
C02659;Romania;Consumer;01.01.2023
C02660;Romania;Small Business;17.07.2023
C02661;Germany;Consumer;07.05.2025
C02662;Romania;Corporate;26.01.2024
C02663;Italy;Corporate;03.02.2024
C02664;Spain;Consumer;26.04.2023
C02665;Italy;Consumer;13.11.2025
C02666;Germany;Consumer;24.04.2023
C02667;Germany;Consumer;16.11.2024
C02668;Netherlands;Consumer;02.02.2024
C02669;Romania;Consumer;02.03.2026
C02670;Romania;Small Business;29.04.2025
C02671;Germany;Consumer;29.03.2023
C02672;Romania;Consumer;22.02.2025
C02673;Romania;Corporate;31.07.2023
C02674;Romania;Consumer;14.12.2024
C02675;Germany;Consumer;07.11.2023
C02676;Romania;Corporate;13.08.2025
C02677;Romania;Consumer;26.08.2024
C02678;Romania;Consumer;23.06.2024
C02679;Romania;Consumer;25.01.2026
C02680;Italy;Small Business;18.07.2024
C02681;Romania;Consumer;27.10.2023
C02682;United Kingdom;Consumer;22.10.2024
C02683;France;Consumer;30.10.2025
C02684;Romania;Consumer;26.03.2023
C02685;Italy;Consumer;27.12.2023
C02686;;Consumer;12.01.2025
C02687;Germany;Corporate;05.11.2023
C02688;Romania;Consumer;15.08.2025
C02689;Romania;Small Business;14.03.2023
C02690;Netherlands;Corporate;03.12.2023
C02691;France;Corporate;20.01.2025
C02692;Spain;Small Business;26.12.2025
C02693;Spain;Consumer;26.03.2024
C02694;Romania;Small Business;06.12.2023
C02695;France;Consumer;29.03.2026
C02696;Romania;Consumer;16.10.2024
C02697;France;Consumer;16.09.2023
C02698;Romania;Consumer;20.01.2026
C02699;Romania;Consumer;06.02.2023
C02700;France;Small Business;30.07.2025
C02701;France;Consumer;01.03.2026
C02702;United Kingdom;Consumer;05.01.2025
C02703;Romania;Consumer;13.03.2026
C02704;Romania;Small Business;05.03.2025
C02705;Netherlands;Consumer;01.02.2025
C02706;Romania;Consumer;19.05.2023
C02707;Romania;Small Business;16.08.2023
C02708;Germany;Small Business;11.06.2025
C02709;Romania;Consumer;19.05.2025
C02710;Germany;Consumer;24.09.2023
C02711;Romania;Consumer;18.04.2023
C02712;Italy;Corporate;19.04.2023
C02713;Spain;Consumer;08.06.2023
C02714;Spain;Small Business;06.10.2023
C02715;Germany;Consumer;24.05.2026
C02716;Romania;Consumer;22.09.2025
C02717;United Kingdom;Consumer;16.08.2023
C02718;Italy;Consumer;27.01.2024
C02719;Germany;Small Business;17.02.2026
C02720;United Kingdom;Small Business;27.07.2024
C02721;France;Consumer;18.12.2023
C02722;United Kingdom;Small Business;23.02.2024
C02723;France;Consumer;20.05.2024
C02724;Romania;Consumer;23.11.2024
C02725;Germany;Consumer;09.12.2024
C02726;Germany;Consumer;10.11.2024
C02727;Romania;Small Business;09.03.2025
C02728;Italy;Consumer;15.01.2024
C02729;United Kingdom;Corporate;27.09.2024
C02730;Romania;Consumer;24.11.2025
C02731;France;Small Business;20.03.2024
C02732;United Kingdom;Consumer;07.06.2026
C02733;France;Consumer;28.09.2024
C02734;Romania;Corporate;24.04.2024
C02735;Italy;Consumer;13.06.2025
C02736;Romania;Consumer;14.05.2024
C02737;Germany;Small Business;20.05.2024
C02738;Romania;Small Business;22.04.2024
C02739;United Kingdom;Consumer;26.11.2024
C02740;United Kingdom;Small Business;23.02.2023
C02741;Germany;Small Business;28.04.2024
C02742;Germany;Small Business;07.09.2025
C02743;France;Consumer;25.02.2024
C02744;United Kingdom;Consumer;18.11.2024
C02745;Romania;Corporate;17.01.2024
C02746;Spain;Consumer;16.04.2026
C02747;United Kingdom;Consumer;13.10.2023
C02748;Netherlands;Corporate;18.09.2025
C02749;Netherlands;Consumer;28.08.2025
C02750;Spain;Consumer;01.06.2024
C02751;France;Small Business;09.06.2026
C02752;Germany;Small Business;12.06.2026
C02753;Romania;Corporate;06.02.2023
C02754;Germany;Small Business;26.12.2024
C02755;France;Consumer;08.09.2023
C02756;Germany;Consumer;28.06.2026
C02757;Italy;Consumer;15.05.2026
C02758;Romania;Corporate;23.06.2024
C02759;Romania;Consumer;12.03.2024
C02760;Germany;Consumer;10.11.2025
C02761;Romania;Consumer;11.05.2024
C02762;Romania;Consumer;21.07.2025
C02763;Romania;Consumer;25.04.2025
C02764;Italy;Consumer;29.12.2023
C02765;Germany;Consumer;26.03.2024
C02766;Romania;Corporate;05.04.2026
C02767;Romania;Corporate;20.09.2024
C02768;Romania;Consumer;16.06.2024
C02769;Romania;Small Business;23.02.2026
C02770;United Kingdom;Consumer;31.12.2024
C02771;France;Consumer;21.12.2024
C02772;Romania;Consumer;11.05.2024
C02773;Germany;Small Business;30.04.2025
C02774;Romania;Small Business;26.02.2023
C02775;Romania;Consumer;04.10.2023
C02776;Italy;Small Business;12.11.2025
C02777;Germany;Small Business;30.11.2023
C02778;Italy;Small Business;09.06.2026
C02779;Romania;Consumer;11.02.2026
C02780;Romania;Small Business;01.05.2024
C02781;Romania;Consumer;16.03.2026
C02782;Germany;Consumer;01.07.2025
C02783;Netherlands;Small Business;26.10.2025
C02784;Romania;Consumer;22.08.2024
C02785;Italy;Small Business;05.06.2023
C02786;Italy;Small Business;28.11.2024
C02787;Germany;Consumer;10.11.2025
C02788;Romania;Consumer;26.04.2023
C02789;Germany;Small Business;25.01.2023
C02790;Romania;Small Business;13.11.2025
C02791;France;Small Business;31.01.2025
C02792;Germany;Consumer;27.10.2024
C02793;Spain;Consumer;11.05.2025
C02794;United Kingdom;Consumer;23.05.2025
C02795;Germany;Small Business;28.06.2024
C02796;United Kingdom;Consumer;18.02.2025
C02797;Germany;Small Business;03.09.2024
C02798;Spain;Consumer;22.09.2023
C02799;Romania;Consumer;04.08.2025
C02800;Netherlands;Consumer;24.04.2024
C02801;France;Consumer;15.02.2026
C02802;Italy;Consumer;21.05.2024
C02803;Germany;Consumer;30.08.2023
C02804;Italy;Small Business;22.11.2025
C02805;Romania;Consumer;26.06.2023
C02806;France;Small Business;13.06.2026
C02807;Romania;Consumer;14.03.2025
C02808;Romania;Consumer;06.09.2024
C02809;Romania;Small Business;22.10.2023
C02810;Romania;Consumer;15.09.2023
C02811;Romania;Consumer;05.09.2023
C02812;Italy;Consumer;28.11.2025
C02813;Romania;Consumer;17.09.2023
C02814;France;Corporate;15.02.2023
C02815;Romania;Consumer;09.09.2023
C02816;France;Consumer;17.02.2025
C02817;France;Small Business;31.08.2024
C02818;Romania;Consumer;20.04.2024
C02819;United Kingdom;Corporate;15.05.2026
C02820;Spain;Consumer;14.03.2024
C02821;France;Consumer;22.11.2025
C02822;Romania;Consumer;08.06.2023
C02823;Germany;Consumer;24.11.2024
C02824;France;Consumer;17.06.2023
C02825;Romania;Consumer;14.04.2023
C02826;France;Consumer;17.05.2025
C02827;Romania;Consumer;08.05.2025
C02828;France;Consumer;03.01.2025
C02829;Romania;Consumer;29.07.2024
C02830;Romania;Consumer;12.12.2023
C02831;Netherlands;Consumer;20.09.2025
C02832;Italy;Consumer;30.08.2023
C02833;Italy;Consumer;22.09.2024
C02834;Spain;Consumer;17.04.2026
C02835;Romania;Consumer;02.05.2025
C02836;Romania;Corporate;14.12.2025
C02837;Romania;Consumer;13.09.2023
C02838;Germany;Consumer;02.02.2023
C02839;Romania;Small Business;29.11.2025
C02840;Spain;Consumer;19.12.2024
C02841;Romania;Consumer;21.09.2025
C02842;Romania;Small Business;11.12.2025
C02843;Romania;Small Business;22.04.2024
C02844;Romania;Corporate;22.05.2023
C02845;Romania;Corporate;14.05.2026
C02846;United Kingdom;Consumer;24.01.2024
C02847;Romania;Small Business;24.07.2023
C02848;United Kingdom;Consumer;29.12.2024
C02849;Italy;Small Business;26.01.2023
C02850;Germany;Consumer;18.03.2023
C02851;United Kingdom;Consumer;31.08.2025
C02852;Romania;Consumer;23.04.2023
C02853;Romania;Consumer;05.02.2025
C02854;Romania;Consumer;01.08.2024
C02855;Netherlands;Small Business;22.05.2023
C02856;United Kingdom;Consumer;18.04.2026
C02857;Romania;Small Business;23.07.2023
C02858;Romania;Consumer;10.04.2025
C02859;Italy;Consumer;17.06.2023
C02860;United Kingdom;Consumer;23.01.2025
C02861;Germany;Consumer;01.08.2023
C02862;Italy;Consumer;07.02.2026
C02863;United Kingdom;Consumer;12.01.2023
C02864;United Kingdom;Consumer;07.03.2023
C02865;Romania;Small Business;23.11.2024
C02866;Romania;Consumer;24.10.2024
C02867;Netherlands;Small Business;26.02.2024
C02868;Germany;Small Business;11.02.2025
C02869;Romania;Consumer;14.10.2025
C02870;Germany;Small Business;17.07.2025
C02871;Romania;Small Business;14.08.2025
C02872;Italy;Small Business;22.04.2026
C02873;Romania;Small Business;21.09.2023
C02874;France;Consumer;16.04.2023
C02875;Germany;Corporate;04.06.2023
C02876;Romania;Consumer;14.02.2023
C02877;Romania;Consumer;10.01.2024
C02878;France;Small Business;27.06.2023
C02879;Romania;Consumer;21.03.2026
C02880;Romania;Consumer;06.03.2024
C02881;France;Consumer;06.10.2023
C02882;Romania;Consumer;01.11.2024
C02883;Romania;Small Business;03.07.2024
C02884;Romania;Consumer;06.01.2023
C02885;Italy;Consumer;09.05.2026
C02886;Romania;Small Business;02.06.2025
C02887;Romania;Small Business;18.11.2025
C02888;Romania;Small Business;05.05.2026
C02889;Romania;Consumer;15.11.2023
C02890;Romania;Small Business;31.08.2025
C02891;Romania;Consumer;12.01.2023
C02892;Romania;Small Business;06.04.2024
C02893;Romania;Consumer;19.08.2025
C02894;Italy;Consumer;11.06.2025
C02895;Romania;Consumer;09.09.2025
C02896;Romania;Consumer;24.08.2025
C02897;Spain;Consumer;25.02.2023
C02898;Italy;Consumer;14.01.2025
C02899;United Kingdom;Small Business;26.02.2025
C02900;Romania;Consumer;18.07.2023
C02901;Romania;Consumer;06.11.2023
C02902;Romania;Consumer;13.09.2024
C02903;Romania;Small Business;18.03.2025
C02904;Romania;Consumer;20.12.2025
C02905;Germany;Consumer;15.07.2025
C02906;Romania;Corporate;29.05.2026
C02907;United Kingdom;Small Business;12.10.2023
C02908;Romania;Consumer;15.05.2024
C02909;Romania;Consumer;29.11.2023
C02910;France;Corporate;10.02.2026
C02911;Italy;Consumer;19.02.2025
C02912;Romania;;10.10.2024
C02913;Germany;Consumer;12.01.2025
C02914;Romania;Small Business;22.02.2024
C02915;Romania;Consumer;04.02.2026
C02916;France;Corporate;23.02.2025
C02917;Romania;Small Business;13.10.2024
C02918;ROMANIA;Consumer;18.06.2025
C02919;Germany;Consumer;17.10.2025
C02920;Romania;Corporate;19.05.2024
C02921;Romania;Consumer;23.07.2025
C02922;Romania;Consumer;15.10.2025
C02923;Spain;Small Business;29.04.2025
C02924;United Kingdom;Consumer;02.09.2023
C02925;Romania;Consumer;09.02.2023
C02926;Romania;Consumer;19.12.2023
C02927;Germany;Consumer;30.07.2023
C02928;Romania;Small Business;24.12.2024
C02929;Germany;Consumer;06.03.2026
C02930;France;Consumer;26.03.2023
C02931;Romania;Small Business;27.02.2023
C02932;Romania;Consumer;17.04.2023
C02933;Romania;Small Business;05.03.2023
C02934;Romania;Consumer;13.02.2025
C02935;Romania;Consumer;21.03.2026
C02936;Italy;Consumer;29.05.2025
C02937;Romania;Small Business;19.07.2023
C02938;Germany;Corporate;03.12.2025
C02939;United Kingdom;Consumer;09.01.2025
C02940;Romania;Consumer;14.05.2026
C02941;Romania;Consumer;13.05.2024
C02942;Romania;Consumer;13.06.2025
C02943;United Kingdom;Consumer;05.09.2024
C02944;Romania;Small Business;19.10.2024
C02945;France;Small Business;16.05.2023
C02946;Italy;Consumer;03.09.2024
C02947;France;Consumer;02.08.2023
C02948;Netherlands;Consumer;09.08.2025
C02949;France;Consumer;23.06.2025
C02950;Italy;Consumer;12.01.2026
C02951;Italy;Small Business;11.08.2024
C02952;France;Consumer;24.11.2025
C02953;France;Consumer;09.02.2026
C02954;Spain;Consumer;20.09.2024
C02955;Romania;Consumer;23.04.2026
C02956;United Kingdom;Corporate;13.09.2025
C02957;Germany;Small Business;06.01.2024
C02958;Italy;Small Business;31.08.2024
C02959;Romania;Small Business;09.05.2023
C02960;France;Consumer;05.04.2024
C02961;France;Small Business;15.01.2024
C02962;Netherlands;Small Business;29.03.2024
C02963;Romania;Consumer;11.03.2023
C02964;United Kingdom;Consumer;01.08.2024
C02965;France;Small Business;14.09.2023
C02966;Spain;Small Business;20.10.2023
C02967;Spain;Consumer;20.07.2025
C02968;Germany;Small Business;07.02.2026
C02969;Germany;Corporate;08.08.2023
C02970;Romania;Corporate;17.12.2024
C02971;Netherlands;Consumer;23.02.2026
C02972;Romania;Consumer;14.02.2025
C02973;United Kingdom;Small Business;11.04.2023
C02974;France;Consumer;15.09.2025
C02975;Romania;Consumer;07.03.2023
C02976;Romania;Small Business;26.02.2025
C02977;Romania;Consumer;05.09.2024
C02978;Italy;Consumer;04.11.2024
C02979;Germany;Corporate;12.10.2023
C02980;Romania;Consumer;04.02.2026
C02981;United Kingdom;Corporate;12.05.2023
C02982;Romania;Consumer;11.04.2026
C02983;Italy;Consumer;18.03.2023
C02984;Romania;Consumer;03.11.2024
C02985;Romania;Consumer;20.10.2024
C02986;Romania;Consumer;28.11.2023
C02987;Germany;Small Business;03.01.2024
C02988;Romania;Corporate;10.12.2024
C02989;France;Consumer;28.01.2023
C02990;Romania;Consumer;09.07.2023
C02991;Romania;Consumer;01.02.2023
C02992;Romania;Consumer;21.04.2023
C02993;Romania;Consumer;04.02.2023
C02994;Spain;Consumer;09.11.2025
C02995;Romania;Consumer;24.05.2023
C02996;Netherlands;Consumer;24.08.2023
C02997;Romania;Consumer;12.10.2025
C02998;Romania;Small Business;26.07.2024
C02999;Romania;Consumer;17.04.2025
C03000;Romania;Consumer;07.03.2025
C03001;France;Consumer;11.06.2024
C03002;Germany;Consumer;21.01.2026
C03003;Romania;Small Business;18.10.2023
C03004;United Kingdom;Small Business;29.09.2023
C03005;United Kingdom;Small Business;18.10.2024
C03006;Spain;Consumer;16.01.2026
C03007;Netherlands;Consumer;18.02.2026
C03008;United Kingdom;Consumer;09.08.2025
C03009;France;Consumer;05.01.2023
C03010;France;Consumer;19.07.2025
C03011;Germany;Consumer;29.07.2023
C03012;United Kingdom;Consumer;16.01.2026
C03013;Romania;Consumer;25.05.2023
C03014;France;Consumer;10.06.2023
C03015;Netherlands;Consumer;19.10.2024
C03016;Romania;Consumer;20.11.2024
C03017;Italy;Corporate;09.03.2024
C03018;Spain;Consumer;08.09.2024
C03019;Romania;Consumer;30.06.2025
C03020;Germany;Consumer;27.04.2025
C03021;Spain;Consumer;27.06.2025
C03022;Netherlands;Small Business;31.10.2023
C03023;Romania;Consumer;14.12.2024
C03024;Romania;;12.06.2023
C03025;United Kingdom;Small Business;06.11.2023
C03026;Romania;Consumer;27.05.2026
C03027;Romania;Corporate;24.02.2023
C03028;Romania;Consumer;17.08.2024
C03029;Romania;Corporate;20.09.2024
C03030;Germany;Consumer;24.10.2023
C03031;ROMANIA;Corporate;06.03.2023
C03032;United Kingdom;Consumer;14.06.2023
C03033;France;Consumer;21.07.2025
C03034;Romania;Corporate;27.01.2025
C03035;Romania;Consumer;12.12.2024
C03036;Romania;Consumer;25.11.2024
C03037;Romania;Consumer;22.08.2023
C03038;Romania;Consumer;03.02.2024
C03039;Romania;Consumer;29.04.2026
C03040;Romania;Consumer;24.07.2024
C03041;Romania;Consumer;07.02.2023
C03042;United Kingdom;Small Business;28.01.2025
C03043;United Kingdom;Consumer;27.08.2023
C03044;Spain;;07.01.2023
C03045;France;Consumer;06.05.2025
C03046;Germany;Small Business;19.03.2025
C03047;Romania;Small Business;04.10.2023
C03048;Germany;Corporate;03.08.2025
C03049;Romania;Consumer;21.08.2023
C03050;Romania;Consumer;02.10.2024
C03051;Romania;Corporate;11.12.2024
C03052;Romania;Small Business;24.05.2023
C03053;Romania;Consumer;07.06.2025
C03054;United Kingdom;Consumer;04.10.2024
C03055;Italy;Small Business;03.07.2024
C03056;France;Consumer;30.07.2025
C03057;United Kingdom;Consumer;23.09.2025
C03058;Germany;Small Business;21.09.2024
C03059;Romania;Consumer;06.11.2025
C03060;United Kingdom;Consumer;09.03.2023
C03061;Germany;Consumer;06.03.2025
C03062;Romania;Consumer;22.12.2023
C03063;Romania;Consumer;07.01.2025
C03064;Spain;Small Business;08.03.2025
C03065;United Kingdom;Consumer;07.11.2025
C03066;Romania;Small Business;12.12.2024
C03067;United Kingdom;Small Business;20.01.2023
C03068;Romania;Small Business;02.06.2026
C03069;Romania;Consumer;13.10.2024
C03070;Romania;Consumer;06.06.2023
C03071;Romania;Small Business;14.06.2023
C03072;United Kingdom;Consumer;10.02.2023
C03073;Romania;Consumer;10.10.2023
C03074;France;Consumer;08.12.2023
C03075;Romania;Consumer;25.04.2026
C03076;United Kingdom;Small Business;03.11.2025
C03077;United Kingdom;Consumer;05.01.2023
C03078;United Kingdom;Consumer;06.03.2024
C03079;Germany;Consumer;27.01.2024
C03080;Spain;Consumer;28.07.2024
C03081;Germany;Consumer;16.07.2023
C03082;France;Small Business;08.12.2023
C03083;United Kingdom;Small Business;28.12.2024
C03084;Romania;Corporate;24.10.2024
C03085;Romania;Consumer;13.12.2025
C03086;Romania;Consumer;26.03.2026
C03087;Romania;Consumer;13.05.2024
C03088;Romania;Consumer;06.11.2025
C03089;Romania;Small Business;04.12.2025
C03090;Germany;Small Business;17.03.2024
C03091;Romania;Consumer;15.07.2024
C03092;ROMANIA;Consumer;11.03.2025
C03093;Romania;Corporate;05.03.2026
C03094;United Kingdom;Consumer;15.09.2025
C03095;Romania;Small Business;16.12.2025
C03096;ROMANIA;Small Business;09.10.2025
C03097;Romania;Consumer;17.08.2023
C03098;United Kingdom;Corporate;30.09.2023
C03099;Romania;Small Business;03.02.2026
C03100;Spain;Small Business;26.07.2024
C03101;Romania;Consumer;03.09.2023
C03102;Germany;Consumer;16.01.2024
C03103;Romania;Small Business;17.09.2024
C03104;United Kingdom;Consumer;10.12.2024
C03105;Romania;Consumer;08.09.2023
C03106;Romania;Consumer;18.11.2023
C03107;Romania;Consumer;08.05.2024
C03108;Romania;Small Business;11.06.2026
C03109;Romania;Consumer;26.01.2023
C03110;Netherlands;Consumer;03.09.2025
C03111;Romania;Consumer;09.01.2024
C03112;Romania;Consumer;07.12.2024
C03113;Spain;Consumer;28.01.2024
C03114;Romania;Consumer;08.04.2026
C03115;Romania;Consumer;26.05.2026
C03116;United Kingdom;Consumer;03.04.2024
C03117;Spain;Consumer;06.02.2023
C03118;United Kingdom;Consumer;10.08.2023
C03119;Romania;Consumer;02.07.2025
C03120;Netherlands;Consumer;23.11.2025
C03121;Romania;Small Business;21.02.2023
C03122;Netherlands;Consumer;16.01.2023
C03123;Italy;Consumer;18.09.2024
C03124;Spain;Small Business;23.10.2025
C03125;Romania;Small Business;05.09.2025
C03126;Romania;Consumer;28.01.2023
C03127;United Kingdom;Consumer;15.06.2026
C03128;Germany;Small Business;29.12.2023
C03129;Germany;Consumer;20.10.2023
C03130;Spain;Corporate;29.03.2024
C03131;United Kingdom;Consumer;23.08.2025
C03132;Romania;Small Business;11.02.2024
C03133;Romania;Small Business;05.04.2025
C03134;Romania;Corporate;07.11.2023
C03135;Romania;Consumer;19.05.2023
C03136;Romania;Small Business;14.07.2024
C03137;France;Consumer;05.01.2023
C03138;United Kingdom;Consumer;14.12.2024
C03139;Germany;Small Business;15.09.2025
C03140;Romania;Consumer;19.12.2024
C03141;United Kingdom;Small Business;06.08.2024
C03142;France;Consumer;06.08.2023
C03143;Italy;Consumer;26.07.2023
C03144;Germany;Consumer;29.05.2023
C03145;France;Consumer;15.04.2023
C03146;Germany;Consumer;19.12.2024
C03147;Romania;Consumer;22.12.2023
C03148;Italy;Corporate;24.04.2025
C03149;Romania;Small Business;28.03.2024
C03150;Romania;Small Business;15.02.2024
C03151;Romania;Consumer;11.08.2024
C03152;Germany;Consumer;08.04.2024
C03153;Germany;Small Business;09.05.2023
C03154;United Kingdom;Consumer;02.02.2023
C03155;Romania;Consumer;04.06.2026
C03156;Romania;Corporate;18.05.2023
C03157;Italy;Consumer;09.12.2023
C03158;Romania;;01.06.2024
C03159;Spain;Consumer;17.07.2024
C03160;Romania;Consumer;14.08.2025
C03161;Germany;Consumer;23.06.2025
C03162;Germany;Corporate;12.02.2025
C03163;Italy;Consumer;31.01.2024
C03164;Romania;Small Business;30.04.2026
C03165;Spain;Consumer;16.04.2023
C03166;Germany;Small Business;01.02.2024
C03167;Germany;Consumer;25.04.2024
C03168;Germany;Consumer;22.03.2024
C03169;Romania;Small Business;06.12.2024
C03170;Germany;Small Business;07.03.2023
C03171;Romania;Small Business;10.12.2025
C03172;Romania;Consumer;24.07.2023
C03173;;Small Business;14.04.2024
C03174;Germany;Consumer;11.01.2025
C03175;Romania;Corporate;09.02.2026
C03176;Romania;Consumer;27.11.2024
C03177;Romania;Consumer;12.11.2023
C03178;Romania;Consumer;04.07.2025
C03179;Germany;Consumer;08.02.2023
C03180;Romania;Consumer;19.06.2024
C03181;Italy;Small Business;16.02.2026
C03182;Romania;Small Business;30.12.2025
C03183;Romania;Consumer;30.09.2023
C03184;Italy;Consumer;03.08.2025
C03185;Romania;Small Business;20.02.2024
C03186;Romania;Small Business;29.08.2025
C03187;Spain;Consumer;30.10.2024
C03188;Spain;Corporate;14.02.2024
C03189;United Kingdom;Consumer;09.05.2026
C03190;Romania;Small Business;05.11.2023
C03191;Germany;Small Business;17.03.2024
C03192;Netherlands;Consumer;05.04.2026
C03193;Spain;Consumer;09.10.2023
C03194;Romania;Small Business;10.09.2023
C03195;Romania;Consumer;10.05.2026
C03196;Romania;Consumer;08.09.2024
C03197;Romania;Consumer;28.10.2025
C03198;United Kingdom;Small Business;24.04.2023
C03199;Romania;Consumer;26.04.2025
C03200;Romania;Consumer;13.05.2023
C03201;Romania;Corporate;06.06.2024
C03202;Germany;Small Business;17.09.2023
C03203;Romania;Consumer;20.06.2024
C03204;Romania;Consumer;14.05.2024
C03205;Romania;Consumer;28.04.2026
C03206;Spain;Consumer;29.03.2023
C03207;Romania;Consumer;13.09.2024
C03208;Germany;Consumer;24.08.2025
C03209;Romania;Consumer;20.09.2024
C03210;Romania;Consumer;06.02.2025
C03211;Romania;Consumer;16.10.2024
C03212;Romania;Consumer;20.05.2026
C03213;Romania;Small Business;18.04.2025
C03214;Germany;Consumer;13.12.2024
C03215;United Kingdom;Small Business;17.04.2026
C03216;Romania;Consumer;24.12.2023
C03217;Romania;Consumer;20.08.2025
C03218;Germany;Consumer;22.09.2025
C03219;Romania;Consumer;17.04.2024
C03220;Romania;Small Business;11.06.2026
C03221;Romania;Consumer;12.01.2024
C03222;Romania;Consumer;03.03.2026
C03223;Romania;Consumer;24.01.2023
C03224;Netherlands;Consumer;12.01.2024
C03225;Netherlands;Consumer;25.01.2024
C03226;Netherlands;Consumer;17.03.2024
C03227;Romania;Consumer;10.07.2024
C03228;Romania;Consumer;21.08.2025
C03229;Romania;Small Business;02.02.2025
C03230;Romania;Consumer;27.05.2023
C03231;Romania;Small Business;15.01.2023
C03232;Romania;Consumer;18.05.2024
C03233;Romania;Consumer;01.07.2023
C03234;Romania;Small Business;20.05.2023
C03235;Romania;Consumer;20.04.2023
C03236;United Kingdom;Consumer;15.12.2023
C03237;Romania;Corporate;17.08.2023
C03238;Italy;Corporate;04.07.2023
C03239;Romania;Consumer;25.01.2024
C03240;Germany;Consumer;21.11.2023
C03241;Romania;Small Business;19.05.2026
C03242;Germany;Corporate;26.03.2025
C03243;Romania;Consumer;13.05.2025
C03244;Romania;Consumer;25.05.2025
C03245;United Kingdom;Small Business;11.03.2023
C03246;Romania;Consumer;21.09.2024
C03247;Romania;Small Business;13.02.2025
C03248;Spain;Consumer;13.04.2026
C03249;Romania;Consumer;11.07.2024
C03250;Germany;Consumer;16.12.2023
C03251;Germany;Consumer;20.08.2025
C03252;Romania;Consumer;01.02.2026
C03253;Romania;Consumer;31.03.2024
C03254;Romania;Consumer;25.03.2023
C03255;United Kingdom;Consumer;25.03.2024
C03256;Romania;Small Business;04.06.2026
C03257;Romania;Consumer;06.07.2024
C03258;Romania;Small Business;15.03.2023
C03259;Spain;Consumer;20.04.2024
C03260;France;Small Business;23.07.2025
C03261;Spain;Consumer;11.03.2023
C03262;United Kingdom;Consumer;26.02.2026
C03263;United Kingdom;Consumer;18.08.2025
C03264;Germany;Consumer;17.08.2025
C03265;Spain;Small Business;18.08.2025
C03266;ROMANIA;Small Business;12.07.2023
C03267;Romania;Small Business;19.10.2025
C03268;United Kingdom;Small Business;23.09.2023
C03269;Germany;Small Business;16.07.2023
C03270;Romania;Corporate;22.02.2023
C03271;Romania;Small Business;03.07.2023
C03272;Romania;Consumer;17.06.2023
C03273;Italy;Consumer;02.02.2026
C03274;Romania;Consumer;19.03.2023
C03275;Italy;Small Business;05.04.2025
C03276;Romania;Consumer;10.03.2023
C03277;France;Consumer;11.05.2026
C03278;Romania;Small Business;18.12.2024
C03279;Spain;Consumer;18.10.2024
C03280;Germany;Consumer;08.04.2023
C03281;Romania;Small Business;12.01.2026
C03282;Romania;;26.06.2024
C03283;Romania;Consumer;28.06.2023
C03284;Romania;Consumer;24.06.2025
C03285;United Kingdom;Consumer;19.04.2026
C03286;Spain;Consumer;20.01.2023
C03287;United Kingdom;Consumer;15.09.2023
C03288;Germany;Consumer;26.03.2025
C03289;Romania;Small Business;21.03.2023
C03290;Italy;Consumer;24.08.2025
C03291;Italy;Consumer;17.02.2025
C03292;Romania;Consumer;15.11.2024
C03293;Spain;Consumer;23.02.2024
C03294;Romania;Consumer;29.08.2024
C03295;France;Consumer;16.04.2023
C03296;Netherlands;Consumer;21.07.2025
C03297;United Kingdom;Small Business;22.02.2025
C03298;Romania;Consumer;06.11.2024
C03299;Germany;Corporate;26.09.2025
C03300;Romania;Consumer;11.10.2024
C03301;France;Small Business;29.05.2024
C03302;Romania;Consumer;20.10.2025
C03303;United Kingdom;Small Business;07.04.2026
C03304;Spain;Small Business;04.12.2025
C03305;Romania;Consumer;14.10.2024
C03306;Romania;Consumer;15.04.2024
C03307;United Kingdom;Corporate;16.06.2023
C03308;Romania;Corporate;14.06.2024
C03309;Romania;Corporate;27.11.2025
C03310;Romania;Consumer;18.10.2025
C03311;Romania;Consumer;13.06.2023
C03312;United Kingdom;Consumer;26.11.2024
C03313;Germany;Small Business;03.05.2025
C03314;Romania;Consumer;26.05.2025
C03315;Romania;Consumer;21.01.2026
C03316;Romania;Consumer;06.04.2023
C03317;Romania;Consumer;16.08.2024
C03318;United Kingdom;Small Business;02.05.2023
C03319;Romania;Consumer;14.07.2025
C03320;Germany;Small Business;09.11.2024
C03321;Spain;Consumer;05.07.2024
C03322;Germany;Consumer;11.11.2025
C03323;United Kingdom;Consumer;15.12.2025
C03324;Romania;Consumer;08.02.2024
C03325;Romania;Consumer;06.11.2025
C03326;Romania;Small Business;10.05.2026
C03327;France;Consumer;08.03.2023
C03328;Italy;Consumer;28.08.2025
C03329;Romania;Small Business;28.05.2023
C03330;Romania;Consumer;24.09.2025
C03331;Romania;Consumer;17.05.2025
C03332;Germany;Consumer;30.11.2025
C03333;United Kingdom;Consumer;02.01.2025
C03334;United Kingdom;Consumer;21.11.2023
C03335;Spain;Consumer;06.06.2025
C03336;Romania;Consumer;26.02.2024
C03337;United Kingdom;Consumer;09.02.2023
C03338;Germany;Consumer;01.06.2023
C03339;Romania;Small Business;15.01.2026
C03340;Spain;Consumer;30.04.2024
C03341;Romania;Consumer;03.07.2023
C03342;United Kingdom;Small Business;22.02.2023
C03343;United Kingdom;Consumer;16.08.2025
C03344;Spain;Small Business;16.06.2023
C03345;Germany;Consumer;21.10.2025
C03346;Romania;Consumer;14.12.2024
C03347;Italy;Consumer;30.09.2023
C03348;France;Consumer;23.02.2026
C03349;Germany;Consumer;17.09.2024
C03350;France;Consumer;18.05.2024
C03351;Romania;Consumer;07.05.2025
C03352;Germany;Small Business;19.04.2025
C03353;Italy;Consumer;05.08.2025
C03354;Romania;Small Business;22.05.2026
C03355;Germany;Consumer;14.06.2024
C03356;Spain;Consumer;14.09.2023
C03357;France;Consumer;12.06.2023
C03358;Italy;Corporate;11.11.2023
C03359;Romania;Consumer;13.09.2025
C03360;Netherlands;Consumer;25.12.2025
C03361;Romania;Small Business;05.05.2023
C03362;Germany;Consumer;07.07.2025
C03363;Romania;Consumer;29.09.2025
C03364;France;Consumer;20.06.2023
C03365;Spain;Small Business;03.03.2024
C03366;France;Consumer;15.08.2024
C03367;United Kingdom;Small Business;21.05.2023
C03368;Romania;Small Business;25.01.2025
C03369;Germany;Consumer;25.09.2024
C03370;Germany;Consumer;06.09.2025
C03371;Romania;Small Business;30.04.2026
C03372;Germany;Small Business;27.05.2023
C03373;Italy;Small Business;31.07.2024
C03374;United Kingdom;Consumer;17.11.2025
C03375;France;Small Business;12.01.2023
C03376;Romania;Small Business;21.12.2025
C03377;Germany;Corporate;21.05.2024
C03378;Romania;Consumer;09.10.2025
C03379;Romania;Small Business;06.02.2025
C03380;Romania;Small Business;11.04.2026
C03381;Romania;Small Business;11.07.2023
C03382;Romania;Small Business;17.01.2026
C03383;United Kingdom;Small Business;23.12.2024
C03384;Romania;Consumer;06.09.2025
C03385;Romania;Consumer;13.09.2025
C03386;Romania;Consumer;09.01.2025
C03387;Germany;Small Business;31.07.2024
C03388;Romania;Consumer;28.10.2025
C03389;Romania;Consumer;07.10.2024
C03390;Germany;Corporate;29.05.2026
C03391;Romania;Small Business;30.04.2025
C03392;Spain;Small Business;24.03.2025
C03393;Romania;Small Business;13.01.2025
C03394;Romania;Consumer;06.11.2023
C03395;Romania;Consumer;13.08.2025
C03396;Germany;Consumer;13.11.2023
C03397;Romania;Small Business;24.02.2025
C03398;Italy;Consumer;12.10.2025
C03399;Romania;Consumer;29.07.2024
C03400;United Kingdom;Small Business;16.06.2026
C03401;Romania;Consumer;28.07.2023
C03402;Romania;Small Business;26.09.2023
C03403;Romania;Consumer;22.01.2024
C03404;Germany;Small Business;22.05.2026
C03405;Romania;Consumer;12.11.2024
C03406;Netherlands;Small Business;09.12.2023
C03407;ROMANIA;Small Business;17.05.2026
C03408;Netherlands;Consumer;10.06.2024
C03409;Romania;Consumer;07.12.2023
C03410;France;Small Business;04.03.2026
C03411;Germany;Consumer;17.07.2023
C03412;United Kingdom;Small Business;12.05.2026
C03413;Netherlands;Consumer;28.02.2023
C03414;United Kingdom;Small Business;24.12.2024
C03415;Italy;Consumer;13.01.2025
C03416;United Kingdom;Consumer;27.04.2026
C03417;Romania;Consumer;01.04.2026
C03418;United Kingdom;Consumer;10.12.2025
C03419;Germany;Consumer;14.03.2026
C03420;Spain;Small Business;10.01.2026
C03421;France;Small Business;16.10.2024
C03422;Romania;Corporate;12.01.2026
C03423;Romania;Small Business;11.09.2025
C03424;Romania;Consumer;07.05.2024
C03425;Germany;Consumer;28.01.2026
C03426;Romania;Corporate;09.02.2023
C03427;United Kingdom;Consumer;12.05.2023
C03428;Germany;Consumer;30.07.2023
C03429;Italy;Small Business;13.11.2024
C03430;Romania;Corporate;06.04.2023
C03431;Germany;Consumer;15.10.2023
C03432;Romania;Consumer;06.11.2023
C03433;Italy;Consumer;06.11.2023
C03434;Romania;Small Business;12.03.2023
C03435;Romania;Consumer;14.10.2023
C03436;Romania;Small Business;20.12.2023
C03437;France;Consumer;26.08.2025
C03438;Romania;Consumer;21.01.2025
C03439;United Kingdom;Consumer;06.02.2024
C03440;France;Consumer;29.06.2023
C03441;France;Small Business;17.10.2024
C03442;Romania;Consumer;07.02.2024
C03443;Romania;Small Business;08.06.2025
C03444;Romania;Consumer;13.10.2023
C03445;Romania;Corporate;26.06.2026
C03446;United Kingdom;Small Business;02.05.2023
C03447;Romania;Consumer;01.12.2025
C03448;Romania;Corporate;12.05.2025
C03449;Romania;Consumer;08.05.2025
C03450;Germany;Consumer;13.02.2026
C03451;Romania;Corporate;30.07.2024
C03452;United Kingdom;Corporate;02.07.2025
C03453;Romania;Small Business;05.11.2024
C03454;Netherlands;Corporate;23.05.2025
C03455;United Kingdom;Consumer;06.12.2024
C03456;Romania;Consumer;08.06.2026
C03457;Romania;Consumer;17.02.2024
C03458;Romania;Consumer;22.07.2025
C03459;Romania;Consumer;01.08.2023
C03460;Romania;Consumer;02.03.2023
C03461;Italy;Consumer;16.06.2025
C03462;Germany;Consumer;06.10.2023
C03463;Romania;Consumer;20.01.2023
C03464;Germany;Small Business;24.03.2025
C03465;Romania;Consumer;19.02.2025
C03466;Netherlands;Small Business;26.03.2025
C03467;Romania;Small Business;02.08.2024
C03468;France;Consumer;28.11.2025
C03469;France;Small Business;17.01.2023
C03470;Romania;Corporate;22.07.2023
C03471;Romania;Consumer;25.04.2024
C03472;Romania;Small Business;08.07.2025
C03473;Italy;Consumer;20.10.2024
C03474;Germany;Consumer;26.04.2026
C03475;United Kingdom;Consumer;20.03.2026
C03476;France;Small Business;15.05.2023
C03477;Italy;Small Business;06.11.2024
C03478;Romania;Small Business;28.04.2026
C03479;Germany;Small Business;27.08.2023
C03480;United Kingdom;Consumer;21.07.2023
C03481;Romania;Consumer;23.03.2024
C03482;Italy;Consumer;21.05.2026
C03483;Romania;Consumer;10.10.2023
C03484;Romania;Small Business;21.03.2025
C03485;France;Consumer;04.12.2023
C03486;Romania;Consumer;29.07.2025
C03487;Romania;Consumer;10.02.2026
C03488;Romania;Consumer;21.02.2023
C03489;Germany;Consumer;26.04.2024
C03490;Italy;Consumer;08.01.2025
C03491;Romania;Consumer;22.08.2023
C03492;Romania;Consumer;21.03.2025
C03493;Romania;Consumer;10.04.2024
C03494;Spain;Corporate;14.02.2023
C03495;Romania;Consumer;26.02.2025
C03496;Spain;Consumer;18.02.2023
C03497;Italy;Consumer;14.09.2023
C03498;Romania;Consumer;28.07.2023
C03499;France;Consumer;07.03.2023
C03500;United Kingdom;Consumer;08.06.2024
C03501;Germany;Corporate;17.01.2026
C03502;Romania;Corporate;25.01.2024
C03503;ROMANIA;Consumer;02.11.2023
C03504;France;Consumer;26.10.2025
C03505;France;Consumer;09.04.2026
C03506;Netherlands;Consumer;20.01.2024
C03507;Romania;Consumer;02.03.2023
C03508;France;Small Business;28.08.2025
C03509;Italy;Consumer;10.04.2025
C03510;Romania;Consumer;26.06.2026
C03511;Romania;Consumer;28.04.2025
C03512;Romania;Consumer;01.04.2026
C03513;Italy;Consumer;19.07.2023
C03514;Romania;Consumer;30.07.2023
C03515;United Kingdom;Consumer;28.04.2025
C03516;Romania;Consumer;12.08.2025
C03517;Romania;Consumer;09.05.2024
C03518;United Kingdom;Small Business;03.07.2024
C03519;Romania;Consumer;02.05.2024
C03520;Italy;Consumer;03.03.2023
C03521;Romania;Small Business;24.01.2026
C03522;Spain;Small Business;03.03.2026
C03523;Romania;Consumer;30.04.2026
C03524;Netherlands;Consumer;05.10.2024
C03525;Germany;Consumer;06.08.2023
C03526;Romania;Consumer;30.05.2024
C03527;Romania;Small Business;22.05.2025
C03528;Romania;Consumer;10.08.2023
C03529;Germany;Consumer;17.07.2023
C03530;France;Consumer;20.06.2026
C03531;Romania;Consumer;14.02.2023
C03532;Romania;Consumer;02.02.2025
C03533;Germany;Consumer;10.07.2023
C03534;Germany;Consumer;28.01.2023
C03535;United Kingdom;Small Business;20.03.2025
C03536;Romania;Small Business;23.08.2023
C03537;United Kingdom;Corporate;15.07.2025
C03538;Netherlands;Small Business;18.11.2025
C03539;Romania;Corporate;08.10.2024
C03540;Romania;Corporate;01.08.2023
C03541;Romania;Consumer;29.04.2026
C03542;Germany;Consumer;20.04.2024
C03543;Romania;Consumer;02.09.2025
C03544;Spain;Consumer;04.09.2023
C03545;United Kingdom;Small Business;26.07.2023
C03546;Germany;Consumer;10.05.2025
C03547;France;Small Business;23.09.2023
C03548;Romania;Small Business;10.11.2024
C03549;France;Consumer;30.01.2025
C03550;Romania;Consumer;05.06.2023
C03551;United Kingdom;Consumer;01.03.2024
C03552;Spain;Consumer;04.09.2023
C03553;France;Consumer;02.01.2023
C03554;Italy;Consumer;26.04.2026
C03555;Romania;Consumer;31.01.2023
C03556;Italy;Consumer;24.11.2025
C03557;Germany;Consumer;04.06.2024
C03558;United Kingdom;Consumer;20.12.2023
C03559;Romania;Consumer;30.10.2024
C03560;Romania;Corporate;14.03.2026
C03561;Germany;Consumer;13.04.2025
C03562;Romania;Corporate;13.04.2023
C03563;France;Consumer;31.08.2025
C03564;Italy;Consumer;01.09.2025
C03565;Spain;Corporate;21.05.2026
C03566;Romania;Small Business;15.09.2023
C03567;Spain;Consumer;06.12.2025
C03568;Romania;Small Business;17.04.2024
C03569;Romania;Consumer;30.03.2024
C03570;Italy;Small Business;18.03.2025
C03571;Romania;Consumer;13.11.2024
C03572;Romania;Small Business;21.10.2023
C03573;Romania;Corporate;03.10.2023
C03574;Germany;Small Business;09.04.2025
C03575;France;Small Business;21.05.2026
C03576;Romania;Small Business;20.10.2023
C03577;Romania;Consumer;14.11.2024
C03578;Germany;Consumer;27.01.2024
C03579;Romania;Small Business;15.11.2023
C03580;France;Consumer;11.10.2025
C03581;Spain;Consumer;12.07.2025
C03582;France;Small Business;03.09.2024
C03583;Italy;Consumer;14.09.2024
C03584;Germany;Small Business;26.06.2024
C03585;Italy;Small Business;25.06.2026
C03586;Romania;Consumer;22.04.2026
C03587;Romania;Consumer;06.04.2023
C03588;United Kingdom;Small Business;07.11.2025
C03589;Romania;Consumer;04.03.2024
C03590;Italy;Corporate;13.04.2025
C03591;United Kingdom;Consumer;16.04.2026
C03592;Spain;Consumer;21.06.2024
C03593;Romania;Consumer;11.08.2024
C03594;Germany;Small Business;10.03.2025
C03595;France;Consumer;02.02.2024
C03596;Romania;Small Business;10.02.2025
C03597;Germany;Corporate;22.09.2023
C03598;United Kingdom;Consumer;27.04.2025
C03599;Netherlands;Consumer;15.11.2023
C03600;France;Consumer;29.04.2023
C03601;Romania;Small Business;10.05.2023
C03602;Romania;Consumer;27.11.2023
C03603;Germany;Small Business;11.05.2023
C03604;Romania;Small Business;30.01.2024
C03605;Romania;Consumer;17.06.2024
C03606;Romania;Consumer;10.11.2023
C03607;Romania;Corporate;12.11.2024
C03608;Germany;Small Business;03.05.2024
C03609;Romania;Small Business;13.04.2023
C03610;Germany;Consumer;03.03.2024
C03611;Romania;Consumer;16.01.2023
C03612;United Kingdom;Consumer;22.07.2025
C03613;Romania;Corporate;19.07.2024
C03614;Italy;Consumer;03.02.2025
C03615;Romania;Small Business;01.07.2023
C03616;Germany;Consumer;01.07.2024
C03617;Romania;Small Business;29.10.2025
C03618;Romania;Consumer;13.09.2023
C03619;Romania;Small Business;09.06.2026
C03620;Italy;Consumer;20.06.2024
C03621;Spain;Small Business;24.06.2023
C03622;Romania;Small Business;19.08.2023
C03623;Romania;Consumer;12.08.2024
C03624;United Kingdom;Consumer;29.04.2026
C03625;Germany;Consumer;25.08.2024
C03626;Romania;Consumer;10.08.2023
C03627;France;Consumer;10.05.2024
C03628;Germany;Consumer;31.12.2025
C03629;United Kingdom;Consumer;10.06.2026
C03630;Romania;Consumer;24.02.2025
C03631;Romania;Small Business;09.01.2026
C03632;ROMANIA;Consumer;31.10.2025
C03633;France;Consumer;25.06.2024
C03634;Romania;Small Business;07.02.2026
C03635;France;Consumer;07.04.2023
C03636;France;Small Business;22.10.2025
C03637;France;Corporate;11.01.2025
C03638;Romania;Small Business;21.01.2025
C03639;Romania;Consumer;08.04.2026
C03640;Romania;Consumer;07.12.2023
C03641;Germany;Small Business;10.09.2023
C03642;Spain;Small Business;22.04.2025
C03643;Romania;Consumer;04.08.2025
C03644;Italy;Consumer;07.01.2023
C03645;Romania;Small Business;29.09.2024
C03646;Romania;Small Business;26.04.2024
C03647;Romania;Consumer;11.11.2025
C03648;France;Consumer;30.12.2025
C03649;Romania;Consumer;27.06.2023
C03650;Romania;Consumer;10.01.2025
C03651;France;Small Business;10.07.2025
C03652;Germany;Consumer;29.11.2023
C03653;Romania;Consumer;06.04.2026
C03654;Romania;Consumer;12.02.2026
C03655;Germany;Small Business;08.08.2023
C03656;Romania;Small Business;20.01.2023
C03657;Romania;Small Business;07.01.2025
C03658;United Kingdom;Corporate;31.01.2026
C03659;Romania;Corporate;20.05.2025
C03660;Germany;Consumer;27.08.2025
C03661;Romania;Consumer;07.07.2025
C03662;Romania;Small Business;06.07.2023
C03663;Romania;Consumer;27.03.2023
C03664;Romania;Consumer;22.03.2023
C03665;Romania;Corporate;09.06.2026
C03666;Romania;Consumer;28.04.2026
C03667;Spain;Corporate;29.11.2025
C03668;Italy;Consumer;27.03.2023
C03669;Romania;Consumer;07.02.2026
C03670;Germany;Small Business;27.05.2026
C03671;Germany;Small Business;28.09.2025
C03672;Italy;Consumer;20.06.2024
C03673;Romania;Consumer;29.04.2023
C03674;Romania;Consumer;27.03.2024
C03675;Romania;Consumer;18.09.2023
C03676;Romania;Consumer;09.04.2025
C03677;Romania;Consumer;31.01.2026
C03678;Italy;Consumer;24.09.2024
C03679;Spain;Consumer;03.03.2023
C03680;Romania;Consumer;12.05.2024
C03681;Romania;Consumer;17.10.2025
C03682;Romania;Consumer;27.03.2025
C03683;Germany;Consumer;22.02.2023
C03684;Germany;Corporate;22.03.2024
C03685;ROMANIA;Corporate;25.03.2024
C03686;Italy;Small Business;13.02.2023
C03687;Netherlands;Consumer;22.03.2024
C03688;United Kingdom;Small Business;18.11.2025
C03689;United Kingdom;Consumer;15.06.2023
C03690;Germany;Consumer;18.10.2024
C03691;Romania;Small Business;17.04.2025
C03692;Romania;Consumer;26.05.2025
C03693;Germany;Corporate;25.02.2024
C03694;Romania;Small Business;03.01.2025
C03695;Italy;Consumer;11.07.2025
C03696;Romania;Consumer;05.12.2025
C03697;Romania;Small Business;07.10.2023
C03698;Romania;Consumer;18.05.2023
C03699;Netherlands;Consumer;07.04.2026
C03700;Romania;Consumer;25.07.2025
C03701;Romania;Corporate;25.07.2024
C03702;Romania;Consumer;29.12.2024
C03703;United Kingdom;Corporate;20.03.2026
C03704;Netherlands;Small Business;11.01.2026
C03705;Romania;Consumer;23.01.2025
C03706;Spain;Consumer;07.07.2025
C03707;Romania;Small Business;10.01.2025
C03708;United Kingdom;Consumer;10.08.2024
C03709;Romania;Consumer;09.05.2025
C03710;Germany;Consumer;29.01.2023
C03711;United Kingdom;Small Business;20.11.2025
C03712;Germany;Small Business;07.02.2024
C03713;Romania;Consumer;26.11.2024
C03714;Italy;Consumer;28.04.2025
C03715;Netherlands;Consumer;23.02.2024
C03716;Romania;Small Business;26.02.2024
C03717;United Kingdom;Consumer;14.08.2023
C03718;France;Corporate;07.05.2023
C03719;Romania;Small Business;29.01.2026
C03720;Italy;Consumer;22.10.2024
C03721;Romania;Small Business;16.05.2025
C03722;France;Small Business;17.07.2023
C03723;Romania;Small Business;10.08.2024
C03724;Romania;Consumer;02.10.2024
C03725;Germany;Corporate;07.08.2025
C03726;Germany;Consumer;29.05.2023
C03727;Italy;Small Business;03.03.2026
C03728;Netherlands;Consumer;24.05.2023
C03729;Romania;Consumer;24.03.2025
C03730;Romania;Corporate;26.09.2023
C03731;Romania;Consumer;24.03.2026
C03732;Romania;Consumer;25.01.2025
C03733;Germany;Small Business;21.04.2026
C03734;Italy;Consumer;05.04.2026
C03735;France;Small Business;08.12.2023
C03736;Romania;Corporate;02.11.2023
C03737;Romania;Consumer;24.05.2023
C03738;United Kingdom;Consumer;07.07.2025
C03739;Romania;Corporate;01.02.2023
C03740;Romania;Corporate;30.08.2023
C03741;Romania;Consumer;05.03.2026
C03742;Romania;Small Business;21.03.2025
C03743;Romania;Consumer;29.07.2024
C03744;France;Consumer;25.06.2023
C03745;Romania;Small Business;14.12.2025
C03746;Germany;Consumer;14.12.2025
C03747;Germany;Consumer;28.02.2023
C03748;Italy;Consumer;05.08.2025
C03749;Romania;Small Business;24.02.2024
C03750;Romania;Consumer;18.05.2025
C03751;Romania;Consumer;12.01.2024
C03752;Romania;Consumer;19.01.2023
C03753;Romania;Consumer;20.08.2025
C03754;France;Corporate;03.12.2025
C03755;Romania;Consumer;22.05.2025
C03756;Romania;Consumer;12.07.2023
C03757;Romania;Corporate;28.07.2024
C03758;France;Consumer;11.11.2024
C03759;Italy;Consumer;09.10.2025
C03760;France;Small Business;18.09.2025
C03761;Germany;Small Business;07.02.2026
C03762;United Kingdom;Consumer;17.03.2025
C03763;United Kingdom;Small Business;14.04.2026
C03764;Romania;Consumer;11.11.2025
C03765;Germany;Small Business;13.09.2023
C03766;France;Consumer;23.06.2025
C03767;Romania;Small Business;19.04.2023
C03768;United Kingdom;Consumer;22.08.2025
C03769;Germany;Small Business;10.10.2023
C03770;Germany;Corporate;17.01.2024
C03771;Romania;Small Business;02.01.2025
C03772;United Kingdom;Small Business;28.04.2024
C03773;Italy;Consumer;06.04.2025
C03774;Romania;Consumer;01.10.2024
C03775;Romania;Consumer;22.03.2025
C03776;Romania;Consumer;17.01.2025
C03777;Romania;Small Business;20.09.2023
C03778;Netherlands;Small Business;01.06.2025
C03779;Germany;Consumer;08.05.2026
C03780;Romania;Consumer;09.12.2024
C03781;Romania;Small Business;13.02.2025
C03782;Netherlands;Consumer;25.06.2025
C03783;Romania;Consumer;18.04.2023
C03784;United Kingdom;Consumer;12.07.2023
C03785;Romania;Consumer;13.12.2024
C03786;Romania;Small Business;18.05.2024
C03787;United Kingdom;Consumer;01.06.2025
C03788;Romania;Consumer;11.03.2026
C03789;United Kingdom;Consumer;25.09.2025
C03790;Romania;Consumer;04.10.2023
C03791;France;Consumer;28.01.2024
C03792;France;Consumer;03.07.2023
C03793;United Kingdom;Small Business;05.05.2023
C03794;Romania;Small Business;08.08.2025
C03795;United Kingdom;Consumer;02.06.2025
C03796;Netherlands;Consumer;06.09.2023
C03797;Romania;Small Business;18.06.2025
C03798;Romania;Consumer;06.08.2024
C03799;France;Consumer;22.01.2026
C03800;Romania;Consumer;27.06.2025
C03801;United Kingdom;Consumer;12.12.2023
C03802;France;Corporate;10.09.2024
C03803;Romania;Consumer;25.10.2023
C03804;Germany;Corporate;24.02.2026
C03805;Germany;Small Business;18.10.2024
C03806;Romania;Corporate;25.01.2026
C03807;Italy;Small Business;14.10.2024
C03808;Romania;Small Business;03.10.2024
C03809;Romania;Consumer;24.08.2023
C03810;Italy;Small Business;11.05.2026
C03811;Romania;Consumer;08.05.2025
C03812;Italy;Small Business;08.01.2024
C03813;Romania;Consumer;07.12.2025
C03814;Germany;Consumer;26.10.2023
C03815;Romania;Consumer;04.05.2023
C03816;United Kingdom;Consumer;05.05.2025
C03817;France;Consumer;12.08.2025
C03818;Italy;Consumer;31.12.2024
C03819;Netherlands;Consumer;29.06.2025
C03820;United Kingdom;Consumer;17.11.2023
C03821;France;Consumer;21.12.2023
C03822;Germany;Consumer;18.04.2024
C03823;Spain;Consumer;22.09.2023
C03824;United Kingdom;Consumer;25.10.2023
C03825;Italy;Consumer;02.03.2023
C03826;Romania;Consumer;30.10.2023
C03827;Germany;Corporate;29.11.2024
C03828;United Kingdom;Consumer;14.04.2024
C03829;Romania;Consumer;01.07.2024
C03830;Romania;Consumer;25.03.2026
C03831;Netherlands;Small Business;09.01.2023
C03832;Romania;Consumer;01.12.2025
C03833;Romania;Consumer;12.02.2023
C03834;Romania;Consumer;15.10.2024
C03835;Romania;Consumer;16.06.2023
C03836;United Kingdom;Consumer;01.09.2024
C03837;Spain;Corporate;15.02.2026
C03838;Netherlands;Corporate;10.02.2023
C03839;United Kingdom;Consumer;08.10.2024
C03840;United Kingdom;Consumer;12.08.2024
C03841;Romania;Consumer;29.07.2024
C03842;Italy;Corporate;21.02.2024
C03843;Romania;Corporate;20.09.2025
C03844;Romania;Consumer;31.10.2023
C03845;Netherlands;Consumer;30.03.2024
C03846;Italy;Consumer;20.08.2024
C03847;Romania;Small Business;19.03.2026
C03848;United Kingdom;Consumer;11.11.2024
C03849;Romania;Consumer;08.12.2025
C03850;Romania;Consumer;28.06.2023
C03851;Romania;Consumer;15.04.2023
C03852;Romania;Small Business;02.10.2024
C03853;Germany;Consumer;26.02.2026
C03854;Romania;Consumer;26.10.2023
C03855;Germany;Small Business;12.10.2023
C03856;Romania;Consumer;09.07.2023
C03857;Spain;Small Business;24.03.2026
C03858;United Kingdom;Small Business;28.04.2023
C03859;Italy;Consumer;15.03.2025
C03860;Romania;Consumer;30.04.2024
C03861;United Kingdom;Consumer;09.06.2024
C03862;Italy;Small Business;25.06.2025
C03863;Romania;Corporate;10.07.2024
C03864;Romania;Consumer;30.01.2023
C03865;Romania;Small Business;19.12.2024
C03866;Romania;Small Business;02.02.2023
C03867;ROMANIA;Corporate;12.12.2025
C03868;Romania;Consumer;21.04.2026
C03869;Romania;Consumer;03.12.2025
C03870;United Kingdom;Small Business;11.06.2024
C03871;Romania;Small Business;13.06.2024
C03872;Romania;Small Business;16.01.2025
C03873;United Kingdom;Small Business;19.12.2025
C03874;Romania;Consumer;19.08.2025
C03875;Romania;Small Business;25.08.2024
C03876;Romania;Consumer;01.11.2025
C03877;Romania;Consumer;16.06.2024
C03878;Romania;Consumer;09.09.2025
C03879;Romania;Consumer;07.11.2023
C03880;Romania;Consumer;01.08.2024
C03881;Netherlands;Small Business;22.11.2025
C03882;Spain;Small Business;11.11.2023
C03883;Romania;Consumer;02.03.2025
C03884;Romania;Consumer;24.12.2023
C03885;Romania;Consumer;04.07.2024
C03886;Italy;Consumer;18.02.2024
C03887;France;Consumer;25.04.2025
C03888;Romania;Consumer;21.08.2025
C03889;Romania;Corporate;03.01.2026
C03890;Romania;Consumer;30.03.2024
C03891;Italy;Small Business;10.09.2023
C03892;Italy;Small Business;02.04.2026
C03893;Romania;Consumer;15.05.2024
C03894;Germany;Consumer;12.04.2025
C03895;Romania;Consumer;30.04.2024
C03896;United Kingdom;Consumer;30.11.2025
C03897;Spain;Small Business;08.04.2023
C03898;Romania;Consumer;20.02.2023
C03899;Romania;Consumer;02.03.2024
C03900;Germany;Consumer;13.06.2024
C03901;Romania;Consumer;30.08.2025
C03902;France;Corporate;23.08.2024
C03903;Romania;Consumer;20.11.2023
C03904;Italy;Small Business;07.04.2023
C03905;Romania;Consumer;31.10.2025
C03906;Romania;Consumer;11.10.2024
C03907;Romania;Consumer;03.05.2026
C03908;Romania;Corporate;27.02.2024
C03909;Romania;Consumer;13.10.2023
C03910;United Kingdom;Small Business;13.12.2023
C03911;Romania;Consumer;06.06.2024
C03912;Romania;Consumer;30.06.2023
C03913;Romania;Consumer;17.06.2023
C03914;Romania;Consumer;08.10.2025
C03915;Italy;Consumer;02.06.2025
C03916;Spain;Consumer;02.10.2024
C03917;Romania;Small Business;07.09.2024
C03918;France;Consumer;26.09.2024
C03919;France;Consumer;21.01.2025
C03920;Netherlands;Consumer;31.12.2023
C03921;Romania;Consumer;20.09.2025
C03922;Romania;Consumer;11.01.2023
C03923;Romania;Consumer;17.09.2025
C03924;Italy;Consumer;09.10.2025
C03925;United Kingdom;Consumer;20.10.2024
C03926;Romania;Consumer;12.01.2024
C03927;Romania;Corporate;30.01.2026
C03928;United Kingdom;Small Business;10.11.2025
C03929;Italy;Consumer;04.04.2026
C03930;Romania;Small Business;21.01.2023
C03931;United Kingdom;Consumer;15.03.2025
C03932;Romania;Small Business;10.01.2023
C03933;Romania;Consumer;19.02.2023
C03934;Germany;Consumer;21.03.2023
C03935;France;Consumer;17.09.2025
C03936;Netherlands;Consumer;16.07.2025
C03937;Romania;Small Business;12.02.2026
C03938;Romania;Consumer;20.03.2025
C03939;Romania;Consumer;11.12.2024
C03940;Romania;Consumer;20.08.2023
C03941;Romania;Consumer;12.06.2025
C03942;Romania;Small Business;08.03.2026
C03943;Romania;Small Business;30.03.2024
C03944;Romania;Consumer;07.06.2025
C03945;ROMANIA;Small Business;02.10.2024
C03946;France;Consumer;27.10.2024
C03947;Romania;Consumer;15.10.2025
C03948;United Kingdom;Consumer;07.01.2024
C03949;Spain;Consumer;22.01.2026
C03950;Germany;Consumer;11.06.2026
C03951;Romania;Consumer;28.05.2023
C03952;Romania;Small Business;14.10.2024
C03953;Germany;Corporate;22.01.2023
C03954;Germany;Corporate;07.03.2024
C03955;Romania;Consumer;21.04.2024
C03956;Romania;Consumer;27.04.2025
C03957;Germany;Small Business;13.05.2024
C03958;Romania;Consumer;07.04.2024
C03959;United Kingdom;Consumer;13.09.2025
C03960;Romania;Consumer;25.08.2025
C03961;Romania;Consumer;11.01.2023
C03962;ROMANIA;Small Business;06.03.2024
C03963;Romania;Consumer;01.09.2025
C03964;Germany;Consumer;12.05.2023
C03965;Romania;Small Business;15.11.2024
C03966;Romania;Consumer;19.09.2024
C03967;Spain;Consumer;09.06.2025
C03968;Romania;Consumer;12.05.2025
C03969;Romania;Corporate;11.10.2024
C03970;Spain;Consumer;11.06.2024
C03971;France;Consumer;05.10.2025
C03972;United Kingdom;Consumer;02.05.2024
C03973;Romania;Corporate;11.07.2024
C03974;Romania;Consumer;19.06.2024
C03975;United Kingdom;Consumer;17.03.2024
C03976;Romania;Consumer;14.03.2025
C03977;Romania;Small Business;23.03.2025
C03978;France;Consumer;21.02.2026
C03979;Romania;Consumer;21.07.2024
C03980;Romania;Consumer;27.08.2025
C03981;Romania;Consumer;23.01.2024
C03982;Romania;Consumer;13.05.2026
C03983;United Kingdom;Consumer;11.03.2026
C03984;Italy;Consumer;24.01.2025
C03985;Romania;Small Business;11.07.2025
C03986;Romania;Consumer;09.01.2025
C03987;Germany;Small Business;09.09.2023
C03988;Romania;Consumer;15.04.2026
C03989;Germany;Corporate;02.08.2025
C03990;Spain;Consumer;19.06.2024
C03991;Germany;Consumer;19.11.2023
C03992;Romania;Consumer;03.05.2025
C03993;Netherlands;Consumer;04.07.2024
C03994;Romania;Small Business;22.11.2025
C03995;Spain;Consumer;05.10.2023
C03996;Germany;Small Business;26.10.2024
C03997;Germany;Consumer;25.05.2023
C03998;Spain;Consumer;29.06.2025
C03999;Germany;Small Business;24.05.2024
C04000;Romania;Consumer;04.09.2023
C04001;Romania;Small Business;09.12.2024
C04002;United Kingdom;Consumer;30.12.2024
C04003;Germany;Consumer;21.01.2024
C04004;Romania;Small Business;13.04.2026
C04005;United Kingdom;Consumer;06.04.2023
C04006;United Kingdom;Consumer;29.02.2024
C04007;Romania;Consumer;15.11.2023
C04008;Romania;Consumer;26.03.2026
C04009;Romania;Consumer;10.11.2023
C04010;Romania;Consumer;09.10.2023
C04011;Romania;Consumer;23.01.2025
C04012;Romania;Consumer;29.11.2023
C04013;Romania;Consumer;27.12.2023
C04014;Romania;Consumer;09.11.2023
C04015;United Kingdom;Consumer;12.11.2024
C04016;Romania;Small Business;13.08.2025
C04017;Netherlands;Small Business;23.08.2024
C04018;Spain;Consumer;09.02.2026
C04019;Germany;Consumer;06.12.2023
C04020;Netherlands;Consumer;14.12.2025
C04021;Italy;Consumer;03.08.2025
C04022;Romania;Consumer;04.04.2023
C04023;France;Corporate;01.05.2025
C04024;Romania;Small Business;20.06.2026
C04025;United Kingdom;Consumer;18.05.2025
C04026;Germany;Consumer;26.11.2023
C04027;Romania;Small Business;07.07.2024
C04028;Romania;Corporate;14.01.2026
C04029;Spain;Consumer;08.02.2024
C04030;Romania;Small Business;30.08.2024
C04031;Romania;Consumer;23.01.2025
C04032;Romania;Small Business;22.11.2025
C04033;Romania;Consumer;08.05.2026
C04034;Italy;Consumer;18.06.2025
C04035;France;Consumer;07.07.2024
C04036;Romania;Consumer;07.06.2024
C04037;Romania;Consumer;28.04.2025
C04038;Romania;Consumer;05.04.2023
C04039;Romania;Small Business;18.07.2024
C04040;France;Consumer;29.03.2024
C04041;United Kingdom;Small Business;04.04.2026
C04042;Romania;Consumer;27.12.2025
C04043;Germany;Small Business;04.12.2023
C04044;Romania;Consumer;16.04.2025
C04045;Germany;Consumer;07.08.2024
C04046;Germany;Consumer;25.11.2025
C04047;United Kingdom;Corporate;21.09.2024
C04048;Germany;Consumer;29.03.2025
C04049;Spain;Consumer;18.07.2025
C04050;Romania;Small Business;16.11.2025
C04051;Romania;Consumer;09.07.2025
C04052;Romania;Consumer;14.01.2024
C04053;Germany;Consumer;01.08.2025
C04054;Germany;Small Business;08.02.2024
C04055;Germany;Corporate;24.07.2025
C04056;United Kingdom;Corporate;26.04.2026
C04057;Romania;Consumer;22.08.2024
C04058;United Kingdom;Consumer;12.02.2026
C04059;United Kingdom;Small Business;18.07.2023
C04060;Romania;Consumer;15.01.2026
C04061;Romania;Consumer;21.07.2025
C04062;Romania;Corporate;19.02.2024
C04063;Romania;Consumer;01.10.2024
C04064;France;Consumer;21.05.2023
C04065;Spain;Small Business;07.11.2025
C04066;Germany;Consumer;14.06.2023
C04067;Romania;Corporate;20.12.2024
C04068;United Kingdom;Consumer;23.09.2024
C04069;France;Consumer;27.02.2025
C04070;Romania;Small Business;27.06.2024
C04071;Italy;Small Business;20.04.2023
C04072;Romania;Corporate;26.04.2025
C04073;Romania;Consumer;15.02.2026
C04074;Romania;Consumer;19.02.2025
C04075;Romania;Consumer;25.02.2023
C04076;Italy;Consumer;18.05.2023
C04077;Romania;Corporate;17.12.2023
C04078;Romania;Corporate;14.01.2024
C04079;Romania;Consumer;06.06.2023
C04080;Romania;Corporate;17.02.2026
C04081;Romania;Consumer;29.07.2025
C04082;Romania;Small Business;05.09.2025
C04083;United Kingdom;Consumer;14.05.2026
C04084;;Small Business;15.01.2026
C04085;France;Small Business;07.08.2023
C04086;Romania;Consumer;29.01.2023
C04087;France;Small Business;19.07.2025
C04088;France;Consumer;09.03.2026
C04089;Romania;Small Business;13.06.2025
C04090;Romania;Consumer;03.01.2026
C04091;Spain;Consumer;15.02.2025
C04092;Romania;Small Business;31.07.2024
C04093;United Kingdom;Small Business;15.06.2023
C04094;Romania;Corporate;09.05.2025
C04095;Romania;Consumer;08.01.2024
C04096;Germany;Consumer;14.12.2023
C04097;Italy;Consumer;22.01.2026
C04098;Romania;Small Business;20.04.2025
C04099;France;Corporate;21.07.2024
C04100;United Kingdom;Small Business;16.10.2025
C04101;Romania;Consumer;24.07.2025
C04102;Romania;Small Business;09.09.2024
C04103;Romania;Consumer;01.06.2026
C04104;Romania;Corporate;06.02.2023
C04105;United Kingdom;Consumer;21.09.2024
C04106;Romania;Consumer;15.06.2024
C04107;Romania;Consumer;06.06.2023
C04108;United Kingdom;Small Business;14.07.2025
C04109;Germany;Consumer;09.05.2023
C04110;Germany;Consumer;16.06.2025
C04111;Germany;Small Business;20.08.2025
C04112;Romania;Corporate;12.09.2024
C04113;United Kingdom;Consumer;08.11.2023
C04114;Romania;Consumer;18.06.2025
C04115;Romania;Consumer;30.05.2023
C04116;Romania;Consumer;28.07.2025
C04117;Germany;Consumer;21.07.2023
C04118;Germany;Consumer;06.03.2025
C04119;Romania;Consumer;26.11.2023
C04120;Italy;Consumer;20.03.2025
C04121;Italy;Consumer;22.10.2025
C04122;Romania;Consumer;27.09.2025
C04123;United Kingdom;Consumer;31.08.2025
C04124;Romania;Consumer;21.06.2025
C04125;Netherlands;Consumer;13.09.2025
C04126;Romania;Consumer;25.02.2026
C04127;Romania;Small Business;27.01.2026
C04128;Romania;Small Business;12.09.2025
C04129;Romania;Consumer;19.07.2024
C04130;United Kingdom;Small Business;10.01.2024
C04131;Germany;Small Business;11.02.2024
C04132;Romania;Small Business;21.02.2025
C04133;Germany;Consumer;05.02.2025
C04134;Italy;Consumer;29.06.2024
C04135;France;Consumer;06.06.2024
C04136;Germany;Consumer;14.07.2025
C04137;Romania;Consumer;30.10.2024
C04138;Romania;Corporate;25.01.2023
C04139;Italy;Consumer;28.06.2023
C04140;United Kingdom;Consumer;27.02.2024
C04141;Germany;Corporate;20.05.2024
C04142;Italy;Consumer;23.07.2025
C04143;Romania;Consumer;26.08.2024
C04144;United Kingdom;Corporate;28.06.2024
C04145;Romania;Consumer;22.04.2023
C04146;Romania;Consumer;20.03.2023
C04147;Romania;Consumer;22.06.2026
C04148;Romania;Consumer;03.01.2026
C04149;Spain;Small Business;18.02.2023
C04150;Romania;Consumer;02.08.2024
C04151;France;Small Business;19.03.2026
C04152;France;Consumer;27.06.2025
C04153;United Kingdom;Corporate;13.04.2023
C04154;Spain;Consumer;01.07.2024
C04155;Romania;Corporate;01.01.2026
C04156;Romania;Consumer;17.01.2024
C04157;Romania;Small Business;30.11.2024
C04158;Romania;Small Business;16.02.2024
C04159;Italy;Consumer;08.09.2023
C04160;Romania;Consumer;02.01.2026
C04161;Romania;Consumer;23.10.2023
C04162;Romania;Consumer;13.01.2025
C04163;Germany;Consumer;24.03.2024
C04164;United Kingdom;Consumer;21.02.2025
C04165;Romania;Corporate;10.10.2025
C04166;France;Corporate;06.12.2024
C04167;United Kingdom;Consumer;07.07.2023
C04168;France;Consumer;02.01.2024
C04169;Romania;Consumer;06.11.2023
C04170;United Kingdom;Small Business;28.05.2025
C04171;Romania;Corporate;02.06.2025
C04172;Romania;Consumer;02.07.2023
C04173;United Kingdom;Consumer;22.02.2025
C04174;United Kingdom;Consumer;15.08.2024
C04175;Romania;Consumer;20.06.2024
C04176;Italy;Corporate;30.12.2025
C04177;Romania;Small Business;19.03.2023
C04178;Germany;Consumer;15.07.2025
C04179;Netherlands;Consumer;13.12.2024
C04180;Germany;Consumer;26.11.2023
C04181;France;Small Business;20.10.2023
C04182;Germany;Small Business;28.07.2023
C04183;France;Consumer;20.02.2025
C04184;United Kingdom;Consumer;15.04.2025
C04185;United Kingdom;Corporate;17.12.2023
C04186;Romania;Small Business;01.05.2024
C04187;France;Consumer;04.06.2026
C04188;Romania;Consumer;18.06.2025
C04189;Netherlands;Corporate;23.01.2025
C04190;Romania;Small Business;02.06.2023
C04191;Romania;Corporate;29.12.2024
C04192;Italy;Consumer;16.05.2024
C04193;Romania;Consumer;03.09.2023
C04194;Romania;Consumer;21.06.2026
C04195;United Kingdom;Small Business;16.04.2026
C04196;Romania;Small Business;21.09.2025
C04197;Romania;Consumer;30.09.2024
C04198;Germany;Corporate;27.01.2025
C04199;Romania;Corporate;02.03.2026
C04200;Romania;Consumer;06.01.2026
C04201;Romania;Consumer;29.10.2025
C04202;;Small Business;20.08.2023
C04203;Romania;Consumer;02.09.2025
C04204;Romania;Small Business;08.06.2023
C04205;United Kingdom;Consumer;17.05.2025
C04206;United Kingdom;Corporate;02.04.2024
C04207;Romania;Small Business;19.12.2024
C04208;Romania;Corporate;10.01.2026
C04209;Italy;Small Business;14.04.2024
C04210;Germany;Consumer;24.06.2025
C04211;Romania;Consumer;14.01.2023
C04212;Romania;Small Business;03.07.2025
C04213;Romania;Consumer;25.06.2023
C04214;France;Small Business;06.03.2026
C04215;Spain;Consumer;16.01.2024
C04216;Spain;Consumer;11.06.2025
C04217;Romania;Consumer;30.04.2025
C04218;Romania;Small Business;22.11.2023
C04219;Romania;Consumer;05.12.2025
C04220;Romania;Consumer;23.08.2023
C04221;Romania;Consumer;16.10.2024
C04222;United Kingdom;Small Business;18.08.2024
C04223;Romania;Consumer;27.10.2023
C04224;Spain;Consumer;11.01.2023
C04225;Romania;Consumer;11.06.2025
C04226;Romania;Consumer;23.07.2025
C04227;Italy;Consumer;11.12.2025
C04228;United Kingdom;Small Business;15.05.2026
C04229;Romania;Consumer;08.01.2024
C04230;Germany;Small Business;24.12.2024
C04231;Romania;Small Business;11.03.2026
C04232;Romania;Consumer;24.12.2024
C04233;Romania;Small Business;11.08.2025
C04234;Romania;Small Business;29.06.2025
C04235;United Kingdom;Consumer;14.06.2026
C04236;Romania;Small Business;10.03.2024
C04237;United Kingdom;Corporate;11.09.2023
C04238;France;Consumer;14.03.2026
C04239;Romania;Consumer;11.08.2024
C04240;Romania;Consumer;05.09.2023
C04241;Romania;Consumer;28.03.2025
C04242;France;Consumer;22.12.2025
C04243;United Kingdom;Consumer;31.08.2025
C04244;United Kingdom;Small Business;04.03.2024
C04245;Romania;Consumer;09.03.2026
C04246;Romania;Consumer;21.02.2023
C04247;Germany;Small Business;11.02.2026
C04248;Romania;Consumer;22.08.2023
C04249;United Kingdom;Consumer;29.10.2023
C04250;Romania;Consumer;06.02.2024
C04251;Romania;Consumer;23.06.2024
C04252;Germany;Consumer;03.03.2023
C04253;Germany;Consumer;05.07.2025
C04254;Germany;Small Business;17.06.2023
C04255;Romania;Consumer;18.06.2023
C04256;Spain;Small Business;07.01.2023
C04257;Italy;Small Business;09.05.2026
C04258;Italy;Consumer;03.03.2023
C04259;United Kingdom;Consumer;11.08.2025
C04260;United Kingdom;Small Business;19.03.2025
C04261;Germany;Consumer;23.11.2025
C04262;Romania;Consumer;28.07.2024
C04263;Romania;Consumer;03.03.2026
C04264;Germany;Small Business;24.08.2024
C04265;Romania;Consumer;16.08.2023
C04266;Romania;Consumer;25.02.2026
C04267;Italy;Consumer;22.06.2024
C04268;Romania;Small Business;08.01.2023
C04269;Germany;Consumer;11.04.2025
C04270;United Kingdom;Small Business;14.02.2024
C04271;Romania;Consumer;15.07.2023
C04272;Italy;Consumer;30.07.2025
C04273;Romania;Consumer;25.11.2025
C04274;Italy;Consumer;05.06.2023
C04275;France;Consumer;16.01.2025
C04276;Romania;Small Business;03.04.2025
C04277;Romania;Consumer;22.03.2026
C04278;Romania;Corporate;11.01.2024
C04279;Romania;Consumer;12.09.2024
C04280;Romania;Consumer;02.06.2024
C04281;Netherlands;Consumer;21.04.2024
C04282;Romania;Small Business;22.06.2026
C04283;Italy;Consumer;16.04.2025
C04284;Romania;Consumer;20.07.2023
C04285;Netherlands;Consumer;07.01.2026
C04286;Romania;Consumer;14.05.2023
C04287;Romania;Consumer;23.01.2026
C04288;Germany;Small Business;06.06.2024
C04289;Romania;Consumer;12.05.2025
C04290;France;Small Business;07.01.2026
C04291;Romania;Consumer;17.01.2026
C04292;Germany;Small Business;26.07.2023
C04293;Germany;Corporate;01.06.2024
C04294;Germany;Small Business;13.04.2023
C04295;Romania;Corporate;31.03.2025
C04296;Romania;Small Business;18.06.2024
C04297;Romania;Consumer;28.06.2026
C04298;Romania;Consumer;17.03.2025
C04299;Romania;Consumer;17.07.2023
C04300;Spain;Consumer;02.01.2024
C04301;Germany;Consumer;23.10.2025
C04302;United Kingdom;Consumer;02.07.2023
C04303;Romania;Small Business;15.12.2025
C04304;Romania;Consumer;07.02.2025
C04305;Germany;Consumer;28.10.2024
C04306;Romania;Consumer;31.08.2024
C04307;Romania;Corporate;08.02.2023
C04308;Romania;Consumer;16.10.2023
C04309;Germany;Consumer;20.10.2024
C04310;Netherlands;Consumer;11.09.2024
C04311;Romania;Corporate;01.10.2023
C04312;Germany;Consumer;21.10.2025
C04313;Romania;Consumer;23.07.2024
C04314;Romania;Consumer;09.05.2024
C04315;United Kingdom;Consumer;27.08.2025
C04316;Romania;Small Business;09.07.2023
C04317;Germany;Consumer;11.03.2023
C04318;Romania;Small Business;16.02.2024
C04319;Romania;Consumer;01.01.2023
C04320;Spain;Corporate;18.04.2024
C04321;Romania;Consumer;20.06.2023
C04322;France;Corporate;21.04.2025
C04323;Romania;Consumer;27.02.2023
C04324;Spain;Consumer;21.09.2023
C04325;Romania;Consumer;29.11.2023
C04326;Romania;Small Business;31.01.2025
C04327;France;Small Business;30.05.2024
C04328;Romania;Consumer;07.09.2025
C04329;Romania;Consumer;06.05.2024
C04330;Netherlands;Consumer;08.02.2023
C04331;Germany;Consumer;10.05.2026
C04332;United Kingdom;Small Business;23.03.2024
C04333;United Kingdom;Consumer;17.11.2024
C04334;Italy;Consumer;31.03.2026
C04335;Italy;Consumer;11.04.2025
C04336;Germany;Consumer;05.01.2025
C04337;Romania;Corporate;09.03.2024
C04338;Romania;Consumer;20.11.2025
C04339;United Kingdom;Corporate;06.09.2023
C04340;Italy;Small Business;08.09.2024
C04341;Romania;Consumer;22.03.2024
C04342;Romania;Consumer;05.05.2023
C04343;Romania;Small Business;20.12.2023
C04344;Germany;Small Business;27.08.2023
C04345;Italy;Consumer;26.04.2023
C04346;Romania;Corporate;25.08.2025
C04347;United Kingdom;Consumer;26.06.2025
C04348;France;Consumer;07.01.2026
C04349;Spain;Consumer;08.02.2023
C04350;Romania;Small Business;19.08.2024
C04351;Spain;Consumer;22.04.2025
C04352;Germany;Consumer;02.02.2023
C04353;France;Consumer;28.07.2024
C04354;Romania;Consumer;08.06.2023
C04355;Germany;Consumer;24.01.2023
C04356;United Kingdom;Small Business;21.07.2025
C04357;Romania;Consumer;02.05.2023
C04358;Romania;Corporate;17.01.2024
C04359;Germany;Small Business;19.06.2026
C04360;Germany;Small Business;24.04.2026
C04361;Romania;Corporate;23.02.2023
C04362;Romania;Consumer;26.05.2024
C04363;Romania;Consumer;21.03.2024
C04364;Spain;Consumer;04.03.2025
C04365;Netherlands;Consumer;31.05.2025
C04366;Romania;Consumer;06.04.2023
C04367;Romania;Small Business;26.06.2024
C04368;Romania;Small Business;24.12.2023
C04369;Romania;Consumer;07.06.2026
C04370;Italy;Small Business;08.01.2024
C04371;Germany;Consumer;11.02.2023
C04372;Romania;Consumer;07.03.2025
C04373;Romania;Consumer;20.01.2026
C04374;Romania;Consumer;14.11.2025
C04375;Italy;Consumer;21.06.2023
C04376;United Kingdom;Consumer;05.08.2025
C04377;Germany;Consumer;19.09.2023
C04378;Romania;Consumer;04.07.2023
C04379;Spain;Small Business;05.11.2024
C04380;Romania;Consumer;24.10.2025
C04381;Italy;Small Business;16.01.2026
C04382;Italy;Consumer;28.02.2025
C04383;Germany;Consumer;12.06.2024
C04384;Italy;Consumer;17.01.2025
C04385;Romania;Corporate;10.01.2024
C04386;United Kingdom;Consumer;22.06.2023
C04387;Romania;Consumer;27.05.2024
C04388;Romania;Small Business;04.08.2023
C04389;Romania;Small Business;01.05.2023
C04390;Romania;Small Business;11.08.2025
C04391;Romania;Small Business;05.12.2025
C04392;Romania;Consumer;13.08.2025
C04393;Germany;Small Business;13.03.2026
C04394;Romania;Consumer;10.09.2024
C04395;Romania;Small Business;12.05.2025
C04396;Netherlands;Consumer;16.09.2023
C04397;Spain;Consumer;21.07.2024
C04398;Romania;Consumer;09.05.2023
C04399;Romania;Small Business;22.02.2025
C04400;United Kingdom;Consumer;10.07.2024
C04401;France;Small Business;05.12.2024
C04402;Romania;Consumer;26.12.2025
C04403;France;Consumer;07.03.2023
C04404;Romania;Consumer;21.07.2024
C04405;Romania;Consumer;02.08.2025
C04406;United Kingdom;Small Business;18.04.2025
C04407;United Kingdom;Corporate;08.07.2025
C04408;Italy;Small Business;17.12.2025
C04409;Romania;Consumer;03.04.2024
C04410;Romania;Consumer;18.03.2024
C04411;Romania;Corporate;11.11.2025
C04412;Romania;Small Business;15.08.2024
C04413;Romania;Small Business;23.08.2025
C04414;Germany;Consumer;09.11.2023
C04415;Germany;Small Business;31.03.2026
C04416;United Kingdom;Consumer;09.09.2024
C04417;Romania;Small Business;16.06.2026
C04418;Romania;Small Business;24.07.2024
C04419;United Kingdom;Corporate;23.02.2023
C04420;Romania;Consumer;02.12.2023
C04421;Italy;Small Business;12.07.2024
C04422;Romania;Consumer;19.06.2023
C04423;Germany;Consumer;14.09.2025
C04424;Italy;Small Business;20.03.2024
C04425;Germany;Consumer;16.11.2025
C04426;Germany;Consumer;15.05.2026
C04427;United Kingdom;Small Business;16.04.2023
C04428;Romania;Small Business;22.12.2023
C04429;United Kingdom;Consumer;13.02.2025
C04430;Italy;Consumer;09.01.2026
C04431;Netherlands;Small Business;20.02.2026
C04432;Romania;Consumer;06.09.2023
C04433;Romania;Consumer;17.10.2023
C04434;France;Consumer;11.09.2023
C04435;Germany;Small Business;19.03.2024
C04436;Romania;Consumer;19.02.2025
C04437;Romania;Consumer;18.05.2024
C04438;Romania;Corporate;18.05.2024
C04439;Romania;Small Business;22.01.2025
C04440;Romania;Consumer;17.12.2024
C04441;Romania;Small Business;20.11.2023
C04442;Romania;Corporate;19.03.2023
C04443;Spain;Consumer;09.10.2023
C04444;Romania;Consumer;21.09.2025
C04445;Romania;Consumer;11.08.2025
C04446;Romania;Corporate;06.06.2023
C04447;Romania;Small Business;05.05.2024
C04448;Netherlands;Consumer;03.11.2025
C04449;Spain;Corporate;26.10.2025
C04450;Romania;Small Business;22.01.2023
C04451;Romania;Consumer;29.09.2025
C04452;Romania;Corporate;01.10.2025
C04453;Romania;Small Business;29.05.2023
C04454;Romania;Small Business;29.03.2024
C04455;Romania;Corporate;10.03.2023
C04456;Romania;Consumer;16.04.2025
C04457;Germany;Small Business;04.01.2026
C04458;Romania;Consumer;17.08.2023
C04459;Romania;Small Business;25.03.2024
C04460;Germany;Small Business;16.11.2024
C04461;Romania;Small Business;02.04.2023
C04462;Romania;Small Business;17.01.2024
C04463;Romania;Small Business;05.10.2023
C04464;Romania;Consumer;06.01.2023
C04465;Romania;Consumer;02.05.2025
C04466;France;Consumer;14.07.2025
C04467;Spain;Small Business;13.04.2023
C04468;Romania;Consumer;17.06.2023
C04469;Romania;Consumer;01.04.2023
C04470;United Kingdom;Consumer;14.04.2026
C04471;United Kingdom;Consumer;27.12.2024
C04472;Romania;Consumer;24.11.2024
C04473;Romania;Corporate;20.04.2023
C04474;Romania;Small Business;03.01.2023
C04475;Germany;Consumer;30.03.2026
C04476;Romania;Small Business;20.04.2026
C04477;Romania;Consumer;25.11.2024
C04478;Romania;Consumer;19.06.2023
C04479;Romania;Consumer;07.02.2023
C04480;Romania;Small Business;30.11.2025
C04481;United Kingdom;Consumer;05.11.2024
C04482;Germany;Consumer;25.02.2024
C04483;Romania;Consumer;16.01.2023
C04484;Romania;Consumer;25.12.2024
C04485;Italy;Consumer;25.01.2026
C04486;Romania;Consumer;02.12.2025
C04487;Romania;Corporate;22.07.2025
C04488;Romania;Consumer;06.03.2023
C04489;France;Consumer;23.08.2025
C04490;France;Consumer;17.05.2025
C04491;Italy;Consumer;06.12.2025
C04492;Germany;Small Business;09.07.2023
C04493;Romania;Consumer;05.01.2026
C04494;Romania;Consumer;03.07.2025
C04495;;Corporate;03.09.2025
C04496;United Kingdom;Small Business;25.07.2023
C04497;Germany;Consumer;27.12.2025
C04498;Romania;Consumer;29.01.2023
C04499;Italy;Small Business;11.10.2023
C04500;Romania;Small Business;18.07.2023
C04501;Romania;Corporate;23.10.2023
C04502;Romania;Consumer;09.03.2025
C04503;Italy;Small Business;26.03.2026
C04504;Spain;Consumer;11.06.2026
C04505;Germany;Consumer;19.05.2023
C04506;Spain;Small Business;22.05.2026
C04507;Italy;Small Business;20.05.2023
C04508;Italy;Consumer;09.08.2025
C04509;Italy;Consumer;23.08.2023
C04510;Romania;Small Business;18.11.2025
C04511;France;Consumer;21.03.2024
C04512;Germany;Consumer;20.01.2026
C04513;United Kingdom;Consumer;22.11.2024
C04514;Romania;Consumer;05.11.2024
C04515;France;Small Business;19.10.2023
C04516;Spain;Consumer;19.10.2024
C04517;Romania;Consumer;23.04.2025
C04518;Netherlands;Small Business;28.06.2023
C04519;Romania;Consumer;30.06.2023
C04520;Romania;Consumer;29.06.2024
C04521;Romania;Consumer;28.11.2025
C04522;France;Small Business;26.03.2024
C04523;Germany;Small Business;09.06.2024
C04524;Romania;Small Business;08.05.2026
C04525;Germany;Consumer;07.12.2023
C04526;Romania;Small Business;12.04.2024
C04527;Romania;Consumer;12.12.2025
C04528;Italy;Consumer;23.10.2024
C04529;United Kingdom;Consumer;22.05.2023
C04530;France;Consumer;02.10.2023
C04531;Germany;Consumer;28.05.2026
C04532;Netherlands;Consumer;31.10.2025
C04533;Romania;Corporate;27.04.2026
C04534;Romania;Corporate;04.09.2024
C04535;Romania;Consumer;15.02.2025
C04536;Germany;Corporate;25.06.2023
C04537;;Small Business;27.06.2025
C04538;United Kingdom;Consumer;27.12.2024
C04539;Romania;Corporate;17.02.2023
C04540;Romania;Small Business;16.12.2025
C04541;United Kingdom;Consumer;11.07.2024
C04542;Netherlands;Consumer;21.06.2026
C04543;Romania;Consumer;02.02.2026
C04544;Romania;Corporate;20.06.2024
C04545;Romania;Consumer;15.01.2023
C04546;Romania;Consumer;07.07.2023
C04547;Romania;Consumer;06.01.2024
C04548;Romania;Consumer;15.01.2024
C04549;United Kingdom;Consumer;27.03.2024
C04550;Romania;Corporate;03.05.2026
C04551;Romania;Consumer;11.05.2025
C04552;Romania;Small Business;01.09.2023
C04553;Spain;Consumer;18.06.2025
C04554;Romania;Consumer;14.03.2023
C04555;Romania;Consumer;25.03.2023
C04556;Romania;Consumer;12.07.2024
C04557;United Kingdom;Small Business;19.11.2025
C04558;Italy;Small Business;10.05.2024
C04559;Romania;Consumer;02.09.2023
C04560;Romania;Corporate;29.06.2026
C04561;Romania;Small Business;01.01.2024
C04562;Germany;Consumer;20.04.2025
C04563;Spain;Consumer;27.07.2023
C04564;Romania;Small Business;26.07.2023
C04565;Romania;Small Business;20.08.2025
C04566;France;Consumer;19.02.2026
C04567;France;Consumer;04.02.2023
C04568;Romania;Consumer;29.05.2026
C04569;Romania;Consumer;21.01.2024
C04570;Romania;Consumer;12.06.2026
C04571;France;Consumer;10.11.2024
C04572;United Kingdom;Consumer;04.09.2025
C04573;United Kingdom;Consumer;08.01.2023
C04574;Italy;Consumer;21.07.2023
C04575;Romania;Consumer;02.05.2026
C04576;Romania;Consumer;30.07.2023
C04577;Romania;Small Business;14.01.2026
C04578;Italy;Small Business;01.06.2023
C04579;Germany;Consumer;05.04.2025
C04580;Romania;Small Business;19.04.2024
C04581;Romania;Small Business;14.07.2024
C04582;United Kingdom;Consumer;26.06.2025
C04583;France;Corporate;18.07.2023
C04584;;Consumer;15.03.2024
C04585;Romania;Consumer;07.12.2024
C04586;Spain;Small Business;04.04.2024
C04587;France;Consumer;02.11.2023
C04588;United Kingdom;Consumer;26.02.2023
C04589;United Kingdom;Consumer;25.03.2025
C04590;Spain;Consumer;21.03.2023
C04591;Spain;Consumer;05.07.2023
C04592;Germany;Consumer;31.10.2023
C04593;Romania;Corporate;04.07.2025
C04594;Romania;Consumer;05.06.2023
C04595;France;Small Business;17.02.2024
C04596;United Kingdom;Consumer;05.04.2023
C04597;Romania;Consumer;02.10.2024
C04598;Romania;Corporate;19.08.2023
C04599;Spain;Consumer;26.07.2023
C04600;Italy;Consumer;13.02.2024
C04601;Spain;Small Business;24.11.2023
C04602;Romania;Consumer;04.03.2023
C04603;France;Consumer;28.07.2024
C04604;Italy;Corporate;03.10.2024
C04605;Romania;Consumer;07.08.2024
C04606;Romania;Small Business;17.07.2024
C04607;Netherlands;Consumer;29.06.2026
C04608;Romania;Consumer;17.12.2023
C04609;Germany;;03.03.2024
C04610;United Kingdom;Small Business;13.10.2024
C04611;United Kingdom;Consumer;18.04.2023
C04612;Romania;Small Business;15.06.2026
C04613;ROMANIA;Small Business;30.10.2024
C04614;Romania;Consumer;07.06.2025
C04615;Italy;Consumer;15.02.2024
C04616;Romania;Consumer;01.06.2025
C04617;United Kingdom;Small Business;25.01.2026
C04618;France;Consumer;08.01.2025
C04619;Romania;Small Business;26.09.2023
C04620;Romania;Consumer;22.05.2025
C04621;France;Corporate;27.12.2025
C04622;Romania;Corporate;04.06.2025
C04623;Romania;Consumer;26.04.2025
C04624;Romania;Consumer;14.08.2024
C04625;Spain;Consumer;28.08.2023
C04626;Germany;Consumer;06.07.2025
C04627;Romania;Small Business;01.06.2024
C04628;Netherlands;Consumer;22.10.2023
C04629;Romania;Consumer;20.09.2024
C04630;Romania;Corporate;29.01.2023
C04631;Romania;Corporate;27.10.2024
C04632;Romania;Consumer;29.11.2024
C04633;Romania;Corporate;21.05.2024
C04634;United Kingdom;Consumer;16.06.2025
C04635;Romania;Consumer;15.01.2025
C04636;United Kingdom;Consumer;11.04.2024
C04637;Romania;Consumer;03.07.2025
C04638;Romania;Consumer;29.05.2023
C04639;Romania;Consumer;07.10.2024
C04640;Germany;Consumer;29.06.2023
C04641;United Kingdom;Corporate;07.02.2025
C04642;Romania;Consumer;23.01.2023
C04643;Romania;Small Business;01.01.2026
C04644;Romania;Small Business;10.02.2023
C04645;France;Consumer;27.09.2024
C04646;Romania;Consumer;30.04.2025
C04647;France;Consumer;15.06.2024
C04648;Romania;Consumer;02.10.2023
C04649;Romania;Corporate;13.11.2023
C04650;United Kingdom;Consumer;11.12.2025
C04651;Romania;Small Business;26.06.2025
C04652;Romania;Small Business;08.01.2024
C04653;ROMANIA;Corporate;16.01.2023
C04654;Romania;Consumer;02.06.2024
C04655;Romania;Corporate;01.05.2023
C04656;Romania;Consumer;02.09.2025
C04657;Germany;Consumer;08.09.2025
C04658;France;Small Business;05.10.2023
C04659;Romania;Consumer;13.09.2025
C04660;Spain;Small Business;14.06.2025
C04661;United Kingdom;Consumer;12.05.2025
C04662;Spain;Small Business;13.06.2023
C04663;France;Small Business;22.07.2023
C04664;Spain;Consumer;09.11.2025
C04665;Germany;Consumer;21.02.2024
C04666;Romania;Consumer;06.11.2024
C04667;Romania;Small Business;22.08.2024
C04668;United Kingdom;Consumer;29.06.2026
C04669;Romania;Small Business;19.08.2023
C04670;France;Consumer;19.09.2025
C04671;Romania;Consumer;23.05.2023
C04672;Italy;Small Business;01.06.2026
C04673;Romania;Small Business;22.12.2024
C04674;Spain;Consumer;03.12.2023
C04675;Romania;Consumer;09.06.2024
C04676;Romania;Small Business;18.07.2025
C04677;France;Small Business;14.06.2024
C04678;France;Consumer;28.03.2023
C04679;France;Consumer;28.01.2024
C04680;Netherlands;Consumer;14.03.2026
C04681;Romania;Consumer;18.04.2024
C04682;Italy;Consumer;18.09.2024
C04683;Romania;Consumer;23.08.2023
C04684;Germany;Small Business;04.02.2023
C04685;Romania;Consumer;12.12.2023
C04686;Romania;Small Business;12.01.2026
C04687;Germany;Consumer;22.11.2024
C04688;France;Consumer;26.04.2024
C04689;Romania;Consumer;28.10.2024
C04690;Spain;Consumer;02.11.2025
C04691;Germany;Small Business;01.03.2026
C04692;Romania;Corporate;10.02.2024
C04693;United Kingdom;Small Business;28.11.2025
C04694;Romania;Small Business;19.10.2025
C04695;Romania;Small Business;10.01.2023
C04696;United Kingdom;Small Business;14.02.2026
C04697;Romania;Consumer;21.10.2023
C04698;Romania;Small Business;04.09.2025
C04699;France;Consumer;06.02.2026
C04700;Romania;Consumer;01.01.2025
C04701;France;Small Business;06.02.2024
C04702;France;Small Business;27.12.2025
C04703;Romania;Consumer;01.09.2024
C04704;Germany;Corporate;07.09.2025
C04705;Romania;Consumer;11.05.2025
C04706;United Kingdom;Small Business;14.02.2024
C04707;Romania;Corporate;24.11.2024
C04708;Spain;Consumer;14.09.2023
C04709;Romania;Corporate;07.01.2023
C04710;United Kingdom;Small Business;29.05.2025
C04711;Romania;Small Business;21.09.2023
C04712;Romania;Corporate;24.10.2024
C04713;Romania;Small Business;09.05.2023
C04714;Germany;Consumer;15.04.2025
C04715;Netherlands;Small Business;02.08.2023
C04716;Romania;Consumer;14.11.2023
C04717;Romania;Consumer;08.07.2023
C04718;Romania;Consumer;16.03.2026
C04719;Romania;Consumer;05.03.2025
C04720;Italy;Small Business;29.04.2025
C04721;Spain;Corporate;02.06.2024
C04722;Italy;Corporate;31.12.2025
C04723;Romania;Consumer;26.03.2023
C04724;Romania;Consumer;11.06.2024
C04725;France;Consumer;16.04.2023
C04726;Romania;Consumer;08.06.2025
C04727;United Kingdom;Consumer;27.04.2026
C04728;Romania;Consumer;17.07.2023
C04729;Romania;Corporate;02.10.2025
C04730;Italy;Consumer;20.11.2023
C04731;Romania;Small Business;20.03.2024
C04732;Netherlands;Small Business;02.01.2025
C04733;Romania;Small Business;01.08.2024
C04734;Romania;Consumer;27.08.2023
C04735;Romania;Consumer;07.11.2024
C04736;Romania;Corporate;10.09.2023
C04737;Germany;Consumer;05.07.2025
C04738;Romania;Consumer;03.04.2023
C04739;United Kingdom;Corporate;30.10.2025
C04740;Italy;Small Business;05.06.2026
C04741;Romania;Small Business;10.08.2025
C04742;Romania;Consumer;12.02.2025
C04743;Romania;Consumer;16.07.2024
C04744;France;Small Business;06.11.2024
C04745;Germany;Consumer;15.10.2024
C04746;Romania;Consumer;07.02.2026
C04747;Germany;Consumer;12.06.2023
C04748;Romania;Consumer;28.01.2025
C04749;Romania;Consumer;02.12.2024
C04750;Romania;Small Business;02.12.2023
C04751;Netherlands;Consumer;10.06.2024
C04752;Romania;Consumer;25.08.2024
C04753;Romania;Corporate;14.02.2023
C04754;Romania;Corporate;01.09.2024
C04755;ROMANIA;Small Business;06.08.2023
C04756;Romania;Corporate;22.05.2024
C04757;Romania;Consumer;22.12.2023
C04758;Romania;Consumer;19.08.2025
C04759;United Kingdom;Consumer;20.05.2023
C04760;Romania;Consumer;24.11.2023
C04761;ROMANIA;Small Business;23.07.2023
C04762;Romania;Small Business;08.09.2024
C04763;Romania;Consumer;19.04.2024
C04764;Spain;Consumer;03.08.2024
C04765;France;Corporate;01.04.2023
C04766;Romania;Consumer;16.01.2026
C04767;Italy;Consumer;13.06.2026
C04768;Germany;Consumer;09.03.2026
C04769;Romania;Consumer;24.09.2024
C04770;Italy;Consumer;30.04.2025
C04771;France;Consumer;05.03.2023
C04772;Romania;Consumer;18.02.2025
C04773;Germany;Consumer;26.07.2025
C04774;Romania;Consumer;23.09.2025
C04775;Romania;Consumer;01.01.2023
C04776;Netherlands;Consumer;04.06.2024
C04777;Germany;Consumer;11.09.2024
C04778;Germany;Small Business;05.09.2024
C04779;Germany;Small Business;01.12.2024
C04780;Germany;Consumer;12.06.2025
C04781;Romania;Consumer;26.10.2023
C04782;Netherlands;Consumer;27.04.2025
C04783;United Kingdom;Consumer;01.02.2025
C04784;United Kingdom;Small Business;13.09.2023
C04785;Romania;Corporate;16.03.2025
C04786;Romania;Consumer;27.10.2024
C04787;Romania;Consumer;23.10.2025
C04788;Romania;Consumer;15.05.2024
C04789;Romania;Consumer;11.02.2026
C04790;United Kingdom;Consumer;15.11.2024
C04791;Italy;Consumer;15.04.2026
C04792;Romania;Consumer;10.05.2023
C04793;Romania;Small Business;11.06.2023
C04794;United Kingdom;Small Business;06.10.2023
C04795;Romania;Consumer;07.11.2025
C04796;Spain;Corporate;08.10.2024
C04797;Romania;Small Business;11.05.2025
C04798;Romania;Consumer;25.01.2023
C04799;Romania;Corporate;18.04.2024
C04800;Spain;Small Business;26.03.2024
C04801;Romania;Consumer;23.03.2026
C04802;United Kingdom;Consumer;14.05.2023
C04803;Romania;Consumer;02.01.2026
C04804;Romania;Small Business;14.04.2024
C04805;Italy;Corporate;15.09.2025
C04806;Romania;Consumer;07.01.2024
C04807;Romania;Consumer;15.03.2023
C04808;Germany;Consumer;16.05.2025
C04809;Italy;Small Business;14.08.2023
C04810;Romania;Consumer;17.03.2026
C04811;Romania;Consumer;17.10.2023
C04812;Netherlands;Consumer;07.06.2026
C04813;United Kingdom;Small Business;20.03.2024
C04814;Italy;Consumer;02.08.2024
C04815;France;Consumer;20.12.2023
C04816;United Kingdom;Consumer;29.03.2026
C04817;Romania;Consumer;17.02.2025
C04818;Romania;Consumer;06.08.2025
C04819;United Kingdom;Consumer;08.04.2023
C04820;United Kingdom;Small Business;02.11.2023
C04821;Spain;Consumer;29.01.2025
C04822;ROMANIA;Consumer;13.09.2024
C04823;Romania;Consumer;21.05.2026
C04824;Germany;Consumer;11.07.2025
C04825;United Kingdom;Consumer;14.01.2024
C04826;Romania;Consumer;02.08.2024
C04827;France;Consumer;05.08.2025
C04828;Germany;Consumer;06.06.2024
C04829;Romania;Corporate;31.10.2024
C04830;Germany;Consumer;16.10.2025
C04831;United Kingdom;Consumer;02.01.2024
C04832;Spain;Corporate;08.05.2023
C04833;Romania;Consumer;10.06.2024
C04834;Germany;Small Business;07.10.2023
C04835;Romania;Consumer;04.12.2024
C04836;Germany;Consumer;24.12.2025
C04837;Romania;Corporate;29.08.2025
C04838;Italy;Consumer;19.07.2025
C04839;Spain;Corporate;21.11.2024
C04840;Germany;Consumer;07.02.2026
C04841;Germany;Consumer;25.08.2025
C04842;Romania;Consumer;30.05.2023
C04843;Germany;Consumer;15.01.2024
C04844;Romania;Consumer;07.05.2026
C04845;United Kingdom;Corporate;03.04.2023
C04846;Romania;Consumer;03.12.2024
C04847;United Kingdom;Small Business;26.03.2025
C04848;Romania;Consumer;14.05.2024
C04849;United Kingdom;Consumer;17.06.2025
C04850;United Kingdom;Consumer;08.04.2023
C04851;Romania;Consumer;07.10.2023
C04852;Romania;Consumer;14.01.2024
C04853;Italy;Corporate;07.08.2023
C04854;Germany;Small Business;12.07.2024
C04855;ROMANIA;Consumer;20.08.2024
C04856;Romania;Consumer;10.04.2026
C04857;Romania;Consumer;11.09.2024
C04858;United Kingdom;Consumer;23.08.2025
C04859;United Kingdom;Small Business;23.04.2023
C04860;Romania;Consumer;17.03.2023
C04861;Germany;Consumer;18.05.2024
C04862;France;Consumer;23.02.2024
C04863;France;Corporate;24.03.2026
C04864;Romania;Small Business;19.09.2024
C04865;Romania;Corporate;13.09.2024
C04866;Romania;Consumer;20.12.2025
C04867;Romania;Consumer;09.01.2026
C04868;Romania;Consumer;17.09.2025
C04869;Romania;Corporate;12.07.2024
C04870;Romania;Consumer;03.10.2023
C04871;United Kingdom;Small Business;15.02.2023
C04872;Romania;Consumer;06.03.2023
C04873;United Kingdom;Consumer;06.11.2025
C04874;Romania;Consumer;18.06.2023
C04875;Germany;Consumer;13.06.2024
C04876;Romania;Small Business;04.10.2024
C04877;France;Corporate;10.12.2024
C04878;France;Consumer;25.04.2023
C04879;Romania;Consumer;29.10.2024
C04880;United Kingdom;Small Business;15.11.2023
C04881;Romania;Consumer;10.03.2024
C04882;Germany;Small Business;14.11.2025
C04883;Romania;Small Business;10.08.2024
C04884;Romania;Consumer;27.05.2024
C04885;Romania;Consumer;21.01.2023
C04886;Italy;Consumer;25.06.2026
C04887;Romania;Consumer;27.01.2025
C04888;Germany;Corporate;22.08.2025
C04889;Romania;Consumer;07.07.2024
C04890;Romania;Consumer;05.12.2023
C04891;Romania;Consumer;15.12.2023
C04892;Spain;Small Business;08.02.2026
C04893;France;Consumer;03.11.2024
C04894;Romania;Consumer;25.03.2024
C04895;France;Small Business;19.06.2025
C04896;Romania;Consumer;15.06.2023
C04897;Romania;Consumer;22.08.2024
C04898;Germany;Consumer;11.07.2024
C04899;Romania;Consumer;02.03.2026
C04900;Romania;Corporate;15.10.2025
C04901;United Kingdom;Small Business;06.09.2025
C04902;Romania;Corporate;28.11.2023
C04903;Italy;Corporate;25.10.2024
C04904;United Kingdom;Consumer;05.06.2026
C04905;Italy;Consumer;25.01.2023
C04906;United Kingdom;Small Business;11.04.2025
C04907;Italy;Consumer;07.03.2024
C04908;Romania;Corporate;04.08.2025
C04909;Germany;Consumer;22.09.2024
C04910;Germany;Consumer;12.06.2025
C04911;Spain;Small Business;16.11.2023
C04912;Romania;Corporate;30.01.2026
C04913;Germany;Consumer;04.12.2025
C04914;France;Consumer;24.03.2025
C04915;Romania;Consumer;13.07.2023
C04916;Italy;Consumer;18.09.2023
C04917;Romania;Small Business;23.05.2024
C04918;Romania;Consumer;21.09.2025
C04919;Germany;Small Business;22.04.2026
C04920;Romania;Consumer;15.02.2025
C04921;Romania;Consumer;12.04.2026
C04922;Romania;Corporate;09.09.2023
C04923;Romania;Consumer;05.08.2025
C04924;France;Consumer;10.11.2024
C04925;Italy;Consumer;29.06.2023
C04926;Germany;Corporate;05.06.2025
C04927;Romania;Consumer;26.02.2026
C04928;Germany;Consumer;26.07.2024
C04929;Italy;Small Business;22.11.2023
C04930;France;Small Business;21.01.2024
C04931;Romania;Consumer;06.02.2025
C04932;Romania;Consumer;30.05.2025
C04933;Spain;Consumer;04.10.2023
C04934;Italy;Corporate;26.05.2025
C04935;Romania;Small Business;11.08.2025
C04936;Italy;Corporate;22.01.2023
C04937;Romania;Corporate;04.05.2024
C04938;Romania;Consumer;26.10.2023
C04939;France;Consumer;09.10.2025
C04940;Germany;Small Business;04.04.2025
C04941;Romania;Small Business;11.11.2024
C04942;Spain;Small Business;14.10.2023
C04943;Italy;Consumer;06.09.2024
C04944;Romania;Corporate;13.05.2026
C04945;United Kingdom;Small Business;23.06.2026
C04946;France;Small Business;27.07.2023
C04947;Germany;Consumer;10.09.2024
C04948;Netherlands;Consumer;12.08.2025
C04949;United Kingdom;Small Business;15.01.2024
C04950;Romania;Small Business;27.06.2026
C04951;Romania;Consumer;18.08.2024
C04952;Italy;Consumer;18.03.2024
C04953;Netherlands;Small Business;16.04.2026
C04954;Romania;Corporate;08.02.2025
C04955;Romania;Consumer;21.03.2023
C04956;France;Consumer;15.05.2023
C04957;Romania;Consumer;04.06.2026
C04958;Romania;Consumer;04.03.2025
C04959;Italy;Consumer;15.01.2026
C04960;France;Consumer;14.06.2026
C04961;Italy;Consumer;08.08.2025
C04962;United Kingdom;Consumer;26.05.2026
C04963;Romania;Consumer;02.05.2026
C04964;Spain;Corporate;09.06.2024
C04965;Romania;Consumer;26.03.2025
C04966;Romania;Small Business;13.11.2025
C04967;Italy;Consumer;24.04.2026
C04968;United Kingdom;Small Business;20.11.2025
C04969;Italy;Small Business;27.10.2025
C04970;Romania;Consumer;22.02.2024
C04971;Spain;Small Business;01.07.2024
C04972;United Kingdom;Small Business;15.11.2025
C04973;United Kingdom;Consumer;11.06.2023
C04974;Spain;Small Business;27.07.2023
C04975;Romania;Consumer;02.10.2025
C04976;United Kingdom;Consumer;03.06.2026
C04977;United Kingdom;Corporate;17.06.2024
C04978;France;Consumer;07.01.2026
C04979;Italy;Consumer;29.03.2024
C04980;United Kingdom;Consumer;13.10.2024
C04981;Romania;Corporate;27.05.2026
C04982;Romania;Consumer;06.05.2024
C04983;Spain;Consumer;02.02.2026
C04984;Netherlands;Small Business;22.04.2026
C04985;Netherlands;Small Business;30.07.2025
C04986;Romania;Consumer;01.04.2023
C04987;Romania;Corporate;10.05.2026
C04988;France;Consumer;27.09.2024
C04989;France;Consumer;05.01.2024
C04990;Romania;Consumer;13.09.2024
C04991;Germany;Consumer;15.07.2024
C04992;Romania;Small Business;01.05.2024
C04993;Germany;Consumer;14.05.2025
C04994;Romania;Consumer;24.05.2023
C04995;Romania;Consumer;18.03.2025
C04996;Romania;Consumer;17.11.2023
C04997;Spain;Small Business;07.10.2025
C04998;France;Consumer;08.06.2026
C04999;Spain;Corporate;26.08.2024
C05000;Romania;Consumer;27.10.2025
C05001;Romania;Corporate;14.02.2024
C05002;Romania;Small Business;05.12.2025
C05003;United Kingdom;Consumer;11.11.2024
C05004;Romania;Consumer;12.10.2024
C05005;France;Small Business;10.05.2023
C05006;France;Consumer;24.04.2025
C05007;Italy;Consumer;06.10.2025
C05008;Romania;Small Business;06.10.2024
C05009;Germany;Corporate;23.07.2023
C05010;Romania;Small Business;14.05.2025
C05011;Romania;Small Business;09.03.2025
C05012;United Kingdom;Consumer;06.01.2026
C05013;Germany;Small Business;03.05.2026
C05014;United Kingdom;Consumer;06.11.2023
C05015;Romania;Small Business;08.01.2024
C05016;Netherlands;Small Business;28.04.2026
C05017;Netherlands;Consumer;01.06.2023
C05018;Romania;Corporate;11.03.2026
C05019;Italy;Consumer;16.07.2023
C05020;Romania;Consumer;19.06.2024
C05021;France;Consumer;26.06.2023
C05022;Italy;Consumer;31.05.2026
C05023;France;Consumer;30.09.2024
C05024;France;Corporate;31.01.2026
C05025;Romania;Consumer;09.02.2023
C05026;France;Small Business;21.02.2023
C05027;United Kingdom;Consumer;10.11.2024
C05028;Romania;Small Business;23.02.2023
C05029;Romania;Small Business;25.11.2024
C05030;France;Consumer;21.06.2025
C05031;United Kingdom;Consumer;15.09.2024
C05032;Germany;Small Business;26.09.2025
C05033;Spain;Consumer;10.05.2023
C05034;United Kingdom;Consumer;14.11.2023
C05035;Romania;Consumer;24.07.2023
C05036;Romania;Consumer;28.09.2024
C05037;Germany;Corporate;20.05.2024
C05038;France;Corporate;19.11.2024
C05039;Germany;Small Business;15.07.2023
C05040;Germany;Consumer;22.07.2024
C05041;United Kingdom;Corporate;03.09.2025
C05042;United Kingdom;Consumer;30.03.2023
C05043;Italy;Corporate;01.10.2025
C05044;Romania;Consumer;07.10.2023
C05045;France;Consumer;13.01.2026
C05046;Germany;Small Business;05.11.2025
C05047;Romania;Corporate;24.07.2024
C05048;United Kingdom;Consumer;04.04.2023
C05049;United Kingdom;Consumer;04.03.2025
C05050;Germany;Consumer;09.03.2024
C05051;France;Corporate;20.03.2025
C05052;Romania;Small Business;16.11.2025
C05053;Romania;Corporate;05.05.2026
C05054;Romania;Small Business;22.05.2024
C05055;Romania;Small Business;13.06.2026
C05056;United Kingdom;Consumer;14.11.2023
C05057;Italy;Consumer;20.04.2026
C05058;United Kingdom;Small Business;02.07.2023
C05059;Romania;Consumer;21.11.2024
C05060;Romania;Consumer;08.05.2025
C05061;Romania;Consumer;23.02.2023
C05062;United Kingdom;Small Business;20.07.2024
C05063;Romania;Small Business;20.12.2023
C05064;Germany;Consumer;06.11.2025
C05065;France;Corporate;29.08.2024
C05066;United Kingdom;Consumer;13.05.2023
C05067;Romania;Consumer;19.02.2023
C05068;Romania;Consumer;31.01.2023
C05069;United Kingdom;Consumer;17.02.2023
C05070;Germany;Consumer;10.09.2024
C05071;Romania;Small Business;18.02.2024
C05072;Italy;Small Business;24.09.2023
C05073;Germany;Consumer;09.05.2024
C05074;Romania;Small Business;12.07.2024
C05075;Romania;Corporate;11.01.2025
C05076;Romania;Consumer;27.09.2024
C05077;Romania;Consumer;05.04.2026
C05078;Romania;Consumer;22.04.2024
C05079;Germany;Small Business;14.05.2024
C05080;Romania;Consumer;09.06.2024
C05081;Italy;Small Business;03.03.2023
C05082;Spain;Small Business;14.08.2025
C05083;Romania;Consumer;20.11.2024
C05084;Romania;Consumer;23.05.2024
C05085;France;Consumer;01.04.2024
C05086;Netherlands;Consumer;23.10.2024
C05087;Italy;Small Business;23.02.2026
C05088;Romania;Small Business;23.05.2024
C05089;Romania;Consumer;04.07.2024
C05090;Romania;Small Business;20.06.2023
C05091;Italy;Consumer;15.02.2024
C05092;Germany;Consumer;14.08.2025
C05093;Germany;Consumer;12.07.2025
C05094;Germany;Consumer;24.10.2025
C05095;Romania;Consumer;21.09.2024
C05096;Germany;Consumer;22.02.2026
C05097;Romania;Small Business;09.12.2024
C05098;United Kingdom;;16.06.2023
C05099;France;Consumer;14.07.2023
C05100;United Kingdom;Consumer;25.09.2024
C05101;Romania;Consumer;23.04.2024
C05102;Italy;Consumer;17.05.2023
C05103;United Kingdom;Consumer;01.03.2023
C05104;Romania;Consumer;28.02.2025
C05105;Romania;Corporate;21.08.2025
C05106;United Kingdom;Consumer;08.10.2023
C05107;Romania;Consumer;10.11.2023
C05108;Romania;Consumer;13.11.2024
C05109;Romania;Consumer;03.06.2023
C05110;Romania;Consumer;04.12.2025
C05111;Romania;Consumer;22.01.2025
C05112;Germany;Small Business;06.04.2024
C05113;Romania;Corporate;09.01.2025
C05114;United Kingdom;Small Business;27.07.2023
C05115;Romania;Consumer;07.02.2024
C05116;Romania;Consumer;09.11.2024
C05117;Romania;Consumer;12.05.2026
C05118;France;Small Business;12.12.2025
C05119;Spain;Consumer;21.03.2025
C05120;Germany;Small Business;03.03.2024
C05121;;Consumer;28.03.2026
C05122;Romania;Consumer;14.06.2023
C05123;Romania;Consumer;19.01.2024
C05124;Italy;Consumer;02.07.2024
C05125;Romania;Small Business;05.12.2024
C05126;Netherlands;Consumer;10.05.2025
C05127;Germany;Consumer;11.06.2024
C05128;Germany;Consumer;17.04.2026
C05129;Italy;Small Business;11.06.2024
C05130;Romania;Consumer;14.03.2025
C05131;France;Consumer;02.03.2023
C05132;Romania;Consumer;20.07.2023
C05133;;Consumer;08.10.2023
C05134;Germany;Consumer;02.01.2023
C05135;Romania;Consumer;14.01.2026
C05136;Italy;Consumer;08.03.2025
C05137;Romania;Consumer;20.12.2025
C05138;Romania;Consumer;29.02.2024
C05139;France;Small Business;15.05.2023
C05140;Romania;Consumer;23.02.2024
C05141;Italy;Consumer;24.01.2023
C05142;United Kingdom;Small Business;23.01.2024
C05143;United Kingdom;Small Business;11.05.2023
C05144;Romania;Consumer;01.10.2023
C05145;Romania;Small Business;26.03.2025
C05146;Netherlands;Consumer;12.05.2026
C05147;Romania;Small Business;03.11.2023
C05148;Germany;Consumer;07.06.2026
C05149;Romania;Small Business;31.08.2025
C05150;Romania;Consumer;03.06.2023
C05151;Germany;Consumer;08.01.2023
C05152;France;Small Business;25.05.2023
C05153;France;Consumer;02.07.2025
C05154;Italy;Consumer;05.05.2025
C05155;;Consumer;05.02.2026
C05156;Romania;Consumer;01.11.2024
C05157;Romania;Consumer;27.02.2023
C05158;France;Consumer;29.06.2026
C05159;Romania;Consumer;11.01.2026
C05160;Germany;Consumer;03.07.2025
C05161;Romania;Corporate;17.03.2026
C05162;France;Consumer;23.12.2023
C05163;France;Consumer;14.11.2024
C05164;Italy;Consumer;10.11.2024
C05165;Romania;Consumer;30.12.2023
C05166;Netherlands;Small Business;25.06.2026
C05167;Romania;Small Business;19.12.2024
C05168;Romania;Small Business;18.03.2026
C05169;Romania;Corporate;01.02.2024
C05170;Romania;Consumer;05.04.2026
C05171;Germany;Small Business;17.08.2023
C05172;Romania;Consumer;24.11.2024
C05173;Romania;Corporate;13.10.2025
C05174;United Kingdom;Consumer;16.10.2025
C05175;Italy;Consumer;16.08.2025
C05176;United Kingdom;Small Business;17.02.2025
C05177;Germany;Consumer;09.01.2023
C05178;Romania;Corporate;04.01.2024
C05179;France;Small Business;11.10.2025
C05180;Romania;Small Business;30.09.2024
C05181;Romania;Consumer;03.04.2024
C05182;Romania;Consumer;27.01.2026
C05183;United Kingdom;Small Business;13.03.2024
C05184;Romania;Consumer;03.05.2024
C05185;United Kingdom;Consumer;31.05.2024
C05186;Romania;Corporate;11.03.2024
C05187;Romania;Corporate;07.10.2024
C05188;Romania;Corporate;05.05.2026
C05189;Romania;Consumer;26.06.2026
C05190;Romania;Consumer;02.03.2024
C05191;United Kingdom;Corporate;16.04.2024
C05192;Germany;Consumer;01.01.2026
C05193;Romania;Consumer;04.01.2025
C05194;United Kingdom;Consumer;16.08.2023
C05195;Romania;Small Business;01.12.2024
C05196;Romania;Consumer;07.10.2025
C05197;Romania;Consumer;29.05.2024
C05198;Germany;Consumer;24.02.2025
C05199;Romania;Consumer;15.09.2025
C05200;United Kingdom;Small Business;03.06.2023
C05201;Romania;Consumer;28.05.2026
C05202;France;Consumer;23.03.2023
C05203;Romania;Consumer;26.05.2023
C05204;United Kingdom;Consumer;16.01.2024
C05205;France;Consumer;26.01.2023
C05206;Romania;Corporate;18.04.2025
C05207;Romania;Consumer;01.11.2024
C05208;Germany;Consumer;04.04.2024
C05209;Netherlands;Consumer;14.06.2026
C05210;Netherlands;Corporate;12.12.2023
C05211;Romania;Small Business;26.01.2026
C05212;France;Consumer;12.01.2025
C05213;Romania;Consumer;03.06.2025
C05214;Romania;Consumer;30.04.2026
C05215;United Kingdom;Small Business;21.11.2023
C05216;Germany;Corporate;05.06.2023
C05217;Germany;Small Business;08.10.2025
C05218;Italy;Small Business;02.04.2025
C05219;Romania;Consumer;09.09.2023
C05220;United Kingdom;Consumer;10.03.2026
C05221;Romania;Consumer;04.07.2025
C05222;Romania;Small Business;21.11.2024
C05223;Romania;Consumer;18.06.2023
C05224;Spain;Consumer;15.05.2026
C05225;Germany;Consumer;01.11.2024
C05226;Romania;Consumer;01.02.2025
C05227;United Kingdom;Small Business;04.02.2023
C05228;Netherlands;Consumer;08.05.2025
C05229;Spain;Small Business;01.12.2025
C05230;Germany;Consumer;06.10.2025
C05231;Romania;Small Business;25.04.2024
C05232;Germany;Corporate;12.09.2023
C05233;France;Small Business;19.07.2024
C05234;Italy;Small Business;15.12.2024
C05235;France;Consumer;10.12.2023
C05236;Romania;Consumer;22.02.2025
C05237;Romania;Small Business;25.03.2026
C05238;Germany;Small Business;03.06.2023
C05239;Romania;Small Business;11.11.2023
C05240;Romania;Small Business;04.08.2024
C05241;Germany;Consumer;10.08.2023
C05242;United Kingdom;Consumer;10.09.2025
C05243;Italy;Corporate;19.03.2023
C05244;France;Consumer;21.02.2023
C05245;Italy;Small Business;11.06.2024
C05246;France;Consumer;19.06.2025
C05247;United Kingdom;Corporate;05.07.2023
C05248;Romania;Small Business;27.09.2025
C05249;United Kingdom;Consumer;13.08.2023
C05250;Romania;Small Business;25.04.2026
C05251;Romania;Consumer;16.10.2024
C05252;Romania;Consumer;05.09.2025
C05253;Italy;Small Business;07.02.2023
C05254;France;Consumer;03.07.2025
C05255;;Consumer;26.06.2024
C05256;Netherlands;Small Business;02.10.2024
C05257;Italy;Corporate;02.02.2023
C05258;Romania;Consumer;03.03.2025
C05259;Italy;Small Business;27.03.2026
C05260;Italy;Consumer;23.06.2026
C05261;Italy;Consumer;31.01.2026
C05262;Romania;Small Business;04.07.2025
C05263;Romania;Consumer;28.09.2023
C05264;Spain;Small Business;15.04.2024
C05265;Romania;Small Business;25.03.2023
C05266;Romania;Corporate;15.10.2023
C05267;Romania;Small Business;16.11.2023
C05268;Romania;Consumer;30.04.2025
C05269;Romania;Small Business;06.02.2023
C05270;Netherlands;Consumer;31.03.2026
C05271;Italy;Consumer;26.07.2025
C05272;Spain;Consumer;08.05.2025
C05273;Romania;Small Business;02.01.2025
C05274;Romania;Consumer;20.11.2023
C05275;Romania;Consumer;24.11.2024
C05276;Romania;Consumer;24.03.2025
C05277;Romania;Consumer;21.05.2025
C05278;France;Small Business;29.10.2025
C05279;Netherlands;Consumer;05.08.2024
C05280;Germany;Small Business;05.06.2024
C05281;Romania;Small Business;23.09.2025
C05282;Romania;Consumer;17.02.2025
C05283;Romania;Consumer;17.05.2024
C05284;Romania;Consumer;17.07.2024
C05285;Germany;Consumer;11.12.2024
C05286;Romania;Consumer;07.03.2025
C05287;Germany;Consumer;05.04.2024
C05288;Italy;Small Business;13.07.2023
C05289;Romania;Consumer;20.02.2026
C05290;Romania;Consumer;18.01.2024
C05291;Romania;Consumer;26.07.2023
C05292;Romania;Small Business;18.11.2023
C05293;Germany;Consumer;13.01.2026
C05294;France;Small Business;02.08.2023
C05295;Italy;Consumer;08.06.2025
C05296;United Kingdom;Corporate;12.06.2024
C05297;Romania;Consumer;14.02.2025
C05298;Romania;Consumer;16.07.2025
C05299;Romania;Consumer;11.10.2023
C05300;;Consumer;20.05.2024
C05301;Italy;Small Business;06.10.2025
C05302;Germany;Consumer;07.06.2026
C05303;Romania;Consumer;24.12.2025
C05304;Romania;Consumer;21.01.2024
C05305;Romania;Consumer;30.10.2023
C05306;Spain;Small Business;24.04.2026
C05307;Romania;Consumer;26.05.2025
C05308;Romania;Small Business;05.04.2025
C05309;Romania;Small Business;14.02.2024
C05310;France;Consumer;19.07.2023
C05311;Germany;Consumer;29.07.2023
C05312;United Kingdom;Consumer;27.04.2024
C05313;Romania;Consumer;31.10.2023
C05314;Romania;Small Business;28.09.2025
C05315;Italy;Consumer;27.08.2023
C05316;Romania;Consumer;08.03.2025
C05317;Romania;Small Business;08.07.2024
C05318;Germany;Consumer;13.09.2023
C05319;Romania;Small Business;30.03.2023
C05320;Romania;Small Business;19.04.2023
C05321;France;Consumer;07.01.2024
C05322;Germany;Consumer;06.12.2023
C05323;Romania;Consumer;10.01.2025
C05324;Romania;Corporate;15.05.2025
C05325;United Kingdom;Consumer;31.07.2023
C05326;Romania;Small Business;30.06.2024
C05327;Romania;Corporate;18.08.2024
C05328;United Kingdom;Consumer;19.07.2023
C05329;Germany;Small Business;15.09.2024
C05330;Netherlands;Consumer;22.03.2023
C05331;Romania;Consumer;02.02.2024
C05332;Romania;Corporate;19.07.2025
C05333;Germany;Consumer;09.11.2023
C05334;United Kingdom;Small Business;17.06.2025
C05335;Romania;Small Business;17.05.2023
C05336;Germany;Consumer;11.08.2024
C05337;Romania;Consumer;25.02.2026
C05338;Italy;Consumer;04.11.2024
C05339;Italy;Consumer;07.11.2025
C05340;Romania;Small Business;03.11.2023
C05341;Netherlands;Consumer;25.08.2023
C05342;Netherlands;Corporate;11.09.2024
C05343;;Consumer;13.11.2023
C05344;Romania;Consumer;18.07.2025
C05345;Germany;Consumer;25.03.2024
C05346;Romania;Consumer;11.09.2025
C05347;Romania;Consumer;14.02.2023
C05348;Romania;Consumer;10.03.2024
C05349;Spain;Consumer;06.11.2023
C05350;Romania;Consumer;16.05.2025
C05351;France;Consumer;20.09.2023
C05352;Romania;Consumer;12.09.2024
C05353;Romania;Consumer;04.04.2024
C05354;Italy;Consumer;01.08.2025
C05355;Romania;Small Business;17.04.2024
C05356;Romania;Consumer;31.05.2025
C05357;Romania;Consumer;24.04.2023
C05358;United Kingdom;Consumer;15.08.2025
C05359;Romania;Consumer;26.03.2025
C05360;Romania;Corporate;30.07.2023
C05361;Romania;Small Business;19.05.2023
C05362;Romania;Small Business;14.06.2026
C05363;Romania;Consumer;05.12.2023
C05364;Germany;Consumer;28.08.2024
C05365;Romania;Consumer;24.07.2024
C05366;Romania;Small Business;12.01.2024
C05367;United Kingdom;Consumer;16.08.2024
C05368;United Kingdom;Consumer;12.08.2023
C05369;Romania;Consumer;01.05.2025
C05370;Romania;Small Business;24.07.2023
C05371;Romania;Consumer;27.12.2024
C05372;Spain;Consumer;10.02.2024
C05373;Romania;Corporate;09.01.2025
C05374;Romania;Consumer;30.11.2024
C05375;Romania;Corporate;18.03.2025
C05376;Romania;Consumer;11.02.2025
C05377;Romania;Corporate;15.12.2023
C05378;Romania;Corporate;20.01.2025
C05379;United Kingdom;Consumer;16.10.2023
C05380;United Kingdom;Small Business;10.05.2024
C05381;United Kingdom;Consumer;02.10.2023
C05382;France;Consumer;12.11.2024
C05383;Romania;Consumer;21.09.2025
C05384;Spain;Consumer;11.02.2025
C05385;France;Consumer;05.05.2023
C05386;France;Consumer;09.04.2023
C05387;United Kingdom;Corporate;08.02.2024
C05388;Romania;Small Business;21.01.2025
C05389;Romania;Consumer;24.12.2023
C05390;Romania;Consumer;23.06.2026
C05391;Romania;Consumer;25.01.2025
C05392;Romania;Consumer;14.02.2026
C05393;Romania;Corporate;25.03.2026
C05394;Romania;Corporate;03.05.2023
C05395;Spain;Consumer;26.01.2026
C05396;United Kingdom;Consumer;06.03.2023
C05397;Germany;Consumer;15.05.2023
C05398;Romania;Consumer;20.11.2024
C05399;Germany;Consumer;20.11.2024
C05400;Italy;Consumer;07.04.2025
C05401;United Kingdom;Consumer;17.02.2023
C05402;Germany;Consumer;18.05.2023
C05403;Romania;Small Business;08.10.2025
C05404;Romania;Small Business;24.01.2025
C05405;United Kingdom;Consumer;23.04.2024
C05406;Netherlands;Consumer;21.08.2023
C05407;Romania;Small Business;02.10.2023
C05408;Romania;Consumer;27.01.2024
C05409;Romania;Small Business;09.09.2024
C05410;Romania;Consumer;04.11.2025
C05411;Netherlands;Corporate;09.07.2024
C05412;United Kingdom;Consumer;12.07.2024
C05413;Romania;Small Business;18.04.2026
C05414;Romania;Consumer;29.04.2023
C05415;Romania;Small Business;12.02.2023
C05416;Romania;Consumer;20.06.2026
C05417;Germany;Consumer;27.04.2026
C05418;France;Small Business;29.05.2024
C05419;United Kingdom;Consumer;27.10.2023
C05420;Romania;Consumer;06.06.2023
C05421;United Kingdom;Consumer;05.07.2023
C05422;United Kingdom;Small Business;12.02.2026
C05423;Romania;Small Business;04.08.2025
C05424;United Kingdom;Consumer;13.12.2025
C05425;United Kingdom;Small Business;28.10.2024
C05426;Italy;Corporate;19.04.2025
C05427;Romania;Small Business;16.02.2026
C05428;Romania;Consumer;01.04.2024
C05429;Germany;Consumer;23.11.2024
C05430;Romania;Consumer;03.01.2024
C05431;Romania;Consumer;06.10.2024
C05432;France;Consumer;29.09.2023
C05433;Romania;Small Business;21.09.2023
C05434;Romania;Consumer;31.03.2024
C05435;Netherlands;Consumer;26.04.2026
C05436;Germany;Consumer;13.12.2023
C05437;Germany;Consumer;27.04.2025
C05438;Germany;Small Business;30.12.2024
C05439;Romania;Consumer;06.02.2025
C05440;Romania;Corporate;16.06.2023
C05441;ROMANIA;Consumer;05.10.2025
C05442;Romania;Consumer;28.09.2025
C05443;Romania;Small Business;10.05.2023
C05444;Romania;Small Business;17.05.2024
C05445;Italy;Consumer;10.01.2026
C05446;Romania;Small Business;30.10.2023
C05447;France;Consumer;30.09.2024
C05448;ROMANIA;Consumer;21.11.2025
C05449;Germany;Consumer;20.10.2025
C05450;Romania;Consumer;09.05.2024
C05451;Romania;Small Business;28.06.2025
C05452;Germany;Consumer;02.04.2026
C05453;United Kingdom;Small Business;29.07.2024
C05454;Romania;Small Business;27.05.2026
C05455;Romania;Consumer;09.09.2025
C05456;Romania;Consumer;06.04.2025
C05457;Romania;Consumer;08.07.2025
C05458;Germany;Consumer;28.08.2023
C05459;Romania;Corporate;05.01.2023
C05460;Germany;Small Business;21.11.2025
C05461;;Consumer;23.06.2025
C05462;Germany;Consumer;11.04.2026
C05463;Romania;Consumer;11.10.2024
C05464;Romania;Consumer;07.12.2025
C05465;Romania;Consumer;16.04.2026
C05466;Spain;Consumer;30.10.2025
C05467;Germany;Consumer;21.11.2025
C05468;France;Consumer;06.08.2023
C05469;Romania;Consumer;13.01.2026
C05470;Romania;Consumer;28.01.2023
C05471;Romania;Consumer;21.08.2025
C05472;Romania;Consumer;08.09.2023
C05473;United Kingdom;Consumer;22.02.2023
C05474;Italy;Consumer;03.08.2025
C05475;Germany;Corporate;09.03.2024
C05476;United Kingdom;Consumer;16.01.2026
C05477;Romania;Consumer;27.12.2023
C05478;Romania;Consumer;12.06.2025
C05479;France;Consumer;01.04.2025
C05480;Romania;Consumer;13.11.2025
C05481;Romania;Small Business;03.01.2026
C05482;Spain;Corporate;19.01.2025
C05483;Netherlands;Consumer;17.03.2024
C05484;United Kingdom;Consumer;08.10.2024
C05485;Romania;Small Business;07.02.2025
C05486;Italy;Consumer;23.05.2026
C05487;Romania;Consumer;09.08.2023
C05488;Romania;Small Business;13.04.2023
C05489;Romania;Consumer;15.08.2024
C05490;Spain;Consumer;21.06.2024
C05491;Spain;Consumer;23.02.2026
C05492;United Kingdom;Consumer;21.12.2023
C05493;Romania;Corporate;09.07.2023
C05494;Germany;Consumer;05.06.2023
C05495;Romania;Consumer;14.02.2026
C05496;Italy;Consumer;11.02.2025
C05497;Romania;Consumer;30.05.2026
C05498;Romania;Consumer;02.12.2023
C05499;United Kingdom;Consumer;14.04.2023
C05500;Romania;Consumer;13.08.2024
C05501;Italy;Consumer;09.08.2023
C05502;Romania;Small Business;24.06.2023
C05503;France;Consumer;31.01.2026
C05504;Romania;Corporate;12.05.2024
C05505;Romania;Consumer;31.03.2023
C05506;Romania;Consumer;13.09.2023
C05507;Romania;Corporate;13.04.2024
C05508;Germany;Small Business;18.02.2026
C05509;Romania;Consumer;25.03.2025
C05510;Romania;Consumer;28.10.2024
C05511;United Kingdom;Small Business;13.01.2025
C05512;Romania;Consumer;17.10.2025
C05513;United Kingdom;Consumer;05.09.2023
C05514;France;Consumer;11.09.2024
C05515;Romania;Small Business;07.05.2024
C05516;France;Consumer;24.02.2023
C05517;Romania;Consumer;04.12.2024
C05518;Romania;Corporate;05.06.2025
C05519;Romania;Consumer;29.04.2025
C05520;Italy;Small Business;03.03.2023
C05521;Germany;Consumer;18.05.2024
C05522;Germany;Small Business;19.05.2024
C05523;Netherlands;Consumer;18.07.2023
C05524;Romania;Consumer;28.11.2024
C05525;Italy;Consumer;08.11.2024
C05526;United Kingdom;Small Business;22.09.2025
C05527;Spain;Consumer;01.09.2025
C05528;Spain;Consumer;20.02.2026
C05529;Netherlands;Consumer;25.06.2024
C05530;Romania;Consumer;21.11.2024
C05531;France;Small Business;26.04.2025
C05532;France;Consumer;01.03.2024
C05533;United Kingdom;Consumer;23.08.2024
C05534;Romania;Small Business;18.03.2026
C05535;Netherlands;Consumer;06.09.2025
C05536;Romania;Consumer;16.02.2025
C05537;Germany;Consumer;14.04.2026
C05538;Germany;Consumer;19.01.2023
C05539;Romania;Corporate;11.11.2024
C05540;ROMANIA;Consumer;06.12.2023
C05541;Romania;Consumer;27.09.2025
C05542;United Kingdom;Small Business;15.10.2025
C05543;Italy;Consumer;12.09.2024
C05544;Romania;Corporate;03.11.2024
C05545;United Kingdom;Consumer;04.02.2025
C05546;Romania;Corporate;30.01.2026
C05547;Italy;Small Business;28.01.2023
C05548;Spain;Small Business;23.12.2024
C05549;Romania;Consumer;28.03.2023
C05550;United Kingdom;Small Business;10.04.2026
C05551;Germany;Small Business;01.11.2023
C05552;Germany;Consumer;23.01.2023
C05553;United Kingdom;Consumer;29.10.2025
C05554;Germany;Consumer;31.07.2025
C05555;Germany;Corporate;24.02.2026
C05556;Romania;Small Business;18.03.2024
C05557;Romania;Consumer;19.12.2023
C05558;Italy;Consumer;03.05.2025
C05559;Romania;Consumer;21.04.2026
C05560;Germany;Consumer;17.04.2026
C05561;Romania;Small Business;24.05.2024
C05562;Italy;Consumer;14.04.2025
C05563;Germany;Small Business;21.11.2025
C05564;Romania;Consumer;08.08.2025
C05565;Romania;Consumer;05.02.2025
C05566;Romania;Small Business;21.07.2023
C05567;Spain;Consumer;16.03.2025
C05568;Germany;Corporate;06.08.2023
C05569;Romania;Corporate;29.07.2024
C05570;France;Small Business;01.01.2025
C05571;Romania;Small Business;03.02.2023
C05572;Romania;Consumer;03.07.2024
C05573;Romania;Consumer;04.02.2024
C05574;Romania;Small Business;22.05.2023
C05575;United Kingdom;Consumer;06.04.2025
C05576;Italy;Small Business;18.07.2025
C05577;Spain;Consumer;10.06.2025
C05578;Italy;Small Business;22.08.2023
C05579;Romania;Consumer;27.04.2023
C05580;Romania;Small Business;15.11.2025
C05581;United Kingdom;Consumer;04.03.2023
C05582;Spain;Consumer;30.04.2024
C05583;United Kingdom;Corporate;20.08.2023
C05584;Germany;Consumer;18.03.2025
C05585;United Kingdom;Consumer;09.09.2025
C05586;France;Consumer;21.08.2024
C05587;Spain;Consumer;08.07.2024
C05588;France;Consumer;17.09.2023
C05589;Romania;Consumer;18.04.2023
C05590;Romania;Consumer;08.12.2025
C05591;ROMANIA;Consumer;08.12.2025
C05592;Romania;Small Business;05.06.2026
C05593;Spain;Small Business;09.06.2023
C05594;Germany;Consumer;21.06.2024
C05595;Romania;Consumer;24.03.2025
C05596;Romania;Consumer;28.01.2026
C05597;United Kingdom;Small Business;11.06.2024
C05598;Germany;Small Business;26.06.2023
C05599;Romania;Consumer;06.03.2026
C05600;Italy;Consumer;17.04.2023
C05601;Romania;Small Business;18.06.2025
C05602;Romania;Consumer;12.04.2024
C05603;Romania;Consumer;01.01.2023
C05604;Germany;Consumer;01.11.2024
C05605;United Kingdom;Corporate;20.04.2024
C05606;Italy;Consumer;10.07.2024
C05607;Romania;Consumer;19.08.2023
C05608;Netherlands;Small Business;08.05.2025
C05609;United Kingdom;Consumer;28.12.2023
C05610;Romania;Consumer;14.07.2023
C05611;Romania;Consumer;24.05.2024
C05612;Romania;Corporate;28.08.2023
C05613;Italy;Consumer;21.11.2024
C05614;Romania;Consumer;10.11.2024
C05615;Romania;Corporate;15.10.2025
C05616;United Kingdom;Small Business;03.06.2026
C05617;Italy;Consumer;21.04.2023
C05618;United Kingdom;Consumer;17.02.2023
C05619;France;Consumer;16.07.2024
C05620;Romania;Consumer;27.03.2023
C05621;Italy;Consumer;21.12.2025
C05622;Romania;Small Business;27.10.2025
C05623;Romania;Small Business;05.07.2024
C05624;Netherlands;Small Business;11.05.2026
C05625;Romania;Consumer;24.10.2024
C05626;Romania;Consumer;27.11.2024
C05627;United Kingdom;Small Business;20.09.2025
C05628;Romania;Consumer;04.12.2024
C05629;;Consumer;28.06.2025
C05630;Germany;Consumer;02.11.2023
C05631;France;Consumer;12.10.2024
C05632;France;Consumer;30.10.2025
C05633;Romania;Consumer;19.05.2026
C05634;Germany;Small Business;03.09.2023
C05635;France;Consumer;16.02.2023
C05636;Romania;Consumer;27.01.2025
C05637;Romania;Consumer;11.03.2023
C05638;Romania;Consumer;29.06.2024
C05639;Germany;Consumer;18.10.2025
C05640;Romania;Consumer;21.07.2023
C05641;United Kingdom;Consumer;28.02.2023
C05642;Netherlands;Consumer;04.10.2023
C05643;Romania;Corporate;22.03.2023
C05644;United Kingdom;Consumer;11.07.2023
C05645;Romania;Consumer;24.08.2025
C05646;Romania;Corporate;02.06.2025
C05647;France;Small Business;04.03.2025
C05648;Romania;Small Business;21.06.2024
C05649;Spain;Consumer;13.10.2023
C05650;Germany;Small Business;30.11.2025
C05651;Romania;Consumer;23.01.2026
C05652;Romania;Small Business;16.11.2023
C05653;Romania;Small Business;17.02.2026
C05654;Italy;Consumer;06.03.2025
C05655;United Kingdom;Corporate;17.03.2024
C05656;Romania;Corporate;30.09.2023
C05657;Germany;Consumer;23.01.2025
C05658;United Kingdom;Consumer;19.01.2023
C05659;France;Small Business;08.02.2024
C05660;Romania;Consumer;29.05.2025
C05661;Romania;Consumer;25.09.2024
C05662;Romania;Consumer;05.07.2023
C05663;Romania;Small Business;23.07.2023
C05664;Romania;Corporate;04.06.2025
C05665;Romania;Consumer;04.12.2025
C05666;Romania;Small Business;20.07.2023
C05667;Romania;Small Business;02.05.2025
C05668;Romania;Consumer;20.12.2023
C05669;Spain;Consumer;25.01.2025
C05670;Germany;Consumer;23.01.2025
C05671;Romania;Small Business;18.11.2025
C05672;Germany;Consumer;07.04.2023
C05673;Romania;Consumer;01.01.2023
C05674;Italy;Consumer;04.04.2026
C05675;Germany;Consumer;26.01.2024
C05676;Germany;Consumer;26.03.2023
C05677;Spain;Consumer;02.09.2023
C05678;Italy;Consumer;24.09.2024
C05679;France;Small Business;07.02.2026
C05680;Romania;Small Business;24.03.2026
C05681;Romania;Small Business;17.04.2025
C05682;United Kingdom;Consumer;10.12.2023
C05683;Romania;Consumer;28.06.2025
C05684;United Kingdom;Small Business;05.12.2025
C05685;France;Consumer;07.06.2024
C05686;Romania;Consumer;26.01.2025
C05687;Romania;Consumer;16.09.2024
C05688;Germany;Consumer;03.01.2026
C05689;Romania;Consumer;20.02.2025
C05690;United Kingdom;Corporate;03.03.2023
C05691;France;Small Business;17.01.2026
C05692;Romania;Small Business;10.12.2024
C05693;United Kingdom;Corporate;03.07.2024
C05694;Germany;Small Business;29.08.2023
C05695;United Kingdom;Consumer;10.06.2025
C05696;Romania;Consumer;24.01.2023
C05697;France;Small Business;10.08.2023
C05698;United Kingdom;Consumer;29.05.2025
C05699;Romania;Corporate;14.12.2023
C05700;Germany;Consumer;14.08.2025
C05701;Italy;Consumer;01.12.2023
C05702;Romania;Small Business;28.07.2025
C05703;France;Small Business;16.05.2025
C05704;Spain;Small Business;16.07.2025
C05705;Italy;Consumer;24.07.2025
C05706;Romania;Consumer;17.10.2025
C05707;Germany;Consumer;14.04.2024
C05708;Netherlands;Corporate;22.08.2024
C05709;Germany;Consumer;31.03.2023
C05710;Romania;Consumer;19.03.2024
C05711;Romania;Consumer;09.08.2024
C05712;France;Small Business;10.09.2025
C05713;Romania;Consumer;26.02.2026
C05714;Romania;Corporate;30.04.2025
C05715;Romania;Consumer;13.06.2023
C05716;France;Small Business;13.09.2023
C05717;Romania;Small Business;11.11.2024
C05718;Italy;Consumer;09.07.2024
C05719;France;Consumer;02.04.2026
C05720;Netherlands;Consumer;21.08.2023
C05721;Italy;Consumer;29.12.2024
C05722;Romania;Small Business;20.09.2025
C05723;United Kingdom;Consumer;12.07.2024
C05724;Romania;Consumer;12.11.2023
C05725;Netherlands;Corporate;15.06.2023
C05726;Romania;Consumer;05.03.2025
C05727;United Kingdom;Consumer;16.03.2025
C05728;Italy;Corporate;27.07.2025
C05729;Romania;Corporate;04.12.2025
C05730;Italy;Consumer;19.06.2026
C05731;Romania;Consumer;28.08.2023
C05732;Romania;Consumer;06.07.2024
C05733;Romania;Consumer;18.02.2024
C05734;Romania;Small Business;18.01.2026
C05735;Germany;Consumer;31.05.2023
C05736;Spain;Consumer;27.04.2025
C05737;ROMANIA;Consumer;07.02.2024
C05738;Germany;Small Business;11.01.2023
C05739;Italy;Small Business;01.02.2025
C05740;France;Consumer;14.05.2024
C05741;Romania;Consumer;31.05.2025
C05742;Spain;Consumer;17.05.2024
C05743;Romania;Consumer;31.08.2023
C05744;Germany;Small Business;02.06.2023
C05745;Germany;Small Business;19.08.2023
C05746;France;Corporate;11.07.2024
C05747;Romania;Consumer;09.12.2023
C05748;Romania;Small Business;29.05.2023
C05749;France;Consumer;09.02.2024
C05750;Romania;Consumer;01.12.2025
C05751;Romania;Consumer;07.12.2025
C05752;France;Small Business;06.04.2024
C05753;United Kingdom;Small Business;27.10.2024
C05754;Romania;Consumer;22.08.2023
C05755;Romania;Small Business;09.06.2024
C05756;Netherlands;Small Business;06.02.2025
C05757;Romania;Corporate;25.01.2023
C05758;Romania;Consumer;30.12.2025
C05759;Romania;Corporate;28.02.2026
C05760;Romania;Small Business;07.04.2026
C05761;ROMANIA;Small Business;27.09.2023
C05762;Romania;Consumer;15.02.2026
C05763;Romania;Small Business;26.05.2023
C05764;Germany;Small Business;30.01.2026
C05765;Romania;Consumer;23.06.2023
C05766;Romania;Corporate;20.03.2024
C05767;Netherlands;Consumer;25.04.2026
C05768;United Kingdom;Consumer;06.10.2024
C05769;Romania;Consumer;04.10.2023
C05770;Romania;Consumer;18.04.2024
C05771;ROMANIA;Consumer;26.02.2024
C05772;Romania;Consumer;22.03.2026
C05773;Germany;Consumer;10.06.2024
C05774;Germany;Consumer;29.04.2023
C05775;France;Consumer;31.07.2023
C05776;Italy;Small Business;08.12.2024
C05777;Romania;Consumer;18.01.2023
C05778;Spain;Consumer;12.11.2023
C05779;Germany;Consumer;09.02.2025
C05780;Romania;Consumer;21.12.2025
C05781;Italy;Consumer;04.05.2023
C05782;Romania;Corporate;08.03.2024
C05783;Germany;Consumer;13.05.2024
C05784;United Kingdom;Consumer;07.01.2026
C05785;Romania;Consumer;30.09.2025
C05786;Italy;Consumer;30.03.2026
C05787;Romania;Small Business;03.03.2025
C05788;Italy;Corporate;12.04.2026
C05789;Romania;Consumer;20.08.2025
C05790;Romania;Consumer;23.04.2025
C05791;Romania;Consumer;22.03.2024
C05792;Italy;Consumer;11.10.2025
C05793;Romania;Consumer;29.05.2024
C05794;Italy;Small Business;18.02.2024
C05795;Romania;Consumer;17.12.2023
C05796;Romania;Consumer;22.04.2025
C05797;Romania;Small Business;25.02.2025
C05798;Romania;Consumer;17.10.2023
C05799;Spain;Consumer;13.03.2024
C05800;Romania;Small Business;17.10.2023
C05801;United Kingdom;Consumer;03.08.2025
C05802;Germany;Consumer;14.03.2024
C05803;Germany;Small Business;20.09.2025
C05804;United Kingdom;Consumer;23.10.2023
C05805;Italy;Small Business;19.05.2024
C05806;United Kingdom;Consumer;03.02.2023
C05807;Germany;Consumer;07.01.2023
C05808;United Kingdom;Small Business;26.03.2023
C05809;Germany;Consumer;29.03.2026
C05810;Romania;Small Business;16.12.2023
C05811;United Kingdom;Consumer;09.11.2024
C05812;Romania;Consumer;02.05.2026
C05813;France;Small Business;13.09.2024
C05814;Netherlands;Consumer;17.05.2024
C05815;Spain;Consumer;19.07.2025
C05816;Italy;Consumer;07.08.2025
C05817;Germany;Small Business;09.05.2023
C05818;France;Corporate;09.04.2026
C05819;Romania;Consumer;07.06.2023
C05820;Romania;Consumer;11.03.2024
C05821;Romania;Consumer;01.05.2026
C05822;Romania;Consumer;17.12.2024
C05823;ROMANIA;Consumer;23.12.2025
C05824;Italy;Small Business;26.07.2024
C05825;Germany;Consumer;23.02.2025
C05826;Romania;Consumer;27.11.2024
C05827;United Kingdom;Consumer;24.05.2023
C05828;Romania;Consumer;24.01.2024
C05829;France;Consumer;08.09.2025
C05830;Netherlands;Consumer;24.02.2024
C05831;Romania;Consumer;27.02.2026
C05832;Romania;Small Business;09.05.2026
C05833;Romania;Consumer;07.09.2025
C05834;Romania;Consumer;02.01.2023
C05835;Romania;Small Business;18.08.2025
C05836;Romania;Consumer;06.06.2026
C05837;Romania;Consumer;22.08.2025
C05838;Romania;Small Business;24.03.2025
C05839;Romania;Consumer;20.02.2025
C05840;France;Consumer;24.09.2024
C05841;Romania;Small Business;13.11.2023
C05842;Italy;Consumer;01.09.2024
C05843;Romania;Corporate;08.03.2026
C05844;Romania;Consumer;20.04.2023
C05845;Romania;Consumer;14.06.2023
C05846;United Kingdom;Consumer;21.01.2026
C05847;Romania;Consumer;21.11.2025
C05848;Germany;Consumer;13.10.2024
C05849;Romania;Consumer;03.04.2024
C05850;Netherlands;Consumer;22.05.2023
C05851;Romania;Consumer;09.05.2025
C05852;Romania;Consumer;18.11.2024
C05853;Italy;Consumer;24.10.2025
C05854;Romania;Consumer;07.04.2024
C05855;Romania;Consumer;15.10.2025
C05856;France;Small Business;03.05.2026
C05857;Romania;Consumer;25.07.2023
C05858;Romania;Consumer;02.09.2025
C05859;Romania;Corporate;18.02.2025
C05860;Romania;Corporate;04.06.2024
C05861;Spain;Consumer;01.10.2023
C05862;United Kingdom;Consumer;17.07.2023
C05863;Germany;Small Business;24.05.2023
C05864;Romania;Consumer;06.12.2023
C05865;United Kingdom;Consumer;17.10.2024
C05866;United Kingdom;Consumer;17.11.2024
C05867;Romania;Consumer;14.06.2026
C05868;Italy;Small Business;06.06.2026
C05869;Germany;Consumer;19.08.2025
C05870;France;Consumer;01.01.2025
C05871;Romania;Consumer;07.11.2025
C05872;Romania;Consumer;12.09.2025
C05873;United Kingdom;Small Business;27.10.2025
C05874;France;Small Business;15.11.2023
C05875;Romania;Consumer;13.07.2025
C05876;Romania;Small Business;14.10.2023
C05877;France;Consumer;10.02.2024
C05878;Romania;Consumer;20.06.2025
C05879;Romania;Consumer;06.10.2024
C05880;United Kingdom;Consumer;29.09.2025
C05881;Romania;Consumer;08.07.2025
C05882;ROMANIA;Small Business;04.08.2025
C05883;Romania;Consumer;08.07.2023
C05884;Spain;Consumer;14.05.2023
C05885;Romania;Small Business;13.11.2023
C05886;United Kingdom;Small Business;30.03.2024
C05887;Netherlands;Consumer;12.11.2025
C05888;United Kingdom;Consumer;26.02.2023
C05889;Germany;Small Business;20.11.2024
C05890;Germany;Consumer;30.09.2025
C05891;Romania;Consumer;08.04.2024
C05892;Germany;Consumer;02.02.2024
C05893;Spain;Consumer;18.09.2023
C05894;France;Consumer;02.07.2024
C05895;Romania;Small Business;24.02.2025
C05896;Romania;Consumer;08.01.2025
C05897;Italy;Corporate;21.12.2025
C05898;Romania;Consumer;01.01.2023
C05899;Italy;Consumer;09.01.2024
C05900;Romania;Consumer;27.03.2024
C05901;United Kingdom;Consumer;14.05.2024
C05902;France;Consumer;17.07.2025
C05903;Romania;Small Business;09.05.2023
C05904;Romania;Consumer;01.01.2024
C05905;Italy;Consumer;11.03.2023
C05906;Romania;Consumer;28.12.2024
C05907;Romania;Consumer;15.05.2026
C05908;Germany;Consumer;31.05.2026
C05909;Romania;Consumer;03.03.2023
C05910;United Kingdom;Consumer;31.05.2023
C05911;Romania;Small Business;29.12.2024
C05912;Romania;Small Business;09.12.2023
C05913;Italy;Consumer;22.10.2023
C05914;Romania;Consumer;22.05.2025
C05915;Romania;Consumer;28.01.2024
C05916;United Kingdom;Consumer;02.02.2025
C05917;Italy;Small Business;19.02.2023
C05918;Germany;Consumer;01.06.2026
C05919;Italy;Small Business;18.04.2023
C05920;Romania;Consumer;14.02.2023
C05921;Romania;Corporate;17.06.2024
C05922;Spain;Small Business;25.01.2026
C05923;Italy;Small Business;25.03.2025
C05924;Germany;Corporate;15.09.2024
C05925;Romania;Consumer;17.10.2023
C05926;Romania;Consumer;13.04.2025
C05927;Romania;Consumer;04.10.2024
C05928;Italy;Small Business;21.02.2025
C05929;France;Small Business;09.06.2024
C05930;Romania;Consumer;19.01.2024
C05931;Romania;;17.08.2023
C05932;Romania;Consumer;08.01.2024
C05933;Romania;Consumer;07.10.2023
C05934;United Kingdom;Consumer;14.09.2024
C05935;Germany;Consumer;03.01.2024
C05936;Romania;Consumer;12.10.2025
C05937;United Kingdom;Small Business;05.12.2024
C05938;Netherlands;Consumer;26.01.2024
C05939;Romania;Consumer;17.04.2023
C05940;Romania;Consumer;05.06.2023
C05941;Germany;Consumer;24.04.2023
C05942;Romania;Small Business;15.02.2024
C05943;Germany;Small Business;28.02.2024
C05944;Germany;Consumer;04.03.2023
C05945;Romania;Small Business;21.06.2025
C05946;Romania;Small Business;05.11.2024
C05947;Italy;Small Business;02.06.2026
C05948;Romania;Consumer;06.02.2026
C05949;United Kingdom;Consumer;16.01.2023
C05950;United Kingdom;Small Business;12.06.2025
C05951;Italy;Consumer;25.05.2026
C05952;France;Consumer;19.10.2025
C05953;Italy;Consumer;25.05.2025
C05954;United Kingdom;Consumer;27.06.2023
C05955;Romania;Consumer;23.02.2026
C05956;Romania;Small Business;14.11.2025
C05957;Romania;Consumer;15.11.2024
C05958;Romania;Consumer;21.03.2026
C05959;Romania;Corporate;13.08.2024
C05960;Romania;Consumer;11.11.2024
C05961;Romania;Consumer;28.09.2025
C05962;Romania;Small Business;07.07.2025
C05963;Romania;Corporate;04.12.2024
C05964;France;Small Business;26.09.2025
C05965;Germany;Consumer;19.02.2026
C05966;France;Consumer;07.04.2025
C05967;Germany;Small Business;13.02.2026
C05968;Italy;Small Business;08.06.2024
C05969;France;Consumer;07.11.2024
C05970;Romania;Small Business;07.04.2025
C05971;Netherlands;Consumer;02.01.2025
C05972;Romania;Consumer;16.08.2023
C05973;Germany;Consumer;05.08.2024
C05974;France;Consumer;21.06.2023
C05975;Romania;Corporate;29.05.2025
C05976;Germany;Consumer;16.10.2025
C05977;Romania;Small Business;20.05.2025
C05978;Romania;Consumer;08.01.2026
C05979;Romania;Small Business;10.04.2025
C05980;Romania;Consumer;28.04.2024
C05981;Romania;Corporate;21.03.2023
C05982;ROMANIA;Consumer;12.02.2023
C05983;Germany;Small Business;14.05.2026
C05984;Romania;Consumer;21.09.2025
C05985;United Kingdom;Consumer;04.03.2024
C05986;Romania;Corporate;04.05.2026
C05987;Romania;Consumer;11.11.2023
C05988;France;Small Business;12.09.2025
C05989;Spain;Consumer;27.09.2023
C05990;Romania;Small Business;24.06.2025
C05991;Romania;Corporate;30.03.2023
C05992;France;Small Business;21.05.2025
C05993;Italy;Consumer;06.08.2024
C05994;Romania;Consumer;13.01.2025
C05995;Romania;Small Business;23.02.2023
C05996;Romania;Consumer;16.04.2024
C05997;Germany;Corporate;25.07.2023
C05998;Spain;Consumer;25.02.2025
C05999;United Kingdom;Consumer;07.01.2023
C06000;Romania;Small Business;28.02.2026
C06001;United Kingdom;Consumer;11.08.2023
C06002;Italy;Consumer;27.10.2024
C06003;Romania;Consumer;23.06.2026
C06004;France;Corporate;06.06.2024
C06005;Romania;Consumer;21.11.2024
C06006;Romania;Corporate;09.05.2026
C06007;Germany;Consumer;27.03.2023
C06008;Romania;Consumer;18.12.2024
C06009;Netherlands;Consumer;20.12.2024
C06010;Germany;Consumer;12.07.2025
C06011;Romania;Consumer;05.02.2025
C06012;Romania;Consumer;04.09.2024
C06013;Germany;Consumer;29.11.2024
C06014;Romania;Small Business;30.12.2023
C06015;United Kingdom;Consumer;04.03.2024
C06016;Romania;Consumer;26.04.2026
C06017;Romania;Consumer;18.04.2025
C06018;United Kingdom;Consumer;20.05.2025
C06019;Romania;Small Business;01.07.2023
C06020;United Kingdom;Small Business;08.05.2024
C06021;Germany;Small Business;08.10.2023
C06022;Romania;Consumer;25.04.2026
C06023;United Kingdom;Consumer;23.06.2026
C06024;France;Small Business;03.03.2024
C06025;Italy;Corporate;14.06.2024
C06026;Romania;Consumer;24.05.2025
C06027;Romania;Consumer;08.07.2023
C06028;United Kingdom;Small Business;17.12.2024
C06029;Germany;Corporate;04.10.2023
C06030;United Kingdom;Consumer;04.11.2024
C06031;Germany;Consumer;12.07.2025
C06032;France;Small Business;01.08.2025
C06033;;Small Business;29.05.2023
C06034;Germany;Consumer;05.01.2024
C06035;Romania;Consumer;27.03.2024
C06036;Romania;Consumer;14.07.2025
C06037;United Kingdom;Small Business;24.02.2024
C06038;Germany;Small Business;14.08.2024
C06039;Romania;Consumer;18.10.2023
C06040;Italy;Consumer;16.03.2024
C06041;France;Small Business;31.08.2024
C06042;Germany;Consumer;26.09.2023
C06043;Spain;Consumer;21.05.2023
C06044;Romania;Consumer;01.07.2023
C06045;France;Consumer;05.08.2024
C06046;Romania;Small Business;29.07.2023
C06047;Romania;Consumer;11.02.2023
C06048;Romania;Small Business;29.11.2025
C06049;Romania;Consumer;23.05.2026
C06050;Germany;Consumer;14.10.2024
C06051;Romania;Small Business;10.02.2025
C06052;United Kingdom;Consumer;01.08.2023
C06053;Romania;Small Business;06.04.2023
C06054;Romania;Consumer;12.04.2023
C06055;Netherlands;Corporate;01.09.2023
C06056;United Kingdom;Consumer;23.05.2023
C06057;Spain;Consumer;28.07.2025
C06058;Germany;Consumer;10.09.2025
C06059;Romania;Consumer;22.07.2025
C06060;Germany;Consumer;02.01.2024
C06061;Germany;Consumer;10.04.2024
C06062;Romania;Consumer;02.04.2024
C06063;Italy;Consumer;09.07.2023
C06064;United Kingdom;Small Business;26.08.2024
C06065;France;Consumer;14.11.2024
C06066;Germany;Consumer;19.09.2023
C06067;United Kingdom;Corporate;19.12.2023
C06068;Romania;Small Business;23.08.2024
C06069;Netherlands;Consumer;04.05.2023
C06070;Romania;Consumer;21.01.2025
C06071;Romania;Consumer;17.03.2024
C06072;Romania;Consumer;24.06.2025
C06073;United Kingdom;Small Business;16.08.2025
C06074;Netherlands;Consumer;18.04.2024
C06075;Italy;Corporate;27.03.2024
C06076;United Kingdom;Small Business;04.11.2024
C06077;Netherlands;Corporate;22.02.2023
C06078;United Kingdom;Consumer;03.09.2023
C06079;Romania;Small Business;03.06.2023
C06080;Germany;Small Business;29.12.2023
C06081;Romania;Small Business;30.01.2025
C06082;Romania;Consumer;09.11.2023
C06083;Romania;Consumer;28.10.2024
C06084;Romania;Consumer;02.06.2025
C06085;Spain;Consumer;11.05.2025
C06086;Netherlands;Corporate;30.12.2024
C06087;Romania;Small Business;18.07.2024
C06088;United Kingdom;Consumer;26.09.2024
C06089;Romania;Consumer;11.10.2025
C06090;Romania;Consumer;29.08.2024
C06091;Romania;Small Business;24.03.2024
C06092;Romania;Corporate;11.05.2026
C06093;Romania;Consumer;16.03.2026
C06094;Romania;Consumer;05.01.2026
C06095;Romania;Corporate;13.11.2025
C06096;Romania;Small Business;03.05.2024
C06097;Spain;Small Business;09.05.2026
C06098;Romania;Consumer;13.04.2025
C06099;Romania;Consumer;10.02.2026
C06100;Germany;Small Business;27.01.2023
C06101;Romania;Consumer;17.05.2023
C06102;Germany;Small Business;27.01.2023
C06103;Romania;Small Business;26.06.2026
C06104;United Kingdom;Consumer;11.02.2024
C06105;Germany;Consumer;19.02.2023
C06106;United Kingdom;Small Business;21.08.2025
C06107;Germany;Corporate;07.10.2025
C06108;Romania;Consumer;26.03.2026
C06109;Romania;Small Business;08.01.2025
C06110;Romania;Consumer;21.05.2025
C06111;Germany;Corporate;27.02.2025
C06112;Romania;Small Business;20.06.2025
C06113;Romania;Consumer;21.10.2024
C06114;United Kingdom;Small Business;10.02.2023
C06115;Romania;Small Business;02.08.2023
C06116;Romania;Small Business;01.04.2026
C06117;United Kingdom;Consumer;03.03.2023
C06118;Romania;Small Business;21.04.2023
C06119;France;Small Business;18.10.2025
C06120;Spain;Consumer;23.04.2026
C06121;Spain;Consumer;24.07.2024
C06122;Romania;Small Business;30.06.2023
C06123;Romania;Consumer;20.01.2025
C06124;Germany;Consumer;12.02.2023
C06125;United Kingdom;Small Business;04.04.2024
C06126;United Kingdom;Consumer;28.01.2026
C06127;Romania;Small Business;26.05.2023
C06128;Romania;Consumer;13.02.2025
C06129;Romania;Consumer;06.02.2023
C06130;Romania;Corporate;16.08.2024
C06131;Romania;Small Business;02.05.2025
C06132;Spain;Consumer;15.02.2023
C06133;Romania;Corporate;31.07.2025
C06134;Germany;Corporate;11.06.2026
C06135;Spain;Small Business;09.01.2024
C06136;Romania;Consumer;24.08.2025
C06137;Germany;Consumer;11.11.2024
C06138;United Kingdom;Small Business;17.03.2026
C06139;Romania;Corporate;17.01.2025
C06140;Romania;Consumer;21.10.2025
C06141;France;Consumer;25.07.2023
C06142;France;Consumer;23.11.2023
C06143;France;Consumer;15.07.2024
C06144;Netherlands;Consumer;27.02.2026
C06145;Romania;Consumer;23.03.2025
C06146;France;Consumer;28.09.2023
C06147;Germany;Consumer;04.02.2026
C06148;United Kingdom;Consumer;28.02.2025
C06149;France;Small Business;18.06.2024
C06150;France;Consumer;05.05.2024
C06151;Italy;Consumer;11.06.2025
C06152;Romania;Consumer;29.01.2026
C06153;United Kingdom;Consumer;02.10.2024
C06154;Romania;Consumer;12.12.2025
C06155;Germany;Corporate;21.06.2025
C06156;France;Consumer;05.04.2023
C06157;France;Consumer;03.10.2025
C06158;Romania;Small Business;16.12.2024
C06159;Germany;Corporate;07.11.2024
C06160;Romania;Consumer;20.02.2025
C06161;Romania;Consumer;19.03.2023
C06162;Romania;Consumer;03.03.2026
C06163;Spain;Consumer;22.01.2026
C06164;Romania;Consumer;28.06.2026
C06165;Netherlands;Small Business;05.02.2025
C06166;Romania;Consumer;05.02.2025
C06167;United Kingdom;Consumer;26.12.2023
C06168;Germany;Small Business;12.10.2024
C06169;United Kingdom;Consumer;19.10.2025
C06170;United Kingdom;Consumer;10.08.2023
C06171;United Kingdom;Small Business;03.08.2024
C06172;Spain;Consumer;12.09.2024
C06173;Germany;Consumer;01.04.2026
C06174;Romania;Consumer;15.11.2024
C06175;Romania;Consumer;04.05.2024
C06176;United Kingdom;Consumer;22.01.2024
C06177;Germany;Consumer;10.07.2023
C06178;Germany;Consumer;25.06.2025
C06179;Germany;Consumer;30.08.2025
C06180;Romania;Consumer;11.09.2023
C06181;France;Small Business;05.08.2024
C06182;United Kingdom;Corporate;18.08.2025
C06183;United Kingdom;Consumer;13.06.2025
C06184;United Kingdom;Consumer;13.04.2023
C06185;Italy;Small Business;01.03.2023
C06186;Germany;Consumer;01.04.2023
C06187;Netherlands;Consumer;05.10.2024
C06188;Romania;Corporate;12.03.2026
C06189;United Kingdom;Consumer;05.04.2023
C06190;United Kingdom;Consumer;13.06.2025
C06191;Romania;Consumer;24.07.2025
C06192;Romania;Consumer;14.05.2026
C06193;Germany;Consumer;11.01.2025
C06194;Romania;Consumer;03.05.2026
C06195;Spain;Small Business;29.07.2024
C06196;Romania;Consumer;05.12.2023
C06197;Romania;Corporate;26.05.2026
C06198;Germany;Consumer;27.10.2024
C06199;Romania;Consumer;31.03.2025
C06200;Romania;Consumer;23.06.2024
C06201;Germany;Consumer;11.08.2025
C06202;Germany;Consumer;30.07.2025
C06203;Romania;Consumer;24.01.2023
C06204;Germany;Consumer;31.10.2024
C06205;Germany;Consumer;26.12.2025
C06206;France;Consumer;20.04.2025
C06207;Romania;Consumer;07.07.2025
C06208;Romania;Consumer;30.05.2026
C06209;Spain;Consumer;14.03.2024
C06210;Germany;Small Business;06.06.2025
C06211;Romania;Small Business;07.02.2023
C06212;Italy;Consumer;12.07.2023
C06213;Romania;Consumer;09.06.2025
C06214;France;Consumer;01.10.2025
C06215;United Kingdom;Consumer;14.01.2026
C06216;Netherlands;Consumer;14.02.2026
C06217;Netherlands;Consumer;03.03.2023
C06218;Romania;Corporate;20.02.2024
C06219;France;Small Business;11.10.2024
C06220;Romania;Consumer;21.01.2023
C06221;United Kingdom;Consumer;01.03.2026
C06222;Germany;Consumer;16.05.2026
C06223;Romania;Consumer;17.09.2025
C06224;Romania;Consumer;21.12.2023
C06225;Romania;Consumer;28.05.2023
C06226;Romania;Consumer;20.11.2025
C06227;Romania;Consumer;02.08.2025
C06228;Spain;Small Business;21.04.2026
C06229;Germany;Consumer;02.05.2024
C06230;France;Corporate;03.08.2023
C06231;Italy;Consumer;24.02.2026
C06232;France;Consumer;18.05.2023
C06233;Romania;Consumer;31.12.2024
C06234;Italy;Consumer;24.08.2024
C06235;France;Consumer;01.12.2024
C06236;France;Consumer;28.05.2024
C06237;Spain;Consumer;12.01.2023
C06238;Germany;Consumer;04.03.2025
C06239;Germany;Consumer;15.11.2023
C06240;Italy;Small Business;30.05.2023
C06241;Romania;Consumer;10.06.2024
C06242;France;Small Business;06.01.2024
C06243;Romania;Corporate;12.07.2025
C06244;Romania;Consumer;07.04.2024
C06245;Germany;Small Business;25.10.2024
C06246;Romania;Consumer;11.09.2024
C06247;Netherlands;Consumer;23.12.2025
C06248;Romania;Consumer;12.05.2023
C06249;United Kingdom;Consumer;13.02.2023
C06250;Romania;Consumer;11.01.2026
C06251;Netherlands;Consumer;17.02.2024
C06252;Romania;Consumer;04.07.2025
C06253;Romania;Consumer;01.02.2025
C06254;Romania;Small Business;01.09.2025
C06255;Germany;Consumer;20.04.2025
C06256;Netherlands;Consumer;08.11.2023
C06257;Netherlands;Consumer;03.10.2024
C06258;Romania;Corporate;26.01.2024
C06259;Germany;Corporate;23.05.2024
C06260;Romania;Consumer;26.11.2024
C06261;Germany;Consumer;02.04.2023
C06262;Germany;Consumer;09.02.2023
C06263;Romania;Consumer;07.06.2025
C06264;United Kingdom;Small Business;23.04.2023
C06265;Italy;Consumer;27.02.2026
C06266;Romania;Small Business;30.03.2025
C06267;Romania;Consumer;29.10.2025
C06268;Romania;Small Business;24.08.2024
C06269;Romania;Consumer;13.06.2025
C06270;Romania;Consumer;26.08.2023
C06271;United Kingdom;Consumer;20.03.2025
C06272;Romania;Consumer;01.02.2024
C06273;France;Small Business;12.09.2025
C06274;Italy;Consumer;13.04.2024
C06275;Spain;Corporate;18.09.2025
C06276;United Kingdom;Consumer;14.02.2026
C06277;Romania;Consumer;09.01.2023
C06278;Romania;Consumer;21.03.2023
C06279;Romania;Consumer;01.04.2024
C06280;Netherlands;Small Business;28.11.2024
C06281;Netherlands;Consumer;12.01.2026
C06282;Romania;Consumer;14.07.2024
C06283;Romania;Consumer;21.12.2025
C06284;Germany;Small Business;19.07.2025
C06285;Romania;Corporate;24.06.2025
C06286;Netherlands;Small Business;06.03.2026
C06287;Romania;Consumer;30.01.2024
C06288;Romania;Consumer;04.05.2025
C06289;Romania;Consumer;15.10.2025
C06290;Romania;Corporate;20.05.2026
C06291;Romania;Consumer;23.10.2023
C06292;Italy;Corporate;30.09.2025
C06293;Romania;Small Business;13.10.2023
C06294;Germany;Small Business;12.05.2026
C06295;;Small Business;14.11.2024
C06296;Romania;Consumer;21.01.2026
C06297;Romania;Consumer;30.12.2024
C06298;Romania;Consumer;07.04.2023
C06299;Romania;Consumer;24.03.2024
C06300;Romania;Small Business;16.02.2025
C06301;France;Consumer;09.02.2025
C06302;United Kingdom;Small Business;02.12.2024
C06303;Spain;Small Business;23.06.2025
C06304;Romania;Consumer;06.01.2025
C06305;United Kingdom;Consumer;18.08.2023
C06306;United Kingdom;Consumer;10.04.2023
C06307;Romania;Consumer;04.01.2024
C06308;Romania;Small Business;25.06.2023
C06309;Germany;Small Business;11.06.2025
C06310;France;Small Business;31.05.2026
C06311;ROMANIA;Consumer;29.03.2026
C06312;Romania;Small Business;23.12.2024
C06313;Netherlands;Consumer;02.02.2026
C06314;Romania;Corporate;19.04.2025
C06315;Spain;Small Business;15.06.2023
C06316;France;Small Business;18.01.2025
C06317;Italy;Consumer;27.12.2024
C06318;France;Small Business;02.12.2024
C06319;Romania;Consumer;18.10.2025
C06320;United Kingdom;Consumer;12.06.2026
C06321;France;Consumer;30.10.2023
C06322;France;Consumer;23.01.2023
C06323;Romania;Consumer;31.03.2025
C06324;Romania;Consumer;22.05.2023
C06325;Romania;Small Business;29.06.2024
C06326;Romania;Small Business;04.04.2026
C06327;Germany;Corporate;25.04.2025
C06328;Italy;Small Business;11.04.2026
C06329;France;Consumer;10.02.2023
C06330;United Kingdom;Small Business;20.06.2025
C06331;Romania;Consumer;04.02.2024
C06332;Romania;Consumer;05.04.2023
C06333;Romania;Corporate;28.01.2024
C06334;Romania;Corporate;06.04.2026
C06335;Romania;Consumer;18.06.2024
C06336;Romania;Small Business;16.03.2026
C06337;Romania;Consumer;27.05.2023
C06338;Germany;Corporate;17.04.2025
C06339;Romania;Consumer;11.07.2024
C06340;Romania;Consumer;18.01.2024
C06341;Romania;Small Business;21.11.2024
C06342;United Kingdom;Consumer;22.02.2025
C06343;Germany;Consumer;04.02.2023
C06344;Romania;Small Business;14.04.2025
C06345;Romania;Small Business;19.01.2024
C06346;Spain;Consumer;22.10.2025
C06347;Germany;Small Business;15.08.2023
C06348;United Kingdom;Consumer;31.12.2023
C06349;Germany;Consumer;25.05.2026
C06350;France;Small Business;12.11.2023
C06351;Italy;Consumer;16.06.2023
C06352;Romania;Consumer;03.12.2024
C06353;United Kingdom;Corporate;11.03.2025
C06354;Romania;Small Business;24.12.2024
C06355;United Kingdom;Consumer;27.05.2024
C06356;Romania;Consumer;17.05.2023
C06357;Romania;Small Business;02.01.2024
C06358;Spain;Small Business;13.03.2023
C06359;Italy;Consumer;25.12.2025
C06360;Romania;Consumer;28.11.2023
C06361;Netherlands;Consumer;27.04.2025
C06362;Romania;Consumer;29.11.2023
C06363;Romania;Consumer;02.03.2025
C06364;Italy;Consumer;27.04.2023
C06365;Romania;Small Business;30.04.2023
C06366;Romania;Corporate;08.02.2024
C06367;United Kingdom;Consumer;27.11.2023
C06368;Romania;Consumer;15.02.2024
C06369;Romania;Consumer;19.12.2023
C06370;Romania;Consumer;04.06.2025
C06371;United Kingdom;Consumer;08.07.2024
C06372;Romania;Corporate;16.07.2023
C06373;Romania;Consumer;21.03.2026
C06374;United Kingdom;Small Business;21.03.2025
C06375;Romania;Consumer;30.05.2024
C06376;Romania;Consumer;12.10.2024
C06377;United Kingdom;Small Business;23.02.2024
C06378;France;Corporate;16.05.2024
C06379;Romania;Consumer;01.04.2023
C06380;Italy;Corporate;26.11.2025
C06381;United Kingdom;Consumer;06.05.2024
C06382;Romania;Small Business;08.03.2023
C06383;France;Consumer;27.04.2023
C06384;United Kingdom;Consumer;11.04.2024
C06385;Germany;Small Business;18.02.2023
C06386;Germany;Small Business;19.05.2026
C06387;France;Small Business;20.02.2023
C06388;Netherlands;Consumer;10.12.2024
C06389;Germany;Small Business;23.03.2024
C06390;France;Consumer;24.09.2023
C06391;France;Consumer;29.06.2023
C06392;Italy;Consumer;07.03.2023
C06393;Spain;Consumer;29.12.2024
C06394;Romania;Consumer;27.10.2023
C06395;Romania;Small Business;25.01.2023
C06396;Germany;Consumer;28.05.2023
C06397;Romania;Consumer;21.02.2026
C06398;Germany;Consumer;02.11.2023
C06399;France;Small Business;07.01.2025
C06400;Spain;Consumer;06.06.2024
C06401;Romania;Consumer;20.09.2024
C06402;United Kingdom;Consumer;25.12.2025
C06403;Romania;Corporate;02.07.2025
C06404;Germany;Corporate;04.12.2024
C06405;Romania;Consumer;13.09.2023
C06406;Germany;Corporate;20.12.2025
C06407;Germany;Consumer;28.01.2023
C06408;France;Corporate;12.12.2024
C06409;United Kingdom;Consumer;24.02.2025
C06410;Romania;Consumer;21.04.2026
C06411;Romania;Consumer;24.07.2023
C06412;Romania;Small Business;04.01.2024
C06413;Netherlands;Consumer;16.01.2023
C06414;Spain;Consumer;12.11.2023
C06415;Romania;Consumer;31.03.2026
C06416;Romania;Corporate;11.01.2023
C06417;Romania;Consumer;03.10.2025
C06418;United Kingdom;Small Business;07.04.2026
C06419;Romania;Consumer;26.05.2023
C06420;Romania;Corporate;05.04.2024
C06421;Romania;Consumer;17.02.2026
C06422;Romania;Consumer;07.07.2025
C06423;Romania;Consumer;28.03.2023
C06424;Romania;Consumer;09.01.2026
C06425;United Kingdom;Small Business;21.10.2025
C06426;Germany;Small Business;02.02.2024
C06427;Romania;Consumer;12.06.2024
C06428;Germany;Consumer;24.01.2024
C06429;Germany;Consumer;23.10.2024
C06430;France;Consumer;21.09.2025
C06431;Spain;Corporate;02.05.2025
C06432;Romania;Consumer;20.05.2026
C06433;Italy;Consumer;07.05.2023
C06434;United Kingdom;Consumer;25.03.2026
C06435;United Kingdom;Small Business;04.03.2026
C06436;Romania;Small Business;02.05.2024
C06437;Romania;Corporate;03.07.2023
C06438;Romania;Consumer;15.10.2023
C06439;Netherlands;Consumer;16.04.2026
C06440;Germany;Consumer;27.04.2023
C06441;Romania;Small Business;03.04.2023
C06442;Germany;Consumer;08.08.2023
C06443;Romania;Small Business;04.10.2025
C06444;Romania;Consumer;15.03.2023
C06445;United Kingdom;Small Business;16.05.2026
C06446;Germany;Consumer;22.05.2024
C06447;France;Small Business;09.11.2024
C06448;United Kingdom;Consumer;23.01.2025
C06449;Germany;Small Business;01.11.2025
C06450;France;Consumer;08.03.2025
C06451;Romania;Small Business;19.03.2023
C06452;United Kingdom;Small Business;23.11.2025
C06453;United Kingdom;Consumer;23.04.2023
C06454;Romania;Consumer;05.11.2024
C06455;Romania;Consumer;10.01.2026
C06456;Romania;Consumer;12.10.2024
C06457;Romania;Consumer;19.06.2024
C06458;Germany;Consumer;21.02.2024
C06459;Romania;Consumer;28.09.2025
C06460;United Kingdom;Consumer;10.04.2025
C06461;Romania;Consumer;31.10.2025
C06462;Romania;Consumer;05.03.2026
C06463;Romania;Small Business;25.01.2025
C06464;Romania;Consumer;29.03.2024
C06465;Netherlands;Corporate;27.01.2025
C06466;Romania;Small Business;30.03.2024
C06467;Romania;Consumer;20.09.2023
C06468;Romania;Small Business;14.03.2024
C06469;Romania;Consumer;03.09.2024
C06470;Germany;Consumer;18.10.2023
C06471;France;Consumer;07.02.2024
C06472;Romania;Small Business;24.12.2024
C06473;United Kingdom;Consumer;22.06.2023
C06474;Germany;Consumer;15.05.2023
C06475;Italy;Consumer;15.09.2025
C06476;Germany;Consumer;01.12.2025
C06477;Romania;Consumer;04.02.2024
C06478;United Kingdom;Consumer;25.06.2023
C06479;Italy;Consumer;11.08.2024
C06480;Romania;Small Business;10.08.2023
C06481;Netherlands;Consumer;24.01.2026
C06482;Italy;Consumer;29.03.2023
C06483;Romania;Consumer;04.10.2024
C06484;France;Corporate;01.05.2024
C06485;Germany;Small Business;18.08.2024
C06486;Germany;Consumer;24.08.2025
C06487;Germany;Small Business;01.12.2023
C06488;Italy;Small Business;07.03.2026
C06489;United Kingdom;Small Business;01.06.2026
C06490;Germany;Small Business;08.07.2024
C06491;Romania;Small Business;07.05.2024
C06492;Romania;Consumer;28.10.2023
C06493;Spain;Consumer;04.11.2025
C06494;United Kingdom;Consumer;14.07.2025
C06495;Romania;Consumer;27.07.2024
C06496;Italy;Consumer;28.05.2025
C06497;Italy;Corporate;14.04.2024
C06498;Germany;Small Business;19.05.2025
C06499;Romania;Small Business;12.11.2025
C06500;Germany;Small Business;19.07.2024
C06501;Romania;Corporate;30.04.2025
C06502;Romania;Small Business;22.12.2024
C06503;United Kingdom;Consumer;03.04.2023
C06504;Spain;Consumer;21.03.2023
C06505;Romania;Consumer;03.12.2023
C06506;Italy;Consumer;16.11.2023
C06507;Spain;Consumer;31.08.2023
C06508;Romania;Consumer;28.03.2026
C06509;Romania;Consumer;12.02.2025
C06510;United Kingdom;Consumer;23.02.2023
C06511;France;Corporate;26.02.2026
C06512;Romania;Consumer;20.01.2024
C06513;United Kingdom;Small Business;14.06.2026
C06514;United Kingdom;Consumer;17.10.2023
C06515;France;Corporate;18.04.2023
C06516;United Kingdom;Small Business;16.06.2023
C06517;Romania;Corporate;07.05.2024
C06518;Romania;Consumer;25.03.2026
C06519;Romania;Consumer;05.12.2024
C06520;Spain;Consumer;10.02.2024
C06521;Spain;Consumer;16.09.2024
C06522;France;Small Business;25.11.2024
C06523;Romania;Consumer;07.12.2025
C06524;Germany;Consumer;28.02.2023
C06525;Romania;Small Business;05.01.2023
C06526;Romania;Consumer;08.07.2025
C06527;Romania;Small Business;19.05.2023
C06528;Italy;Consumer;21.05.2025
C06529;Romania;Consumer;12.03.2024
C06530;United Kingdom;Consumer;10.05.2024
C06531;Netherlands;Consumer;08.07.2023
C06532;United Kingdom;Small Business;14.09.2025
C06533;Romania;Small Business;22.08.2023
C06534;Spain;Consumer;11.01.2023
C06535;United Kingdom;Consumer;24.01.2025
C06536;Romania;Small Business;13.07.2023
C06537;United Kingdom;Consumer;06.08.2023
C06538;Italy;Consumer;06.10.2023
C06539;Romania;Consumer;26.03.2025
C06540;Germany;Small Business;17.08.2025
C06541;Romania;Consumer;14.03.2026
C06542;Romania;Consumer;07.06.2026
C06543;France;Corporate;20.10.2023
C06544;Romania;Corporate;02.10.2023
C06545;Romania;Small Business;28.09.2023
C06546;Romania;Small Business;27.08.2023
C06547;Romania;Corporate;15.01.2023
C06548;Romania;Consumer;19.01.2025
C06549;United Kingdom;Small Business;19.01.2023
C06550;Romania;Consumer;19.02.2023
C06551;Romania;Consumer;21.05.2024
C06552;Italy;Small Business;30.10.2025
C06553;Netherlands;Small Business;16.09.2024
C06554;Romania;Consumer;22.05.2024
C06555;Romania;Consumer;22.08.2023
C06556;Romania;Small Business;17.05.2025
C06557;Romania;Consumer;17.02.2024
C06558;Romania;Small Business;25.06.2026
C06559;Spain;Consumer;29.06.2023
C06560;France;Consumer;29.09.2025
C06561;Romania;Corporate;19.05.2025
C06562;Netherlands;Small Business;11.04.2024
C06563;Romania;Small Business;12.05.2026
C06564;Romania;Small Business;26.07.2025
C06565;Romania;Consumer;24.02.2023
C06566;Romania;Small Business;03.12.2024
C06567;Italy;Consumer;02.08.2025
C06568;Romania;Consumer;31.05.2025
C06569;United Kingdom;Consumer;10.03.2025
C06570;Romania;Consumer;23.02.2024
C06571;Spain;Consumer;10.01.2023
C06572;United Kingdom;Consumer;14.02.2023
C06573;Germany;Consumer;30.05.2025
C06574;Romania;Consumer;16.09.2025
C06575;Spain;Consumer;18.04.2024
C06576;Germany;Consumer;30.08.2024
C06577;Romania;Corporate;17.10.2024
C06578;Italy;Consumer;31.01.2026
C06579;Romania;Small Business;29.12.2024
C06580;Romania;Consumer;13.12.2024
C06581;Germany;Small Business;16.06.2023
C06582;Romania;Small Business;15.06.2025
C06583;Romania;Corporate;04.03.2026
C06584;Romania;Small Business;22.05.2023
C06585;Romania;Small Business;01.04.2023
C06586;Romania;Consumer;15.09.2024
C06587;Romania;Consumer;02.09.2025
C06588;Spain;Consumer;17.04.2023
C06589;Germany;Small Business;06.08.2025
C06590;Germany;Small Business;26.10.2023
C06591;Romania;Consumer;23.08.2023
C06592;United Kingdom;Small Business;30.08.2023
C06593;Romania;Consumer;02.11.2024
C06594;Romania;Small Business;02.02.2025
C06595;United Kingdom;Consumer;12.08.2024
C06596;Romania;Consumer;12.02.2025
C06597;France;Small Business;24.10.2025
C06598;Italy;Consumer;26.11.2025
C06599;Italy;Small Business;19.07.2025
C06600;Romania;Small Business;27.10.2024
C06601;Romania;Consumer;07.10.2023
C06602;Romania;Consumer;08.08.2025
C06603;France;Consumer;08.05.2025
C06604;Spain;Consumer;08.02.2026
C06605;Spain;Small Business;27.06.2025
C06606;Romania;Consumer;20.06.2023
C06607;Italy;Consumer;27.12.2024
C06608;Germany;Consumer;08.07.2025
C06609;Italy;Consumer;26.06.2026
C06610;Germany;Consumer;23.02.2024
C06611;Romania;Consumer;02.01.2026
C06612;Romania;Consumer;21.12.2023
C06613;Spain;Small Business;25.04.2024
C06614;Romania;Consumer;13.05.2026
C06615;Romania;Consumer;29.07.2023
C06616;Romania;Consumer;21.09.2023
C06617;Romania;Consumer;01.12.2025
C06618;Spain;Consumer;12.03.2026
C06619;Romania;Small Business;14.05.2023
C06620;Romania;Corporate;17.11.2025
C06621;France;Consumer;21.01.2025
C06622;Germany;Consumer;26.01.2026
C06623;Romania;Consumer;26.09.2024
C06624;Romania;Consumer;17.01.2025
C06625;Romania;Small Business;16.01.2025
C06626;Romania;Consumer;17.06.2024
C06627;Romania;Small Business;28.05.2024
C06628;Romania;Consumer;24.12.2023
C06629;France;Consumer;26.05.2024
C06630;Italy;Small Business;03.08.2023
C06631;Italy;Consumer;21.12.2025
C06632;Romania;Small Business;31.05.2024
C06633;Romania;Small Business;09.05.2024
C06634;Netherlands;Consumer;03.06.2026
C06635;France;Consumer;13.09.2024
C06636;Germany;Consumer;15.06.2025
C06637;Romania;Consumer;25.06.2026
C06638;Romania;Small Business;05.01.2026
C06639;Germany;Consumer;28.03.2024
C06640;Germany;Consumer;10.11.2024
C06641;Romania;Small Business;15.11.2025
C06642;Spain;Small Business;30.09.2024
C06643;Germany;Small Business;20.12.2023
C06644;Germany;Consumer;05.11.2024
C06645;Romania;Consumer;01.02.2023
C06646;France;Consumer;28.01.2026
C06647;France;Small Business;27.01.2025
C06648;Romania;Small Business;23.11.2023
C06649;Germany;Small Business;03.09.2024
C06650;United Kingdom;Consumer;10.02.2023
C06651;Italy;Small Business;30.09.2025
C06652;Romania;Small Business;08.11.2024
C06653;Italy;Consumer;06.01.2023
C06654;Romania;Consumer;09.08.2024
C06655;Romania;Consumer;01.04.2023
C06656;Romania;Consumer;09.05.2024
C06657;Romania;Consumer;01.01.2026
C06658;Romania;Consumer;14.04.2025
C06659;Germany;Consumer;05.09.2024
C06660;France;Small Business;14.10.2024
C06661;Romania;Small Business;08.10.2024
C06662;Netherlands;Small Business;05.05.2023
C06663;Romania;Small Business;15.10.2023
C06664;Germany;Consumer;07.11.2025
C06665;Spain;Small Business;27.03.2026
C06666;Italy;Consumer;05.07.2023
C06667;United Kingdom;Small Business;12.03.2026
C06668;United Kingdom;Small Business;08.02.2023
C06669;Romania;Small Business;21.11.2025
C06670;Romania;Consumer;05.10.2023
C06671;Romania;Consumer;25.04.2026
C06672;Romania;Consumer;08.06.2026
C06673;ROMANIA;Consumer;25.06.2024
C06674;Romania;Consumer;12.02.2026
C06675;Spain;Consumer;12.04.2023
C06676;Italy;Consumer;27.10.2024
C06677;France;Small Business;09.01.2024
C06678;United Kingdom;Consumer;10.03.2025
C06679;Romania;Small Business;16.11.2023
C06680;Romania;Consumer;15.07.2024
C06681;United Kingdom;Consumer;22.07.2025
C06682;United Kingdom;Consumer;20.09.2023
C06683;Romania;Small Business;10.12.2025
C06684;Romania;Consumer;19.05.2025
C06685;Germany;Small Business;03.05.2025
C06686;ROMANIA;Consumer;10.02.2024
C06687;Romania;Consumer;29.11.2024
C06688;Romania;Consumer;17.02.2025
C06689;Germany;Consumer;05.11.2025
C06690;Spain;Consumer;20.03.2024
C06691;Germany;Small Business;30.07.2024
C06692;France;Consumer;18.07.2024
C06693;France;Consumer;03.01.2026
C06694;Romania;Consumer;10.12.2025
C06695;United Kingdom;Corporate;04.10.2023
C06696;Germany;Consumer;15.05.2023
C06697;Germany;Consumer;12.05.2026
C06698;Romania;Consumer;02.08.2023
C06699;Spain;Small Business;19.09.2023
C06700;Spain;Consumer;01.06.2023
C06701;Romania;Small Business;24.07.2023
C06702;Romania;Small Business;22.03.2023
C06703;Romania;Consumer;08.02.2025
C06704;France;Consumer;12.10.2024
C06705;Germany;Consumer;29.04.2023
C06706;Romania;Consumer;12.04.2025
C06707;France;Consumer;03.08.2023
C06708;Romania;Consumer;17.11.2024
C06709;Romania;Consumer;19.07.2025
C06710;Romania;Small Business;27.06.2024
C06711;Germany;Consumer;29.01.2024
C06712;Germany;Consumer;17.02.2026
C06713;Romania;Consumer;17.10.2025
C06714;Romania;Consumer;13.12.2025
C06715;Spain;Consumer;18.07.2023
C06716;Germany;Small Business;15.12.2023
C06717;Spain;Consumer;06.05.2024
C06718;Germany;Consumer;03.08.2023
C06719;France;Small Business;07.05.2024
C06720;Romania;Consumer;13.11.2023
C06721;France;Consumer;04.09.2024
C06722;Romania;Consumer;21.06.2025
C06723;Romania;Consumer;10.07.2025
C06724;Romania;Small Business;08.05.2024
C06725;Romania;Small Business;22.09.2024
C06726;Spain;Small Business;24.02.2024
C06727;Netherlands;Consumer;19.04.2023
C06728;France;Small Business;20.01.2023
C06729;Romania;Consumer;22.08.2023
C06730;Italy;Corporate;25.02.2025
C06731;France;Small Business;08.05.2023
C06732;Romania;Consumer;27.08.2024
C06733;Germany;Small Business;19.06.2023
C06734;United Kingdom;Consumer;21.04.2024
C06735;Romania;Consumer;12.12.2023
C06736;Germany;Consumer;27.09.2023
C06737;France;Consumer;19.10.2024
C06738;Romania;Consumer;11.02.2026
C06739;Romania;Small Business;13.04.2025
C06740;Germany;Consumer;31.10.2023
C06741;France;Small Business;19.12.2025
C06742;Netherlands;Consumer;21.03.2026
C06743;Italy;Small Business;23.08.2025
C06744;United Kingdom;Small Business;05.10.2023
C06745;Germany;Small Business;02.08.2023
C06746;Germany;Consumer;24.05.2026
C06747;Germany;Corporate;08.02.2026
C06748;Romania;Consumer;19.06.2024
C06749;United Kingdom;Small Business;06.08.2024
C06750;United Kingdom;Consumer;10.11.2024
C06751;Germany;Consumer;07.02.2026
C06752;Italy;Consumer;17.01.2024
C06753;United Kingdom;Consumer;13.04.2026
C06754;Romania;Consumer;17.01.2024
C06755;Romania;Consumer;27.12.2023
C06756;Romania;Consumer;21.06.2023
C06757;Romania;Corporate;20.07.2025
C06758;Romania;Consumer;14.12.2023
C06759;Romania;Consumer;27.01.2023
C06760;Romania;Small Business;03.10.2024
C06761;Romania;Consumer;13.12.2024
C06762;France;Small Business;23.01.2023
C06763;France;Consumer;04.08.2025
C06764;Romania;Consumer;13.12.2024
C06765;Romania;Consumer;23.08.2024
C06766;Romania;Small Business;14.03.2024
C06767;Romania;Small Business;16.08.2025
C06768;Romania;Small Business;07.09.2025
C06769;Romania;Consumer;10.05.2024
C06770;Romania;Small Business;30.09.2024
C06771;Netherlands;Consumer;20.11.2023
C06772;Germany;Small Business;06.10.2023
C06773;Italy;Consumer;05.01.2026
C06774;Romania;Small Business;21.05.2024
C06775;Romania;Corporate;16.12.2023
C06776;Spain;Consumer;21.07.2025
C06777;Romania;Small Business;08.06.2025
C06778;United Kingdom;Consumer;12.12.2023
C06779;Netherlands;Consumer;17.03.2025
C06780;Germany;Consumer;17.03.2026
C06781;Romania;Small Business;09.07.2023
C06782;Germany;Consumer;02.11.2023
C06783;Romania;Consumer;02.04.2026
C06784;Romania;Small Business;23.07.2025
C06785;Romania;Consumer;08.02.2025
C06786;Italy;Small Business;04.03.2024
C06787;United Kingdom;Consumer;20.08.2024
C06788;Romania;Consumer;30.08.2023
C06789;Romania;Small Business;01.11.2025
C06790;United Kingdom;Consumer;01.10.2024
C06791;Spain;Consumer;14.10.2025
C06792;Romania;Consumer;24.01.2026
C06793;Romania;Corporate;05.05.2023
C06794;Italy;Consumer;05.01.2026
C06795;Italy;Corporate;27.01.2024
C06796;Spain;Small Business;23.02.2024
C06797;Romania;Consumer;08.08.2024
C06798;Romania;Consumer;15.01.2024
C06799;Romania;Consumer;10.03.2024
C06800;Romania;Consumer;03.06.2025
C06801;Italy;Consumer;09.02.2024
C06802;Romania;Consumer;14.02.2025
C06803;United Kingdom;Consumer;25.03.2024
C06804;Spain;Corporate;20.02.2024
C06805;Netherlands;Consumer;01.07.2023
C06806;United Kingdom;Consumer;07.01.2026
C06807;ROMANIA;Consumer;02.06.2023
C06808;Romania;Consumer;07.12.2024
C06809;Romania;Consumer;29.11.2023
C06810;Romania;Small Business;14.06.2026
C06811;Netherlands;Consumer;31.03.2023
C06812;Spain;Consumer;27.06.2024
C06813;Romania;Small Business;13.10.2024
C06814;Romania;Consumer;13.06.2026
C06815;Romania;Small Business;15.07.2023
C06816;Romania;Consumer;28.11.2025
C06817;Italy;Small Business;28.03.2023
C06818;Romania;Corporate;06.01.2024
C06819;France;Small Business;04.12.2025
C06820;Germany;Consumer;25.04.2024
C06821;Romania;Consumer;14.05.2024
C06822;Romania;Small Business;20.02.2026
C06823;Netherlands;Consumer;28.04.2023
C06824;United Kingdom;Consumer;08.06.2026
C06825;Romania;Consumer;26.10.2023
C06826;Romania;Consumer;27.01.2025
C06827;Spain;Consumer;30.11.2023
C06828;Italy;Consumer;12.10.2025
C06829;France;Consumer;17.06.2025
C06830;United Kingdom;Consumer;23.07.2023
C06831;Italy;Consumer;11.11.2023
C06832;Romania;Consumer;10.06.2025
C06833;United Kingdom;Corporate;03.10.2024
C06834;Romania;Consumer;02.12.2024
C06835;Germany;Consumer;12.04.2024
C06836;Netherlands;Small Business;13.05.2025
C06837;Netherlands;Consumer;31.03.2026
C06838;Germany;Consumer;14.05.2023
C06839;Germany;Consumer;03.06.2025
C06840;Italy;Consumer;09.04.2026
C06841;Netherlands;Consumer;10.10.2023
C06842;France;Consumer;16.06.2024
C06843;Romania;Corporate;24.12.2024
C06844;Romania;Consumer;16.09.2025
C06845;Italy;Consumer;26.05.2025
C06846;France;Consumer;18.06.2026
C06847;France;Consumer;11.12.2024
C06848;United Kingdom;Consumer;19.01.2026
C06849;Romania;Small Business;25.10.2024
C06850;Romania;Small Business;02.02.2024
C06851;France;Small Business;10.05.2025
C06852;Romania;Consumer;27.05.2024
C06853;United Kingdom;Consumer;19.04.2025
C06854;United Kingdom;Consumer;07.04.2025
C06855;Italy;Consumer;05.04.2023
C06856;Romania;Consumer;17.11.2024
C06857;France;Consumer;18.01.2023
C06858;Romania;Consumer;07.06.2024
C06859;Romania;Consumer;18.04.2025
C06860;Romania;Consumer;13.04.2025
C06861;Romania;Consumer;06.03.2026
C06862;;Consumer;30.07.2025
C06863;Spain;Consumer;30.01.2024
C06864;Romania;Consumer;27.07.2024
C06865;Italy;Consumer;13.06.2023
C06866;Germany;Consumer;07.04.2024
C06867;United Kingdom;Small Business;12.05.2025
C06868;Italy;Consumer;30.01.2026
C06869;Germany;Consumer;22.01.2025
C06870;Romania;Consumer;27.12.2023
C06871;Romania;Consumer;01.03.2026
C06872;Germany;Consumer;25.11.2024
C06873;Spain;Consumer;05.08.2025
C06874;Germany;Consumer;23.06.2025
C06875;Romania;Small Business;21.05.2024
C06876;Romania;Small Business;27.01.2023
C06877;Spain;Consumer;19.03.2025
C06878;Romania;Consumer;12.02.2026
C06879;United Kingdom;Corporate;05.01.2026
C06880;United Kingdom;Consumer;02.01.2026
C06881;Romania;Corporate;19.03.2024
C06882;Romania;Small Business;01.03.2026
C06883;Romania;Consumer;18.01.2023
C06884;Romania;Consumer;08.02.2024
C06885;United Kingdom;Consumer;10.03.2025
C06886;France;Small Business;02.02.2024
C06887;Romania;Consumer;03.02.2023
C06888;Germany;Small Business;11.08.2023
C06889;Romania;Consumer;11.04.2026
C06890;Romania;Small Business;30.06.2024
C06891;France;Small Business;03.08.2023
C06892;France;Consumer;01.03.2025
C06893;France;Consumer;22.04.2024
C06894;Romania;Consumer;16.05.2024
C06895;Germany;Small Business;22.04.2026
C06896;Romania;Small Business;23.11.2024
C06897;Netherlands;Consumer;12.04.2023
C06898;United Kingdom;Small Business;17.04.2026
C06899;Spain;Consumer;06.01.2023
C06900;Romania;Consumer;26.05.2025
C06901;Romania;Small Business;13.05.2023
C06902;France;Consumer;13.12.2023
C06903;Romania;Small Business;12.06.2026
C06904;United Kingdom;Consumer;04.08.2023
C06905;Germany;Consumer;24.05.2026
C06906;Netherlands;Consumer;09.01.2024
C06907;Romania;Consumer;05.05.2024
C06908;Spain;Consumer;11.04.2026
C06909;Romania;Small Business;05.08.2025
C06910;Romania;Consumer;11.01.2024
C06911;Germany;Consumer;28.07.2025
C06912;Romania;Consumer;31.08.2024
C06913;Netherlands;Consumer;08.05.2023
C06914;Spain;Consumer;18.11.2023
C06915;Netherlands;Small Business;28.10.2023
C06916;Netherlands;Small Business;27.08.2024
C06917;United Kingdom;Consumer;08.02.2026
C06918;Romania;Consumer;27.12.2024
C06919;Italy;Consumer;31.07.2023
C06920;Romania;Consumer;14.02.2025
C06921;Italy;Small Business;26.10.2024
C06922;Germany;Consumer;09.05.2024
C06923;United Kingdom;Corporate;08.11.2023
C06924;Romania;Consumer;12.12.2024
C06925;Romania;Small Business;02.07.2024
C06926;Romania;Small Business;08.09.2023
C06927;Romania;Small Business;03.06.2023
C06928;Romania;Small Business;03.10.2023
C06929;Romania;Consumer;02.03.2025
C06930;Romania;Small Business;01.03.2023
C06931;Germany;Consumer;02.04.2023
C06932;Romania;Consumer;17.06.2026
C06933;Italy;Consumer;09.12.2023
C06934;Romania;Consumer;25.05.2023
C06935;Germany;Corporate;15.05.2026
C06936;Romania;Consumer;14.06.2024
C06937;Germany;Consumer;02.01.2023
C06938;Germany;Consumer;16.06.2024
C06939;United Kingdom;Consumer;27.01.2023
C06940;Romania;Small Business;21.04.2026
C06941;Germany;Corporate;10.10.2025
C06942;Romania;Consumer;17.06.2024
C06943;Romania;Consumer;06.03.2024
C06944;Romania;Consumer;09.03.2025
C06945;United Kingdom;Consumer;26.08.2025
C06946;Romania;Consumer;23.11.2024
C06947;France;Corporate;09.04.2023
C06948;Romania;Consumer;07.01.2026
C06949;Romania;Consumer;04.03.2024
C06950;Romania;Small Business;11.11.2025
C06951;Romania;Consumer;31.10.2025
C06952;Germany;Small Business;06.10.2023
C06953;Italy;Consumer;18.10.2024
C06954;France;Consumer;15.08.2025
C06955;Romania;Consumer;01.04.2024
C06956;Romania;Consumer;08.10.2025
C06957;Italy;Small Business;30.10.2024
C06958;Romania;Consumer;18.03.2026
C06959;Romania;Consumer;18.02.2026
C06960;Italy;Corporate;14.05.2026
C06961;Romania;Consumer;09.10.2023
C06962;Romania;Consumer;29.07.2025
C06963;Romania;Corporate;17.08.2025
C06964;Germany;Consumer;28.07.2024
C06965;Romania;Small Business;03.08.2023
C06966;United Kingdom;Consumer;09.01.2024
C06967;Romania;Small Business;18.10.2024
C06968;Romania;Consumer;08.01.2026
C06969;Romania;Consumer;14.03.2026
C06970;Italy;Corporate;14.03.2026
C06971;Romania;Consumer;22.04.2026
C06972;France;Consumer;05.05.2023
C06973;Romania;Consumer;24.06.2026
C06974;Romania;Consumer;08.12.2024
C06975;Romania;Consumer;08.05.2023
C06976;Germany;Consumer;14.06.2023
C06977;Romania;Consumer;22.11.2023
C06978;France;Corporate;18.11.2023
C06979;Spain;Small Business;22.05.2023
C06980;France;Corporate;28.11.2024
C06981;Germany;Consumer;02.02.2024
C06982;Germany;Consumer;02.05.2025
C06983;United Kingdom;Consumer;02.07.2025
C06984;Romania;Consumer;25.05.2024
C06985;France;Consumer;11.04.2023
C06986;Italy;Small Business;02.02.2024
C06987;Romania;Small Business;22.02.2025
C06988;Spain;Consumer;15.05.2024
C06989;Italy;Consumer;11.01.2025
C06990;ROMANIA;Consumer;11.12.2025
C06991;Spain;Consumer;01.10.2025
C06992;Romania;Consumer;06.03.2025
C06993;Romania;Small Business;04.05.2023
C06994;Romania;Consumer;10.08.2025
C06995;Germany;Consumer;29.02.2024
C06996;Romania;Small Business;13.06.2024
C06997;Spain;Corporate;08.06.2025
C06998;Romania;Small Business;28.11.2025
C06999;Romania;Consumer;27.06.2025
C07000;United Kingdom;Consumer;20.01.2024
C07001;Romania;Small Business;27.07.2024
C07002;United Kingdom;Small Business;07.04.2024
C07003;Romania;Corporate;12.08.2024
C07004;Netherlands;Consumer;23.08.2025
C07005;United Kingdom;Small Business;13.05.2024
C07006;Romania;Consumer;21.02.2024
C07007;Romania;Consumer;01.02.2026
C07008;Romania;Consumer;11.07.2023
C07009;Spain;Consumer;13.05.2024
C07010;United Kingdom;Consumer;30.04.2026
C07011;Romania;Consumer;30.01.2026
C07012;Romania;Small Business;30.10.2025
C07013;Italy;Consumer;07.02.2026
C07014;Romania;Consumer;30.10.2023
C07015;United Kingdom;Small Business;16.03.2023
C07016;France;Consumer;29.12.2025
C07017;Romania;Consumer;19.09.2024
C07018;Germany;Corporate;18.11.2023
C07019;Romania;Consumer;01.09.2024
C07020;Romania;Consumer;21.11.2025
C07021;Netherlands;Consumer;19.09.2024
C07022;United Kingdom;Consumer;13.03.2025
C07023;Italy;Consumer;17.10.2024
C07024;Germany;Small Business;30.04.2026
C07025;Romania;Consumer;30.03.2026
C07026;United Kingdom;Consumer;25.06.2024
C07027;Germany;Small Business;29.10.2025
C07028;Romania;Consumer;11.07.2025
C07029;Romania;Consumer;15.06.2023
C07030;United Kingdom;Consumer;16.12.2025
C07031;France;Consumer;19.06.2025
C07032;Romania;Corporate;28.12.2025
C07033;Italy;Small Business;07.04.2026
C07034;Romania;Consumer;21.11.2024
C07035;Romania;Consumer;20.03.2023
C07036;Romania;Consumer;19.12.2023
C07037;France;Small Business;06.07.2023
C07038;Romania;Consumer;27.10.2023
C07039;Germany;Corporate;31.12.2024
C07040;Romania;Consumer;28.05.2026
C07041;ROMANIA;Consumer;31.08.2025
C07042;France;Corporate;11.07.2024
C07043;Romania;Small Business;17.09.2024
C07044;Spain;Consumer;24.10.2024
C07045;Romania;Consumer;08.06.2024
C07046;Romania;Small Business;02.02.2025
C07047;Germany;Small Business;16.04.2026
C07048;United Kingdom;Consumer;09.05.2023
C07049;Romania;Small Business;30.03.2024
C07050;Germany;Corporate;14.04.2023
C07051;Romania;Consumer;21.12.2025
C07052;Germany;Consumer;10.09.2023
C07053;United Kingdom;Consumer;13.04.2025
C07054;Netherlands;Small Business;25.03.2023
C07055;Romania;Consumer;31.08.2024
C07056;United Kingdom;Consumer;20.02.2026
C07057;Germany;Small Business;30.04.2026
C07058;Romania;Consumer;08.07.2023
C07059;Romania;Corporate;23.04.2025
C07060;Netherlands;Consumer;17.10.2023
C07061;Romania;Small Business;19.07.2025
C07062;France;Consumer;16.11.2024
C07063;Romania;Consumer;15.10.2025
C07064;France;Consumer;17.02.2026
C07065;Romania;Consumer;27.03.2024
C07066;Netherlands;Small Business;04.03.2023
C07067;United Kingdom;Small Business;09.02.2024
C07068;Romania;Consumer;03.10.2023
C07069;United Kingdom;Consumer;08.06.2023
C07070;Germany;Corporate;04.07.2025
C07071;Romania;Consumer;25.02.2026
C07072;Romania;Corporate;24.10.2024
C07073;United Kingdom;Consumer;10.11.2024
C07074;France;Consumer;28.01.2025
C07075;Romania;Consumer;20.02.2026
C07076;Italy;Consumer;22.01.2023
C07077;Romania;Small Business;03.11.2024
C07078;Romania;Small Business;11.01.2026
C07079;Germany;Small Business;08.01.2025
C07080;Romania;Small Business;30.11.2025
C07081;Romania;Small Business;15.04.2025
C07082;Germany;Small Business;14.05.2026
C07083;Romania;Small Business;18.01.2024
C07084;Romania;Small Business;23.07.2025
C07085;United Kingdom;Consumer;08.09.2025
C07086;Germany;Consumer;09.02.2023
C07087;Italy;Consumer;26.08.2025
C07088;Germany;Consumer;26.06.2025
C07089;Germany;Consumer;22.02.2025
C07090;Romania;Consumer;19.12.2024
C07091;France;Consumer;18.10.2025
C07092;Romania;Consumer;13.05.2023
C07093;Romania;Small Business;12.12.2023
C07094;Italy;Small Business;14.12.2025
C07095;France;Consumer;04.08.2023
C07096;United Kingdom;Corporate;19.03.2023
C07097;Romania;Corporate;26.03.2026
C07098;Romania;Small Business;20.05.2024
C07099;Germany;Consumer;11.10.2025
C07100;France;Consumer;25.10.2023
C07101;Romania;Consumer;13.06.2025
C07102;Romania;Small Business;27.03.2026
C07103;Romania;Consumer;31.08.2025
C07104;Germany;Small Business;11.01.2024
C07105;United Kingdom;Small Business;06.02.2025
C07106;Romania;Corporate;26.11.2025
C07107;Romania;Consumer;27.12.2025
C07108;Romania;Corporate;18.01.2024
C07109;Romania;Small Business;19.10.2023
C07110;Germany;Consumer;07.07.2024
C07111;Romania;Small Business;16.11.2023
C07112;United Kingdom;Consumer;08.07.2025
C07113;France;Consumer;25.01.2025
C07114;Netherlands;Corporate;03.09.2024
C07115;Spain;Consumer;30.10.2025
C07116;Romania;Consumer;30.09.2023
C07117;Romania;Corporate;02.12.2025
C07118;Romania;Consumer;20.12.2024
C07119;United Kingdom;Consumer;30.05.2026
C07120;Romania;Consumer;04.02.2025
C07121;Romania;Consumer;30.08.2025
C07122;Romania;Consumer;30.08.2023
C07123;Romania;Consumer;24.10.2023
C07124;United Kingdom;Small Business;10.12.2024
C07125;United Kingdom;;22.10.2023
C07126;Germany;Consumer;26.02.2023
C07127;Spain;Consumer;03.12.2023
C07128;Romania;Consumer;09.04.2025
C07129;Romania;Consumer;05.01.2025
C07130;Romania;Consumer;16.10.2024
C07131;United Kingdom;Consumer;26.11.2025
C07132;Germany;Consumer;28.03.2023
C07133;Romania;Consumer;27.09.2025
C07134;Spain;Consumer;06.09.2024
C07135;Romania;Consumer;07.06.2025
C07136;Romania;Consumer;08.11.2025
C07137;United Kingdom;Consumer;21.01.2024
C07138;Spain;Consumer;03.11.2023
C07139;United Kingdom;Small Business;18.08.2025
C07140;Spain;Consumer;21.03.2025
C07141;Romania;Consumer;26.08.2023
C07142;United Kingdom;Consumer;11.12.2023
C07143;Italy;Consumer;25.12.2025
C07144;Germany;Consumer;10.12.2024
C07145;Romania;Consumer;08.03.2026
C07146;Netherlands;Consumer;13.06.2025
C07147;Romania;Consumer;21.09.2023
C07148;Romania;Consumer;22.09.2023
C07149;Italy;Corporate;16.05.2026
C07150;Spain;Small Business;01.08.2025
C07151;Netherlands;Consumer;28.01.2025
C07152;Italy;Corporate;13.05.2025
C07153;Romania;Consumer;12.06.2024
C07154;Spain;Consumer;04.02.2024
C07155;Romania;Consumer;17.11.2025
C07156;United Kingdom;Corporate;15.02.2026
C07157;Romania;Consumer;02.03.2026
C07158;France;Small Business;22.09.2025
C07159;Germany;Consumer;17.01.2026
C07160;Italy;Consumer;26.10.2024
C07161;Romania;Consumer;02.02.2024
C07162;Romania;Consumer;16.04.2023
C07163;Romania;Small Business;29.01.2024
C07164;Romania;Consumer;16.07.2024
C07165;United Kingdom;Consumer;17.04.2023
C07166;Romania;Consumer;25.02.2024
C07167;Germany;Small Business;30.03.2026
C07168;Romania;Small Business;01.12.2023
C07169;Romania;Consumer;16.05.2024
C07170;United Kingdom;Consumer;01.04.2025
C07171;Romania;Consumer;03.02.2026
C07172;Romania;Consumer;22.03.2026
C07173;Romania;Consumer;02.11.2025
C07174;Romania;Small Business;07.07.2023
C07175;United Kingdom;Consumer;23.05.2023
C07176;Romania;Consumer;04.08.2025
C07177;Romania;Consumer;03.02.2026
C07178;United Kingdom;Consumer;04.03.2025
C07179;Germany;Consumer;12.03.2026
C07180;Germany;Small Business;01.05.2025
C07181;Romania;Consumer;23.03.2024
C07182;Spain;Consumer;14.12.2025
C07183;Romania;Consumer;24.08.2025
C07184;Romania;Consumer;24.04.2024
C07185;Spain;Small Business;22.01.2025
C07186;United Kingdom;Small Business;09.01.2025
C07187;United Kingdom;Small Business;07.05.2023
C07188;Italy;Small Business;20.12.2023
C07189;Romania;Small Business;18.10.2023
C07190;Italy;Consumer;29.12.2023
C07191;United Kingdom;Consumer;01.11.2024
C07192;Romania;Small Business;16.10.2024
C07193;Romania;Consumer;31.12.2025
C07194;Romania;Consumer;10.01.2023
C07195;Spain;Corporate;18.11.2025
C07196;Romania;Consumer;13.11.2023
C07197;Romania;Consumer;24.03.2024
C07198;United Kingdom;Consumer;13.07.2023
C07199;United Kingdom;Consumer;17.01.2023
C07200;Romania;Consumer;02.06.2023
C07201;France;Consumer;14.10.2023
C07202;Germany;Consumer;05.05.2024
C07203;Italy;Consumer;02.02.2024
C07204;Romania;Consumer;14.05.2023
C07205;Romania;Consumer;07.03.2024
C07206;United Kingdom;Consumer;16.07.2023
C07207;Romania;Consumer;22.05.2025
C07208;Germany;Consumer;03.05.2025
C07209;Romania;Consumer;22.03.2023
C07210;France;Corporate;11.04.2025
C07211;Italy;Consumer;05.03.2026
C07212;Italy;Consumer;20.04.2026
C07213;Spain;Consumer;14.03.2023
C07214;Spain;Consumer;20.03.2026
C07215;Romania;Consumer;03.06.2024
C07216;Romania;Corporate;20.01.2026
C07217;Italy;Small Business;17.09.2023
C07218;Spain;Small Business;31.05.2025
C07219;Netherlands;Consumer;21.10.2025
C07220;France;Corporate;07.12.2023
C07221;Romania;Small Business;30.07.2025
C07222;Spain;Consumer;16.08.2023
C07223;Spain;Consumer;24.06.2025
C07224;United Kingdom;Consumer;26.04.2026
C07225;Italy;Consumer;17.01.2024
C07226;Germany;Consumer;09.05.2026
C07227;Spain;Consumer;01.05.2025
C07228;Romania;Small Business;05.10.2024
C07229;Italy;Consumer;22.02.2024
C07230;Romania;Small Business;30.11.2024
C07231;Romania;Consumer;09.06.2026
C07232;Romania;Consumer;07.01.2023
C07233;Romania;Small Business;10.01.2026
C07234;Romania;Consumer;09.07.2023
C07235;Spain;Small Business;27.11.2024
C07236;Germany;Small Business;21.02.2026
C07237;Italy;Consumer;20.08.2023
C07238;Romania;Consumer;02.03.2023
C07239;Romania;Consumer;02.09.2024
C07240;France;Consumer;19.09.2025
C07241;ROMANIA;Corporate;11.10.2025
C07242;Germany;Small Business;02.09.2025
C07243;France;Consumer;18.10.2025
C07244;Italy;Small Business;16.09.2025
C07245;Germany;Corporate;04.01.2026
C07246;Netherlands;Consumer;06.08.2023
C07247;United Kingdom;Consumer;28.10.2023
C07248;United Kingdom;Small Business;05.01.2023
C07249;Romania;Small Business;05.07.2024
C07250;Romania;Consumer;02.12.2023
C07251;Romania;Consumer;10.03.2025
C07252;France;Consumer;06.12.2024
C07253;United Kingdom;Consumer;11.01.2025
C07254;Romania;Consumer;20.04.2025
C07255;United Kingdom;Consumer;28.06.2026
C07256;Romania;Small Business;16.05.2023
C07257;Romania;Consumer;19.12.2023
C07258;Spain;Small Business;16.06.2024
C07259;Romania;Consumer;02.04.2023
C07260;Romania;Consumer;10.11.2025
C07261;Germany;Consumer;09.05.2024
C07262;Romania;Consumer;01.08.2023
C07263;United Kingdom;Small Business;22.10.2024
C07264;Netherlands;Consumer;02.09.2023
C07265;Germany;Consumer;09.05.2024
C07266;Germany;Corporate;02.04.2025
C07267;Romania;Small Business;12.02.2024
C07268;Germany;Consumer;28.11.2025
C07269;Romania;Consumer;25.11.2023
C07270;Romania;Consumer;27.05.2023
C07271;Italy;Consumer;29.06.2024
C07272;Romania;Corporate;02.09.2023
C07273;Germany;Consumer;29.05.2025
C07274;Romania;Consumer;30.10.2024
C07275;Italy;Consumer;09.07.2023
C07276;Romania;Consumer;05.03.2024
C07277;Romania;Consumer;09.01.2026
C07278;Italy;Consumer;10.11.2025
C07279;Romania;Small Business;29.03.2025
C07280;Spain;Small Business;26.02.2026
C07281;Romania;Corporate;18.05.2023
C07282;United Kingdom;Consumer;23.07.2025
C07283;Netherlands;Consumer;31.01.2023
C07284;Germany;Small Business;04.02.2025
C07285;United Kingdom;Consumer;07.03.2023
C07286;Romania;Consumer;12.03.2024
C07287;France;Corporate;26.04.2023
C07288;Spain;Small Business;21.11.2023
C07289;United Kingdom;Small Business;01.04.2025
C07290;Spain;Consumer;24.09.2025
C07291;Germany;Consumer;15.04.2026
C07292;Germany;Consumer;14.06.2026
C07293;Romania;Consumer;20.06.2023
C07294;United Kingdom;Consumer;19.03.2026
C07295;Italy;Small Business;29.12.2023
C07296;United Kingdom;Consumer;02.02.2026
C07297;Romania;Consumer;09.01.2026
C07298;Germany;Small Business;18.03.2026
C07299;France;Small Business;07.10.2024
C07300;Spain;Consumer;15.08.2025
C07301;Romania;Consumer;29.06.2024
C07302;Romania;Consumer;10.04.2023
C07303;Romania;Consumer;26.08.2024
C07304;Romania;Consumer;14.09.2023
C07305;Netherlands;Consumer;10.05.2023
C07306;Romania;Small Business;20.06.2023
C07307;Germany;Corporate;08.10.2023
C07308;Romania;Consumer;13.10.2025
C07309;Romania;Consumer;12.05.2026
C07310;Netherlands;Consumer;21.12.2025
C07311;Germany;Corporate;01.04.2025
C07312;Romania;Small Business;30.01.2026
C07313;Romania;Corporate;05.03.2026
C07314;Netherlands;Consumer;23.04.2026
C07315;Netherlands;Consumer;09.07.2023
C07316;Romania;Consumer;22.05.2024
C07317;United Kingdom;Consumer;24.12.2023
C07318;Romania;Consumer;29.06.2023
C07319;Germany;Consumer;09.08.2023
C07320;Romania;Consumer;16.05.2026
C07321;ROMANIA;Consumer;20.08.2023
C07322;Spain;Corporate;29.04.2025
C07323;Romania;Small Business;18.01.2026
C07324;Romania;Small Business;18.08.2025
C07325;Romania;Consumer;01.08.2024
C07326;Romania;Small Business;29.01.2023
C07327;Romania;Consumer;17.06.2024
C07328;Romania;Consumer;28.12.2023
C07329;Netherlands;Consumer;08.01.2026
C07330;Romania;Consumer;21.04.2026
C07331;Italy;Small Business;24.10.2023
C07332;Romania;Small Business;12.11.2025
C07333;Germany;Consumer;19.01.2026
C07334;Romania;Consumer;08.06.2026
C07335;Spain;Consumer;10.09.2025
C07336;Romania;Consumer;14.08.2024
C07337;Romania;Consumer;27.04.2024
C07338;France;Small Business;18.03.2023
C07339;United Kingdom;Small Business;05.02.2026
C07340;United Kingdom;Consumer;21.06.2026
C07341;Romania;Consumer;02.01.2025
C07342;Romania;Consumer;11.01.2026
C07343;Italy;Consumer;04.01.2023
C07344;Germany;Consumer;03.06.2024
C07345;Germany;Consumer;18.05.2023
C07346;Romania;Consumer;19.01.2025
C07347;Romania;Consumer;03.01.2023
C07348;Spain;Small Business;26.01.2024
C07349;United Kingdom;Consumer;19.06.2024
C07350;Romania;Consumer;15.06.2023
C07351;Spain;Corporate;20.04.2023
C07352;Germany;Small Business;25.02.2026
C07353;Romania;Consumer;14.12.2023
C07354;Romania;Consumer;05.06.2026
C07355;United Kingdom;Consumer;18.04.2024
C07356;Romania;Corporate;16.03.2023
C07357;Germany;Consumer;12.05.2023
C07358;United Kingdom;Consumer;27.05.2025
C07359;Romania;Small Business;17.01.2023
C07360;Spain;Small Business;26.04.2026
C07361;Romania;Consumer;23.11.2023
C07362;Romania;Consumer;14.02.2025
C07363;United Kingdom;Consumer;20.07.2024
C07364;Germany;Consumer;02.03.2023
C07365;Romania;Consumer;15.06.2025
C07366;United Kingdom;Small Business;20.01.2023
C07367;Spain;Small Business;13.10.2025
C07368;France;Small Business;05.10.2024
C07369;Italy;Small Business;21.01.2024
C07370;Romania;Consumer;14.04.2026
C07371;Romania;Consumer;17.09.2023
C07372;Germany;Small Business;22.12.2023
C07373;Romania;Consumer;03.04.2025
C07374;France;Consumer;23.03.2024
C07375;Romania;Consumer;13.09.2024
C07376;Romania;Small Business;12.10.2025
C07377;Romania;Consumer;11.03.2026
C07378;Romania;Consumer;19.10.2025
C07379;Romania;Consumer;13.04.2023
C07380;Germany;Small Business;19.04.2026
C07381;Germany;Consumer;20.06.2024
C07382;Romania;Consumer;06.12.2025
C07383;Romania;Small Business;31.12.2023
C07384;Italy;Small Business;27.01.2025
C07385;Romania;Consumer;15.05.2026
C07386;Germany;Consumer;12.04.2026
C07387;Germany;Corporate;14.04.2025
C07388;Germany;Consumer;22.02.2025
C07389;Italy;Small Business;07.02.2023
C07390;United Kingdom;Small Business;06.02.2025
C07391;Netherlands;Small Business;20.06.2024
C07392;Italy;Consumer;20.01.2023
C07393;Romania;Consumer;21.04.2026
C07394;Romania;Consumer;04.08.2024
C07395;Romania;Consumer;08.09.2025
C07396;Romania;Consumer;24.02.2023
C07397;Germany;Consumer;09.11.2023
C07398;Romania;Consumer;20.02.2026
C07399;Romania;Consumer;10.04.2026
C07400;Romania;Consumer;14.01.2023
C07401;United Kingdom;Consumer;12.02.2026
C07402;United Kingdom;Consumer;27.01.2024
C07403;Netherlands;Small Business;03.10.2023
C07404;Romania;Consumer;23.06.2026
C07405;Romania;Small Business;13.11.2024
C07406;Netherlands;Consumer;11.10.2025
C07407;United Kingdom;Consumer;25.06.2023
C07408;Germany;Small Business;24.08.2025
C07409;Germany;Consumer;12.04.2024
C07410;Romania;Consumer;28.06.2025
C07411;Italy;Corporate;16.04.2025
C07412;;Consumer;07.03.2023
C07413;Germany;Consumer;21.01.2026
C07414;Germany;Corporate;03.01.2024
C07415;Romania;Small Business;10.04.2024
C07416;Romania;Consumer;15.10.2025
C07417;France;Consumer;24.01.2026
C07418;Germany;Consumer;16.02.2026
C07419;Romania;Small Business;03.08.2024
C07420;Romania;Small Business;22.03.2024
C07421;Spain;Consumer;11.11.2025
C07422;Romania;Consumer;28.11.2023
C07423;Romania;Small Business;31.03.2025
C07424;United Kingdom;Consumer;29.10.2023
C07425;France;Corporate;26.09.2023
C07426;United Kingdom;Consumer;30.11.2024
C07427;Italy;Consumer;08.01.2026
C07428;Romania;Consumer;07.01.2024
C07429;Spain;Consumer;15.07.2025
C07430;Spain;Consumer;28.01.2023
C07431;Germany;Consumer;09.06.2025
C07432;United Kingdom;Consumer;13.05.2024
C07433;Romania;Consumer;06.04.2023
C07434;Romania;Small Business;07.12.2024
C07435;Romania;Consumer;02.11.2023
C07436;Romania;Consumer;20.03.2025
C07437;Netherlands;Small Business;24.02.2023
C07438;Romania;Consumer;13.03.2024
C07439;Germany;Consumer;29.10.2023
C07440;Romania;Small Business;05.02.2024
C07441;Romania;Consumer;10.01.2023
C07442;Romania;Consumer;29.12.2023
C07443;Romania;Small Business;24.04.2023
C07444;United Kingdom;Corporate;06.03.2025
C07445;Netherlands;Small Business;09.08.2024
C07446;Romania;Consumer;28.12.2023
C07447;Netherlands;Consumer;25.02.2025
C07448;United Kingdom;Consumer;15.03.2026
C07449;Germany;Consumer;22.11.2024
C07450;Romania;Consumer;26.12.2023
C07451;Romania;Small Business;29.05.2024
C07452;Italy;;06.10.2025
C07453;Germany;Small Business;07.05.2023
C07454;Romania;Corporate;12.02.2024
C07455;France;Consumer;21.08.2024
C07456;Romania;Consumer;20.03.2025
C07457;France;Corporate;05.01.2025
C07458;Romania;Consumer;10.06.2025
C07459;Spain;Small Business;14.04.2026
C07460;Romania;Consumer;11.08.2023
C07461;Romania;Consumer;03.09.2024
C07462;United Kingdom;Consumer;29.04.2024
C07463;Romania;Consumer;23.04.2023
C07464;Spain;Corporate;12.06.2023
C07465;United Kingdom;Consumer;13.03.2025
C07466;Romania;Consumer;13.10.2024
C07467;Romania;Small Business;09.01.2024
C07468;Spain;Corporate;06.03.2026
C07469;Germany;Consumer;01.02.2024
C07470;Italy;Small Business;30.01.2025
C07471;Romania;Consumer;15.06.2026
C07472;Spain;Small Business;14.06.2025
C07473;Germany;Small Business;18.07.2025
C07474;United Kingdom;Small Business;28.12.2023
C07475;Romania;Consumer;13.03.2026
C07476;ROMANIA;Corporate;20.01.2024
C07477;Spain;Consumer;03.08.2025
C07478;Netherlands;Small Business;07.11.2024
C07479;Romania;Small Business;17.06.2023
C07480;Spain;Consumer;26.01.2023
C07481;Romania;Corporate;05.06.2023
C07482;Romania;Small Business;23.07.2023
C07483;Romania;Small Business;14.10.2023
C07484;Romania;Consumer;16.03.2024
C07485;Romania;Small Business;30.10.2023
C07486;Romania;Consumer;26.02.2026
C07487;Romania;Corporate;13.05.2026
C07488;France;Consumer;25.05.2026
C07489;Italy;Consumer;22.07.2023
C07490;United Kingdom;Consumer;12.11.2024
C07491;Romania;Small Business;15.05.2023
C07492;France;Consumer;23.06.2025
C07493;Romania;Small Business;25.06.2023
C07494;France;Small Business;06.01.2024
C07495;Germany;Consumer;16.09.2023
C07496;Romania;Small Business;05.09.2024
C07497;Romania;Small Business;15.04.2024
C07498;Italy;Consumer;20.11.2024
C07499;Spain;Consumer;09.09.2023
C07500;United Kingdom;Consumer;10.10.2024
C07501;Netherlands;Consumer;23.04.2023
C07502;Spain;Consumer;22.02.2023
C07503;ROMANIA;Consumer;24.06.2023
C07504;France;Consumer;07.12.2023
C07505;Romania;Corporate;04.10.2025
C07506;Germany;Consumer;26.02.2024
C07507;Romania;Small Business;25.10.2024
C07508;Netherlands;Small Business;15.05.2025
C07509;United Kingdom;Small Business;09.08.2025
C07510;Romania;Consumer;14.01.2025
C07511;Romania;Consumer;14.08.2023
C07512;Romania;Small Business;25.04.2025
C07513;France;Small Business;25.01.2024
C07514;Spain;Small Business;24.01.2025
C07515;Romania;Consumer;07.06.2026
C07516;Romania;Consumer;03.04.2023
C07517;Germany;Consumer;20.04.2023
C07518;Romania;Consumer;15.11.2023
C07519;Germany;Small Business;13.07.2024
C07520;Romania;Consumer;03.09.2024
C07521;Romania;Consumer;13.01.2024
C07522;Romania;Consumer;23.02.2026
C07523;Spain;Consumer;10.01.2023
C07524;Romania;Consumer;25.11.2024
C07525;Romania;Consumer;05.12.2024
C07526;France;Consumer;09.09.2025
C07527;Spain;Small Business;02.12.2024
C07528;Romania;Small Business;22.06.2023
C07529;Romania;Consumer;13.02.2024
C07530;United Kingdom;Consumer;09.08.2023
C07531;Romania;Small Business;13.03.2026
C07532;United Kingdom;Consumer;15.05.2024
C07533;Romania;Consumer;10.04.2024
C07534;Romania;Consumer;15.08.2024
C07535;Romania;Corporate;31.07.2023
C07536;United Kingdom;Consumer;18.12.2025
C07537;Romania;Corporate;28.04.2025
C07538;Romania;Consumer;30.06.2025
C07539;Romania;Consumer;24.12.2023
C07540;France;Consumer;27.08.2024
C07541;Romania;Small Business;02.11.2023
C07542;United Kingdom;Consumer;28.01.2023
C07543;United Kingdom;Consumer;14.07.2025
C07544;Romania;Corporate;02.01.2026
C07545;Netherlands;Consumer;14.10.2023
C07546;Italy;Consumer;11.03.2025
C07547;Romania;Small Business;04.03.2026
C07548;Romania;Consumer;02.08.2025
C07549;Romania;Consumer;28.11.2025
C07550;Romania;Small Business;11.02.2026
C07551;Germany;Consumer;19.11.2023
C07552;Spain;Consumer;04.04.2023
C07553;Italy;Consumer;19.10.2025
C07554;Romania;Consumer;06.10.2025
C07555;Romania;Consumer;02.09.2023
C07556;Romania;Consumer;27.02.2026
C07557;Germany;Consumer;01.02.2023
C07558;Romania;Consumer;26.04.2024
C07559;Spain;Consumer;11.05.2026
C07560;Italy;Consumer;25.03.2024
C07561;Romania;Consumer;29.08.2025
C07562;United Kingdom;Corporate;18.02.2023
C07563;Germany;Consumer;15.09.2024
C07564;France;Consumer;24.09.2025
C07565;Romania;Small Business;11.12.2025
C07566;Romania;Consumer;10.07.2024
C07567;United Kingdom;Corporate;07.04.2023
C07568;Romania;Small Business;10.11.2024
C07569;Germany;Consumer;01.08.2025
C07570;Romania;Consumer;29.07.2024
C07571;United Kingdom;Consumer;05.05.2026
C07572;Italy;Small Business;05.02.2024
C07573;Romania;Consumer;10.11.2025
C07574;Romania;Small Business;21.08.2025
C07575;France;Small Business;04.07.2024
C07576;Romania;Small Business;05.05.2023
C07577;Germany;Consumer;17.03.2024
C07578;United Kingdom;Small Business;06.09.2025
C07579;Romania;Small Business;12.02.2026
C07580;Italy;Consumer;06.08.2024
C07581;Germany;Small Business;07.01.2024
C07582;United Kingdom;Consumer;03.09.2025
C07583;Romania;Corporate;11.04.2026
C07584;Romania;Consumer;01.07.2023
C07585;Romania;Consumer;13.02.2024
C07586;Spain;Small Business;11.10.2025
C07587;Italy;Consumer;09.06.2023
C07588;France;Consumer;27.05.2026
C07589;Romania;Consumer;28.10.2023
C07590;Germany;Small Business;12.09.2024
C07591;France;Consumer;24.10.2024
C07592;United Kingdom;Consumer;22.04.2024
C07593;Romania;Consumer;17.06.2023
C07594;ROMANIA;Consumer;08.02.2023
C07595;Romania;Consumer;29.04.2024
C07596;Romania;Consumer;10.12.2023
C07597;Spain;Corporate;01.03.2026
C07598;Germany;Small Business;28.04.2025
C07599;Romania;Corporate;30.04.2023
C07600;Germany;Small Business;21.08.2025
C07601;Netherlands;Small Business;23.02.2025
C07602;Romania;Corporate;10.06.2023
C07603;France;Consumer;30.05.2024
C07604;Romania;Corporate;29.07.2025
C07605;Romania;Consumer;06.04.2025
C07606;Romania;Consumer;01.01.2025
C07607;Germany;Consumer;16.09.2024
C07608;Romania;Consumer;31.05.2025
C07609;Romania;Consumer;23.01.2026
C07610;United Kingdom;Consumer;07.08.2023
C07611;Germany;Consumer;28.05.2024
C07612;United Kingdom;Small Business;18.12.2025
C07613;Italy;Consumer;10.10.2024
C07614;Romania;Consumer;13.08.2023
C07615;Romania;Small Business;16.06.2023
C07616;Germany;Consumer;17.07.2025
C07617;Germany;Small Business;17.09.2024
C07618;Romania;Consumer;05.10.2025
C07619;Romania;Consumer;27.05.2023
C07620;Romania;Corporate;13.02.2025
C07621;Romania;Consumer;14.01.2025
C07622;Netherlands;Small Business;09.08.2024
C07623;Germany;Consumer;29.06.2024
C07624;Romania;Consumer;13.12.2023
C07625;Germany;Small Business;26.09.2025
C07626;United Kingdom;Consumer;27.02.2024
C07627;Romania;Consumer;17.06.2024
C07628;Romania;Small Business;01.01.2026
C07629;United Kingdom;Consumer;15.03.2025
C07630;Romania;Consumer;19.02.2023
C07631;Germany;Consumer;17.03.2023
C07632;Germany;Consumer;17.11.2024
C07633;France;Consumer;24.06.2025
C07634;Netherlands;Consumer;24.08.2024
C07635;France;Consumer;06.05.2026
C07636;Germany;Consumer;21.12.2025
C07637;Romania;Small Business;25.07.2024
C07638;Germany;Consumer;28.10.2023
C07639;Italy;Corporate;13.01.2023
C07640;Spain;Consumer;12.02.2023
C07641;Italy;Consumer;09.02.2025
C07642;Romania;Small Business;03.03.2024
C07643;United Kingdom;Consumer;05.07.2023
C07644;Italy;Consumer;04.04.2023
C07645;United Kingdom;Corporate;20.08.2024
C07646;United Kingdom;Small Business;16.01.2025
C07647;Germany;Consumer;11.02.2023
C07648;United Kingdom;Small Business;18.06.2024
C07649;Romania;Consumer;19.07.2024
C07650;Romania;Small Business;13.03.2023
C07651;Italy;Consumer;20.01.2026
C07652;Spain;Consumer;21.10.2023
C07653;Italy;Consumer;22.06.2023
C07654;Romania;Consumer;20.06.2023
C07655;Romania;Small Business;27.09.2024
C07656;Romania;Consumer;22.06.2025
C07657;Italy;Consumer;20.11.2023
C07658;United Kingdom;Small Business;04.09.2025
C07659;Netherlands;Consumer;30.11.2023
C07660;Romania;Corporate;27.08.2023
C07661;Germany;Consumer;31.03.2025
C07662;France;Consumer;14.09.2025
C07663;Romania;Consumer;12.08.2025
C07664;Netherlands;Consumer;12.12.2024
C07665;Germany;Consumer;19.01.2026
C07666;Romania;Small Business;19.12.2025
C07667;Romania;Consumer;22.12.2023
C07668;Italy;Corporate;11.03.2025
C07669;United Kingdom;Consumer;01.04.2023
C07670;France;Small Business;12.04.2023
C07671;France;Consumer;18.07.2024
C07672;Romania;Consumer;16.06.2025
C07673;France;Consumer;15.01.2025
C07674;Spain;Consumer;29.07.2023
C07675;Romania;Consumer;01.08.2025
C07676;France;Consumer;13.02.2025
C07677;Romania;Consumer;22.08.2025
C07678;Romania;Corporate;20.02.2025
C07679;Romania;Consumer;06.01.2026
C07680;Italy;Consumer;07.04.2024
C07681;Romania;Consumer;09.02.2023
C07682;Romania;Consumer;03.02.2025
C07683;United Kingdom;Consumer;05.06.2026
C07684;Romania;Consumer;06.05.2023
C07685;France;Consumer;18.05.2026
C07686;Spain;Small Business;09.09.2025
C07687;Romania;Consumer;15.02.2023
C07688;Romania;Consumer;23.11.2024
C07689;Netherlands;Small Business;04.02.2024
C07690;Romania;Consumer;14.04.2025
C07691;Romania;Consumer;03.09.2025
C07692;Spain;Consumer;22.04.2024
C07693;Italy;Small Business;02.09.2024
C07694;United Kingdom;Consumer;20.02.2023
C07695;Germany;Corporate;06.01.2023
C07696;Spain;Consumer;26.08.2025
C07697;United Kingdom;Corporate;28.03.2024
C07698;United Kingdom;Consumer;25.01.2026
C07699;Italy;Small Business;08.01.2025
C07700;United Kingdom;Consumer;20.05.2024
C07701;Germany;Small Business;27.01.2026
C07702;Romania;Consumer;14.03.2023
C07703;Germany;Small Business;24.11.2025
C07704;Germany;Small Business;05.04.2023
C07705;Romania;Consumer;22.04.2026
C07706;;Consumer;22.12.2024
C07707;France;Consumer;20.08.2024
C07708;Romania;Corporate;15.04.2025
C07709;Romania;Corporate;15.10.2025
C07710;Romania;Consumer;30.12.2023
C07711;Romania;Consumer;09.05.2023
C07712;France;Consumer;19.05.2026
C07713;Romania;Consumer;23.10.2024
C07714;Romania;Consumer;02.01.2024
C07715;France;Small Business;15.03.2026
C07716;Romania;Consumer;20.02.2023
C07717;Romania;Small Business;06.12.2025
C07718;Italy;Corporate;24.01.2023
C07719;Germany;Consumer;16.04.2025
C07720;France;Consumer;18.02.2023
C07721;Italy;Consumer;10.07.2023
C07722;Spain;Consumer;21.02.2024
C07723;Romania;Small Business;21.08.2023
C07724;ROMANIA;Consumer;26.02.2023
C07725;United Kingdom;Consumer;15.05.2025
C07726;Romania;Small Business;29.08.2025
C07727;Spain;Consumer;20.02.2024
C07728;Romania;Consumer;09.06.2025
C07729;Italy;Corporate;25.02.2024
C07730;Germany;Consumer;02.10.2023
C07731;Germany;Consumer;17.12.2025
C07732;Romania;Consumer;01.11.2024
C07733;Spain;Consumer;27.01.2023
C07734;Germany;Consumer;11.06.2025
C07735;Romania;Small Business;15.05.2024
C07736;Romania;Consumer;04.04.2023
C07737;France;Consumer;31.10.2023
C07738;Romania;Consumer;12.02.2024
C07739;Germany;Consumer;04.02.2023
C07740;United Kingdom;Corporate;18.07.2025
C07741;Romania;Small Business;04.10.2023
C07742;Germany;Small Business;19.07.2023
C07743;Romania;Consumer;24.08.2023
C07744;Spain;Consumer;30.06.2025
C07745;;Small Business;05.10.2024
C07746;Romania;Small Business;09.07.2024
C07747;Germany;Small Business;20.05.2025
C07748;Germany;Consumer;24.08.2024
C07749;Netherlands;Consumer;26.01.2025
C07750;Romania;Consumer;25.01.2026
C07751;Germany;Consumer;22.02.2025
C07752;Spain;Consumer;09.01.2026
C07753;Romania;Consumer;26.03.2025
C07754;Germany;Consumer;05.04.2026
C07755;Romania;Consumer;06.04.2025
C07756;United Kingdom;Consumer;26.05.2025
C07757;Romania;Consumer;21.10.2024
C07758;Netherlands;Consumer;20.12.2025
C07759;Romania;Consumer;24.01.2024
C07760;Romania;Corporate;25.11.2024
C07761;Italy;Consumer;26.02.2026
C07762;Italy;Small Business;29.09.2023
C07763;United Kingdom;Consumer;13.07.2024
C07764;France;Consumer;02.02.2023
C07765;Romania;Consumer;29.12.2024
C07766;United Kingdom;Small Business;19.03.2024
C07767;Romania;Small Business;14.12.2024
C07768;Romania;Consumer;29.10.2023
C07769;Spain;Small Business;22.11.2025
C07770;ROMANIA;Small Business;11.06.2026
C07771;Romania;Small Business;13.11.2024
C07772;Romania;Consumer;17.02.2025
C07773;Spain;Consumer;06.08.2024
C07774;Romania;Small Business;16.01.2024
C07775;Romania;Small Business;10.08.2024
C07776;Romania;Corporate;22.09.2024
C07777;Romania;Consumer;22.09.2025
C07778;Romania;Small Business;30.05.2025
C07779;Netherlands;Small Business;26.02.2024
C07780;Romania;Small Business;26.02.2025
C07781;Germany;Small Business;07.04.2026
C07782;France;Consumer;16.06.2024
C07783;Germany;Small Business;16.12.2025
C07784;France;Consumer;27.08.2024
C07785;United Kingdom;Consumer;26.06.2023
C07786;Germany;Consumer;21.08.2023
C07787;United Kingdom;Small Business;09.02.2024
C07788;France;Consumer;12.01.2025
C07789;United Kingdom;Consumer;01.03.2026
C07790;France;Consumer;17.05.2024
C07791;Romania;Corporate;22.12.2023
C07792;United Kingdom;Small Business;15.04.2025
C07793;France;Consumer;10.02.2024
C07794;Romania;Consumer;10.07.2024
C07795;Italy;Consumer;05.10.2023
C07796;Romania;Consumer;11.01.2024
C07797;Romania;Small Business;11.03.2023
C07798;Italy;Consumer;26.12.2024
C07799;Romania;Consumer;02.09.2024
C07800;Romania;Small Business;08.08.2023
C07801;Romania;Consumer;21.08.2025
C07802;Italy;Consumer;15.09.2023
C07803;Romania;Consumer;22.04.2025
C07804;United Kingdom;Consumer;24.05.2023
C07805;France;Consumer;05.02.2023
C07806;United Kingdom;Corporate;07.06.2023
C07807;Spain;Small Business;29.10.2024
C07808;France;Small Business;18.08.2023
C07809;Romania;Small Business;26.02.2024
C07810;Spain;Consumer;16.11.2024
C07811;Germany;Small Business;29.03.2025
C07812;Romania;Consumer;27.09.2025
C07813;Romania;Consumer;31.05.2024
C07814;United Kingdom;Consumer;16.05.2023
C07815;Romania;Consumer;05.06.2026
C07816;Germany;Consumer;19.09.2025
C07817;Romania;Consumer;23.11.2025
C07818;Germany;Consumer;23.03.2026
C07819;Romania;Consumer;12.06.2025
C07820;Italy;Consumer;21.06.2026
C07821;Romania;Consumer;19.10.2024
C07822;Romania;Consumer;16.12.2024
C07823;Romania;Consumer;24.01.2025
C07824;Germany;Consumer;10.10.2024
C07825;United Kingdom;Consumer;18.07.2024
C07826;Germany;Consumer;26.02.2024
C07827;Romania;Small Business;10.10.2025
C07828;Italy;Consumer;24.02.2024
C07829;Romania;Consumer;04.03.2026
C07830;Romania;Small Business;14.08.2025
C07831;France;Consumer;28.06.2026
C07832;United Kingdom;Consumer;03.04.2025
C07833;United Kingdom;Consumer;03.02.2025
C07834;Romania;Small Business;03.03.2024
C07835;Romania;Consumer;20.05.2025
C07836;Germany;Corporate;10.01.2025
C07837;Romania;Small Business;25.05.2024
C07838;Romania;Consumer;28.03.2023
C07839;Netherlands;Consumer;11.01.2023
C07840;United Kingdom;Consumer;22.10.2023
C07841;Romania;Consumer;16.06.2025
C07842;Romania;Consumer;18.03.2026
C07843;France;Consumer;06.04.2026
C07844;Romania;Small Business;01.01.2026
C07845;Romania;Small Business;06.01.2023
C07846;Romania;Corporate;26.01.2026
C07847;United Kingdom;Consumer;14.05.2026
C07848;United Kingdom;Small Business;28.05.2024
C07849;Romania;Small Business;28.02.2023
C07850;Romania;Small Business;29.06.2025
C07851;United Kingdom;Small Business;18.01.2023
C07852;Germany;Consumer;25.03.2025
C07853;United Kingdom;Small Business;15.02.2024
C07854;Romania;Consumer;21.11.2024
C07855;United Kingdom;Small Business;19.03.2026
C07856;Spain;Consumer;13.07.2023
C07857;Germany;Consumer;13.02.2023
C07858;Romania;Consumer;04.01.2025
C07859;United Kingdom;Consumer;07.06.2025
C07860;Romania;Consumer;17.01.2024
C07861;Romania;Small Business;29.07.2023
C07862;Romania;Consumer;16.06.2025
C07863;Spain;Consumer;29.05.2025
C07864;Romania;Consumer;20.04.2026
C07865;Italy;Consumer;07.01.2026
C07866;Germany;Consumer;17.07.2025
C07867;Germany;Small Business;26.01.2023
C07868;Romania;Corporate;28.11.2023
C07869;United Kingdom;Consumer;15.04.2025
C07870;Romania;Consumer;16.08.2024
C07871;Romania;Small Business;08.03.2023
C07872;Romania;Consumer;21.12.2024
C07873;Romania;Small Business;27.08.2025
C07874;Germany;Consumer;15.07.2025
C07875;Romania;Small Business;23.03.2026
C07876;Romania;Consumer;08.07.2023
C07877;Netherlands;Corporate;02.05.2026
C07878;Romania;Corporate;01.11.2024
C07879;Romania;Consumer;25.01.2024
C07880;Romania;Consumer;02.01.2026
C07881;Romania;Consumer;12.05.2023
C07882;United Kingdom;Consumer;05.02.2023
C07883;Romania;Corporate;21.07.2025
C07884;Romania;Consumer;17.07.2025
C07885;United Kingdom;Consumer;26.04.2023
C07886;Romania;Consumer;28.01.2026
C07887;Spain;Consumer;08.12.2025
C07888;Netherlands;Small Business;12.10.2025
C07889;Romania;Consumer;14.05.2024
C07890;Romania;Small Business;04.04.2026
C07891;Romania;Consumer;17.06.2023
C07892;Romania;Small Business;25.09.2025
C07893;Germany;Consumer;09.12.2025
C07894;Germany;Consumer;22.10.2024
C07895;Romania;Consumer;17.03.2024
C07896;Romania;Corporate;31.08.2024
C07897;Romania;Small Business;02.03.2023
C07898;Netherlands;Small Business;10.02.2023
C07899;Spain;Consumer;06.03.2024
C07900;Romania;Consumer;24.01.2023
C07901;United Kingdom;Consumer;21.03.2025
C07902;Romania;Small Business;26.03.2025
C07903;United Kingdom;Small Business;26.12.2025
C07904;Germany;Consumer;18.12.2023
C07905;Italy;Consumer;05.11.2025
C07906;Romania;Consumer;27.01.2024
C07907;Romania;Consumer;23.11.2024
C07908;Netherlands;Small Business;26.10.2025
C07909;Romania;Corporate;29.03.2024
C07910;Romania;Consumer;22.05.2023
C07911;United Kingdom;Small Business;06.11.2025
C07912;France;Small Business;29.12.2023
C07913;United Kingdom;Consumer;04.10.2023
C07914;France;Consumer;24.05.2025
C07915;United Kingdom;Consumer;12.11.2024
C07916;Romania;Corporate;09.02.2023
C07917;Germany;Consumer;12.03.2026
C07918;France;Consumer;25.10.2024
C07919;Italy;Consumer;11.12.2023
C07920;Romania;Small Business;24.05.2025
C07921;Romania;Consumer;29.08.2025
C07922;France;Corporate;13.08.2025
C07923;Romania;Consumer;20.03.2025
C07924;Romania;Corporate;22.01.2026
C07925;Italy;Consumer;15.02.2025
C07926;Germany;Consumer;05.11.2023
C07927;Romania;Small Business;10.10.2023
C07928;Romania;Consumer;05.05.2024
C07929;Romania;Consumer;13.07.2025
C07930;France;Small Business;29.01.2023
C07931;Germany;Consumer;20.01.2024
C07932;Romania;Consumer;06.07.2024
C07933;Romania;Small Business;29.12.2024
C07934;Romania;Small Business;07.07.2023
C07935;Romania;Consumer;28.04.2023
C07936;Romania;Consumer;07.03.2026
C07937;Germany;Consumer;03.05.2023
C07938;Romania;Consumer;12.04.2023
C07939;Romania;Consumer;05.09.2023
C07940;Romania;Consumer;13.03.2024
C07941;Romania;Small Business;03.10.2023
C07942;Romania;Consumer;05.11.2025
C07943;Romania;Consumer;11.06.2023
C07944;Romania;Small Business;27.06.2023
C07945;Romania;Small Business;31.05.2023
C07946;United Kingdom;Small Business;13.04.2025
C07947;Romania;Consumer;26.01.2026
C07948;France;Consumer;27.07.2023
C07949;United Kingdom;Corporate;08.12.2024
C07950;Romania;Consumer;20.04.2024
C07951;Romania;Consumer;04.03.2025
C07952;ROMANIA;Consumer;09.04.2025
C07953;Romania;Small Business;03.01.2024
C07954;Germany;Consumer;10.02.2025
C07955;Romania;Consumer;12.03.2023
C07956;France;Consumer;12.09.2024
C07957;Germany;Corporate;20.05.2026
C07958;United Kingdom;Consumer;21.02.2026
C07959;France;Consumer;10.03.2023
C07960;Germany;Corporate;14.03.2023
C07961;Spain;Consumer;15.11.2025
C07962;Netherlands;Consumer;25.09.2023
C07963;Romania;Consumer;28.04.2025
C07964;Romania;Consumer;23.11.2024
C07965;Romania;Consumer;03.06.2024
C07966;Romania;Consumer;10.08.2025
C07967;Germany;Consumer;26.11.2023
C07968;Romania;Small Business;02.09.2025
C07969;Germany;Consumer;24.10.2023
C07970;France;Consumer;25.01.2026
C07971;Romania;Small Business;13.06.2025
C07972;Germany;Corporate;26.11.2024
C07973;Romania;Consumer;07.05.2023
C07974;France;Consumer;30.09.2023
C07975;United Kingdom;Consumer;17.03.2025
C07976;Romania;Small Business;31.12.2024
C07977;United Kingdom;Small Business;12.05.2023
C07978;Romania;Consumer;07.05.2023
C07979;United Kingdom;Consumer;13.02.2025
C07980;Germany;Consumer;25.04.2024
C07981;Romania;Small Business;27.08.2024
C07982;United Kingdom;Consumer;19.12.2025
C07983;Italy;Consumer;18.11.2023
C07984;France;Consumer;04.06.2025
C07985;Germany;Small Business;08.01.2026
C07986;United Kingdom;Corporate;12.03.2026
C07987;Romania;Consumer;30.05.2026
C07988;France;Corporate;06.01.2023
C07989;Italy;Consumer;07.04.2023
C07990;Romania;Small Business;13.01.2026
C07991;Romania;Small Business;20.09.2023
C07992;Romania;Consumer;06.01.2024
C07993;Romania;Consumer;26.08.2024
C07994;Romania;Consumer;16.04.2025
C07995;Romania;Small Business;18.02.2023
C07996;Germany;Consumer;07.04.2025
C07997;Romania;Consumer;29.04.2023
C07998;Romania;Consumer;17.04.2024
C07999;United Kingdom;Consumer;23.02.2026
C08000;Romania;Consumer;10.06.2023
C08001;Romania;Small Business;28.02.2023
C08002;France;Consumer;29.08.2024
C08003;Netherlands;Consumer;12.11.2023
C08004;Germany;Consumer;10.11.2023
C08005;Romania;Corporate;24.06.2024
C08006;Romania;Consumer;06.08.2023
C08007;Netherlands;Consumer;27.01.2023
C08008;United Kingdom;Consumer;26.03.2026
C08009;France;Consumer;31.10.2025
C08010;United Kingdom;Consumer;09.06.2024
C08011;Romania;Consumer;25.11.2025
C08012;Romania;Consumer;24.06.2026
C08013;France;Consumer;18.05.2024
C08014;Italy;Consumer;19.07.2023
C08015;Romania;Consumer;15.09.2023
C08016;Germany;Small Business;11.05.2026
C08017;Romania;Consumer;12.02.2026
C08018;Spain;Consumer;12.06.2025
C08019;Romania;Corporate;15.05.2025
C08020;United Kingdom;Consumer;26.01.2024
C08021;Romania;Small Business;30.10.2024
C08022;United Kingdom;Consumer;14.04.2024
C08023;United Kingdom;Corporate;15.05.2024
C08024;Romania;Consumer;16.07.2025
C08025;France;Consumer;19.11.2024
C08026;Italy;Small Business;30.06.2024
C08027;Italy;Consumer;15.11.2023
C08028;Romania;Consumer;16.04.2025
C08029;France;Consumer;27.07.2024
C08030;Germany;Consumer;05.03.2023
C08031;Germany;Small Business;25.05.2025
C08032;Romania;Consumer;03.03.2024
C08033;Germany;Consumer;08.06.2024
C08034;Romania;Consumer;15.06.2026
C08035;Romania;Consumer;24.05.2025
C08036;Romania;Small Business;27.03.2023
C08037;Romania;Consumer;31.07.2025
C08038;Romania;Consumer;08.01.2024
C08039;Romania;Consumer;19.08.2025
C08040;France;Consumer;27.12.2024
C08041;Germany;Consumer;05.06.2025
C08042;Romania;Small Business;24.08.2023
C08043;;Consumer;23.06.2023
C08044;Spain;Consumer;12.06.2025
C08045;Italy;Corporate;02.04.2023
C08046;Italy;Consumer;11.11.2025
C08047;Netherlands;Small Business;06.07.2024
C08048;Germany;Consumer;01.05.2023
C08049;Netherlands;Consumer;01.09.2025
C08050;Spain;Consumer;17.02.2026
C08051;Romania;Consumer;27.03.2023
C08052;Italy;Small Business;16.04.2026
C08053;France;Consumer;12.06.2024
C08054;France;Consumer;02.05.2025
C08055;Italy;Small Business;06.12.2023
C08056;Romania;Consumer;22.05.2023
C08057;Romania;Consumer;13.06.2026
C08058;United Kingdom;Consumer;14.04.2025
C08059;France;Consumer;22.11.2023
C08060;Italy;Corporate;30.03.2024
C08061;Italy;Consumer;25.08.2025
C08062;United Kingdom;Consumer;23.01.2024
C08063;Spain;Consumer;27.05.2025
C08064;Romania;Consumer;16.02.2023
C08065;Spain;Consumer;13.06.2026
C08066;Romania;Consumer;13.07.2025
C08067;Germany;Consumer;05.03.2024
C08068;Romania;Consumer;24.12.2024
C08069;Germany;Consumer;10.08.2023
C08070;Romania;Consumer;29.07.2024
C08071;Romania;Consumer;26.03.2024
C08072;United Kingdom;Consumer;10.05.2024
C08073;France;Small Business;03.11.2025
C08074;Romania;Consumer;09.06.2024
C08075;United Kingdom;Consumer;08.01.2023
C08076;Romania;Small Business;01.08.2024
C08077;Romania;Consumer;08.03.2023
C08078;Romania;Consumer;01.09.2024
C08079;Germany;Small Business;16.05.2025
C08080;France;Consumer;05.05.2023
C08081;Germany;Consumer;22.03.2023
C08082;France;Consumer;30.04.2024
C08083;Germany;Consumer;07.09.2024
C08084;France;Consumer;23.03.2023
C08085;Netherlands;Consumer;20.02.2024
C08086;Romania;Consumer;17.09.2025
C08087;Romania;Consumer;29.12.2024
C08088;Romania;Consumer;28.10.2024
C08089;Germany;Consumer;14.05.2023
C08090;Germany;Consumer;17.10.2025
C08091;Romania;Consumer;01.07.2024
C08092;Italy;Consumer;22.02.2025
C08093;Spain;Consumer;15.07.2023
C08094;Romania;Small Business;14.05.2025
C08095;Romania;Corporate;18.01.2024
C08096;Romania;Consumer;22.02.2023
C08097;Romania;Consumer;26.10.2023
C08098;Italy;Small Business;11.04.2024
C08099;Germany;Consumer;15.07.2024
C08100;Romania;Corporate;20.10.2023
C08101;Romania;Small Business;03.10.2025
C08102;Romania;Small Business;03.12.2023
C08103;Romania;Consumer;29.05.2023
C08104;Romania;Consumer;11.10.2023
C08105;United Kingdom;Consumer;25.05.2024
C08106;Germany;Consumer;27.02.2023
C08107;Italy;Small Business;28.04.2023
C08108;Romania;Corporate;20.07.2023
C08109;France;Consumer;14.05.2024
C08110;Romania;Consumer;29.04.2026
C08111;Romania;Small Business;13.01.2025
C08112;Italy;Small Business;15.04.2023
C08113;United Kingdom;Small Business;30.03.2023
C08114;Romania;Consumer;12.05.2023
C08115;Germany;Corporate;27.03.2023
C08116;United Kingdom;Consumer;06.10.2024
C08117;Spain;Consumer;21.07.2025
C08118;United Kingdom;Consumer;08.07.2024
C08119;Romania;Consumer;03.06.2024
C08120;Germany;Small Business;28.01.2025
C08121;Romania;Consumer;24.03.2024
C08122;Romania;Consumer;28.10.2025
C08123;Germany;Consumer;25.05.2025
C08124;France;Small Business;08.06.2026
C08125;Romania;Consumer;19.04.2023
C08126;France;Consumer;06.07.2024
C08127;United Kingdom;Consumer;01.01.2026
C08128;France;Consumer;08.05.2025
C08129;Romania;Consumer;16.09.2025
C08130;Romania;Consumer;20.08.2024
C08131;Romania;Consumer;12.05.2024
C08132;Romania;Corporate;18.08.2025
C08133;Romania;Corporate;21.08.2024
C08134;Romania;Consumer;03.06.2024
C08135;Romania;Consumer;22.05.2024
C08136;Romania;Consumer;07.06.2023
C08137;ROMANIA;Consumer;28.09.2025
C08138;France;Consumer;22.12.2025
C08139;Romania;Small Business;06.02.2023
C08140;Spain;Corporate;28.05.2024
C08141;Romania;Consumer;06.05.2025
C08142;Romania;Small Business;11.07.2023
C08143;France;Small Business;22.01.2024
C08144;Romania;Consumer;12.05.2026
C08145;Romania;Small Business;21.09.2025
C08146;Romania;Corporate;24.01.2026
C08147;Germany;Corporate;09.06.2026
C08148;United Kingdom;Small Business;19.05.2025
C08149;Romania;Consumer;22.12.2023
C08150;Romania;Consumer;01.05.2026
C08151;Romania;Corporate;22.07.2024
C08152;Germany;Consumer;18.11.2024
C08153;Romania;Consumer;29.11.2024
C08154;Italy;Consumer;30.11.2024
C08155;France;Consumer;04.12.2024
C08156;Romania;Consumer;18.09.2025
C08157;France;Small Business;19.07.2023
C08158;Romania;Consumer;16.07.2024
C08159;Romania;Consumer;14.01.2025
C08160;Romania;Consumer;11.12.2024
C08161;Romania;Consumer;12.07.2025
C08162;France;Small Business;02.03.2024
C08163;Netherlands;Corporate;19.04.2026
C08164;Romania;Small Business;19.01.2023
C08165;Romania;Consumer;14.07.2025
C08166;United Kingdom;Small Business;05.08.2023
C08167;Romania;Consumer;08.02.2025
C08168;Romania;Consumer;31.01.2023
C08169;Netherlands;Small Business;25.10.2023
C08170;France;Consumer;14.05.2024
C08171;Spain;Consumer;05.05.2023
C08172;Romania;Small Business;23.02.2024
C08173;Romania;Consumer;20.03.2025
C08174;Romania;Small Business;08.03.2025
C08175;Spain;Consumer;19.08.2024
C08176;Romania;Consumer;07.12.2025
C08177;Romania;Small Business;24.03.2025
C08178;Romania;Consumer;23.07.2024
C08179;France;Consumer;18.11.2025
C08180;France;Consumer;08.08.2023
C08181;United Kingdom;Consumer;14.10.2023
C08182;Romania;Consumer;28.07.2024
C08183;United Kingdom;Small Business;30.08.2024
C08184;Romania;Consumer;02.02.2025
C08185;Romania;Consumer;03.02.2024
C08186;Romania;Consumer;24.04.2025
C08187;Germany;Consumer;19.08.2023
C08188;Romania;Consumer;18.05.2023
C08189;Netherlands;Corporate;05.09.2024
C08190;Romania;Consumer;10.06.2024
C08191;Romania;Consumer;19.11.2025
C08192;United Kingdom;Consumer;06.03.2024
C08193;United Kingdom;Consumer;11.01.2025
C08194;Romania;Consumer;16.05.2026
C08195;United Kingdom;Consumer;24.02.2025
C08196;Romania;Consumer;28.12.2025
C08197;Romania;Consumer;12.10.2024
C08198;United Kingdom;Consumer;23.08.2023
C08199;Germany;Small Business;27.07.2024
C08200;Romania;Consumer;19.08.2025
C08201;Romania;Small Business;28.05.2023
C08202;Germany;Consumer;04.09.2024
C08203;Romania;Consumer;22.10.2024
C08204;Spain;Consumer;27.03.2026
C08205;Germany;Consumer;31.05.2026
C08206;Italy;Corporate;15.02.2025
C08207;Romania;Consumer;28.09.2023
C08208;Italy;Consumer;18.09.2023
C08209;Romania;Consumer;03.02.2025
C08210;Romania;Small Business;08.09.2023
C08211;Romania;Consumer;09.05.2025
C08212;Romania;Small Business;19.05.2026
C08213;Spain;Consumer;27.08.2023
C08214;United Kingdom;Consumer;17.03.2026
C08215;United Kingdom;Small Business;19.02.2023
C08216;Germany;Consumer;08.09.2024
C08217;Germany;Consumer;07.05.2024
C08218;United Kingdom;Consumer;20.12.2024
C08219;Italy;Corporate;08.09.2024
C08220;Germany;Small Business;29.11.2024
C08221;France;Consumer;03.06.2023
C08222;Romania;Small Business;01.09.2025
C08223;Netherlands;Consumer;19.04.2026
C08224;Romania;Consumer;28.08.2024
C08225;Romania;Small Business;29.12.2025
C08226;Italy;Small Business;06.06.2023
C08227;Romania;Small Business;23.07.2025
C08228;Romania;Small Business;18.02.2024
C08229;Romania;Consumer;04.05.2025
C08230;Romania;Corporate;26.12.2024
C08231;Spain;Consumer;26.02.2023
C08232;Italy;Consumer;23.03.2024
C08233;Romania;Small Business;08.07.2024
C08234;Netherlands;Consumer;04.11.2025
C08235;United Kingdom;Consumer;21.05.2023
C08236;Italy;Small Business;24.04.2026
C08237;Romania;Consumer;03.03.2023
C08238;Germany;Consumer;05.11.2023
C08239;Romania;Consumer;01.07.2023
C08240;Romania;Consumer;08.02.2026
C08241;United Kingdom;Consumer;25.12.2024
C08242;Romania;Consumer;02.07.2025
C08243;Germany;Small Business;27.05.2025
C08244;United Kingdom;Consumer;18.01.2025
C08245;Romania;Small Business;18.01.2024
C08246;Romania;Corporate;16.06.2023
C08247;United Kingdom;Consumer;10.07.2024
C08248;Italy;Corporate;08.06.2024
C08249;Romania;Consumer;11.07.2024
C08250;Netherlands;Consumer;24.06.2026
C08251;Italy;Corporate;13.06.2023
C08252;United Kingdom;Small Business;07.04.2025
C08253;Romania;Consumer;19.07.2023
C08254;United Kingdom;Consumer;24.01.2025
C08255;France;Consumer;12.05.2025
C08256;Romania;Corporate;15.02.2023
C08257;Netherlands;Consumer;10.08.2024
C08258;Spain;;14.02.2024
C08259;Germany;Consumer;14.09.2024
C08260;United Kingdom;Consumer;14.09.2024
C08261;Germany;Consumer;25.08.2024
C08262;France;Consumer;29.03.2025
C08263;Italy;Consumer;14.09.2023
C08264;Romania;Consumer;29.12.2025
C08265;Romania;Consumer;09.12.2025
C08266;Romania;Consumer;07.08.2024
C08267;Spain;Consumer;04.03.2026
C08268;Romania;Small Business;17.12.2023
C08269;Italy;Consumer;20.09.2023
C08270;Romania;Consumer;25.12.2023
C08271;Romania;Consumer;23.09.2025
C08272;Spain;Consumer;25.06.2023
C08273;Germany;Small Business;24.01.2024
C08274;Romania;Small Business;05.07.2023
C08275;Romania;Consumer;20.07.2024
C08276;Romania;Consumer;25.01.2024
C08277;Romania;Consumer;08.11.2025
C08278;Romania;Small Business;03.02.2026
C08279;Germany;Consumer;11.06.2024
C08280;Romania;Corporate;08.11.2024
C08281;Romania;Consumer;01.01.2026
C08282;Romania;Corporate;28.06.2025
C08283;Romania;Consumer;26.04.2026
C08284;Netherlands;Consumer;05.06.2026
C08285;Romania;Consumer;07.04.2023
C08286;Romania;Consumer;27.10.2023
C08287;Germany;Corporate;26.06.2025
C08288;Spain;Consumer;06.05.2023
C08289;France;Consumer;19.04.2023
C08290;Italy;Corporate;02.04.2023
C08291;Spain;Consumer;29.04.2025
C08292;United Kingdom;Consumer;18.12.2023
C08293;Netherlands;Consumer;10.05.2023
C08294;Romania;Consumer;05.08.2024
C08295;Italy;Corporate;25.04.2025
C08296;Italy;Consumer;04.04.2024
C08297;Spain;Small Business;02.07.2025
C08298;Romania;Consumer;08.12.2025
C08299;France;Consumer;26.03.2025
C08300;Romania;Small Business;13.02.2025
C08301;Germany;Small Business;04.01.2025
C08302;Romania;Consumer;21.06.2026
C08303;Germany;Consumer;23.09.2025
C08304;United Kingdom;Consumer;18.03.2023
C08305;Romania;Small Business;12.09.2025
C08306;Romania;Consumer;30.07.2023
C08307;Romania;Consumer;15.01.2026
C08308;United Kingdom;Consumer;19.02.2024
C08309;United Kingdom;Small Business;03.06.2025
C08310;France;Consumer;31.07.2025
C08311;Romania;Consumer;30.03.2024
C08312;France;Small Business;14.05.2026
C08313;United Kingdom;Consumer;31.10.2024
C08314;Romania;Consumer;23.06.2024
C08315;Romania;Consumer;18.09.2024
C08316;Romania;Consumer;18.05.2023
C08317;Romania;Corporate;06.06.2026
C08318;Romania;Consumer;01.11.2025
C08319;Romania;Consumer;05.11.2025
C08320;Romania;Consumer;10.03.2026
C08321;Romania;Consumer;19.02.2025
C08322;Romania;Consumer;10.06.2026
C08323;France;Small Business;11.06.2026
C08324;Germany;Consumer;13.11.2023
C08325;Romania;Consumer;16.07.2024
C08326;United Kingdom;Consumer;03.05.2023
C08327;Germany;Small Business;15.06.2025
C08328;Romania;Small Business;22.05.2023
C08329;Romania;Consumer;31.08.2025
C08330;Romania;Consumer;23.10.2025
C08331;Germany;Corporate;08.06.2024
C08332;Romania;Small Business;17.03.2025
C08333;Romania;Consumer;26.04.2026
C08334;Germany;Small Business;22.08.2025
C08335;Netherlands;Corporate;16.07.2024
C08336;Romania;Consumer;01.03.2026
C08337;Germany;Consumer;21.02.2023
C08338;Germany;Consumer;16.10.2023
C08339;United Kingdom;Consumer;22.02.2024
C08340;France;Small Business;09.04.2024
C08341;United Kingdom;Consumer;07.05.2025
C08342;Romania;Consumer;08.10.2025
C08343;Romania;Consumer;09.03.2023
C08344;France;Small Business;27.11.2023
C08345;Romania;Consumer;09.11.2025
C08346;Netherlands;Consumer;07.10.2024
C08347;Romania;Consumer;31.01.2024
C08348;Germany;Small Business;19.07.2024
C08349;Romania;Consumer;12.02.2025
C08350;Romania;Consumer;29.01.2025
C08351;Italy;Small Business;24.11.2025
C08352;Romania;Consumer;14.06.2026
C08353;Germany;Small Business;27.10.2025
C08354;United Kingdom;Consumer;13.05.2023
C08355;Italy;Small Business;21.06.2024
C08356;Germany;Consumer;10.09.2024
C08357;Netherlands;Consumer;14.03.2025
C08358;Italy;Consumer;08.05.2026
C08359;Romania;Corporate;24.07.2024
C08360;Italy;Small Business;19.03.2024
C08361;Spain;Consumer;22.02.2026
C08362;Romania;Consumer;03.08.2025
C08363;United Kingdom;Consumer;08.08.2024
C08364;Romania;Consumer;31.03.2026
C08365;United Kingdom;Consumer;22.01.2024
C08366;Romania;Small Business;04.11.2023
C08367;France;Consumer;28.01.2023
C08368;Romania;Small Business;08.01.2026
C08369;Germany;Consumer;07.04.2023
C08370;Romania;Small Business;02.09.2025
C08371;United Kingdom;Consumer;04.04.2023
C08372;Germany;Consumer;21.10.2023
C08373;United Kingdom;Small Business;23.03.2024
C08374;Romania;Consumer;02.10.2023
C08375;Romania;Small Business;11.06.2023
C08376;Romania;Small Business;15.06.2026
C08377;Spain;Corporate;31.05.2024
C08378;Romania;Small Business;23.06.2024
C08379;United Kingdom;Consumer;20.08.2025
C08380;Romania;Consumer;12.03.2026
C08381;United Kingdom;Small Business;16.01.2024
C08382;Romania;Consumer;01.08.2024
C08383;Romania;Consumer;03.09.2024
C08384;Romania;Consumer;29.11.2023
C08385;Romania;Small Business;12.06.2023
C08386;Romania;Consumer;21.03.2026
C08387;Romania;Consumer;10.06.2025
C08388;Germany;Corporate;16.05.2025
C08389;Netherlands;Small Business;10.02.2024
C08390;Romania;Consumer;22.06.2023
C08391;Spain;Consumer;31.05.2023
C08392;Romania;Small Business;03.05.2026
C08393;Romania;Consumer;19.10.2023
C08394;Romania;Consumer;09.09.2025
C08395;Romania;Small Business;21.12.2023
C08396;Romania;Consumer;12.04.2025
C08397;Italy;Consumer;19.02.2025
C08398;United Kingdom;Consumer;11.07.2025
C08399;Germany;Consumer;01.05.2026
C08400;Germany;Consumer;26.06.2024
C08401;Romania;Consumer;09.01.2026
C08402;United Kingdom;Corporate;16.01.2024
C08403;Romania;Small Business;14.05.2026
C08404;Romania;Consumer;29.09.2024
C08405;Romania;Consumer;13.12.2025
C08406;Romania;Consumer;19.11.2025
C08407;United Kingdom;Consumer;20.03.2025
C08408;Romania;Consumer;14.05.2026
C08409;Romania;Consumer;11.05.2025
C08410;Spain;Consumer;11.02.2025
C08411;Netherlands;Consumer;20.11.2023
C08412;Germany;Consumer;25.04.2024
C08413;Germany;Small Business;08.01.2023
C08414;France;Corporate;13.02.2025
C08415;Romania;Small Business;08.06.2025
C08416;Romania;Corporate;13.03.2025
C08417;Romania;Consumer;12.11.2023
C08418;Romania;Consumer;29.06.2026
C08419;ROMANIA;Small Business;09.07.2024
C08420;France;Consumer;11.06.2025
C08421;Netherlands;Consumer;21.06.2023
C08422;France;Corporate;31.01.2025
C08423;Germany;Small Business;28.05.2024
C08424;France;Corporate;29.03.2026
C08425;United Kingdom;Consumer;31.08.2025
C08426;Romania;Small Business;07.04.2026
C08427;Romania;Consumer;05.02.2024
C08428;Germany;Consumer;22.04.2025
C08429;Romania;Small Business;18.03.2025
C08430;Germany;Consumer;17.11.2023
C08431;Romania;Small Business;23.02.2024
C08432;Germany;Small Business;11.05.2025
C08433;Romania;Small Business;07.07.2023
C08434;Romania;Consumer;25.05.2024
C08435;Germany;Consumer;04.08.2025
C08436;Romania;Corporate;09.12.2025
C08437;Netherlands;Consumer;21.01.2025
C08438;Romania;Consumer;04.05.2025
C08439;Romania;Consumer;19.11.2025
C08440;Romania;Consumer;22.10.2023
C08441;Italy;Corporate;16.05.2025
C08442;United Kingdom;Consumer;27.07.2025
C08443;Romania;Small Business;08.11.2025
C08444;Romania;Consumer;15.02.2025
C08445;France;Consumer;17.07.2023
C08446;Spain;Consumer;06.03.2023
C08447;Romania;Small Business;23.02.2025
C08448;Romania;Consumer;20.12.2023
C08449;Romania;Consumer;13.04.2024
C08450;Romania;Consumer;12.08.2024
C08451;France;Consumer;10.08.2025
C08452;Netherlands;Consumer;28.03.2024
C08453;Netherlands;Consumer;10.01.2025
C08454;France;Consumer;27.09.2024
C08455;Romania;Consumer;11.03.2023
C08456;Netherlands;Consumer;01.06.2025
C08457;Romania;Small Business;11.11.2024
C08458;Romania;Small Business;09.10.2023
C08459;United Kingdom;Small Business;07.08.2025
C08460;Romania;Small Business;08.05.2023
C08461;Italy;Consumer;01.11.2023
C08462;Netherlands;Consumer;15.04.2025
C08463;France;Consumer;17.06.2026
C08464;France;Consumer;09.12.2025
C08465;Romania;Small Business;26.06.2023
C08466;Romania;Consumer;25.03.2023
C08467;France;Consumer;03.10.2025
C08468;Germany;Consumer;07.01.2025
C08469;Spain;Small Business;02.04.2024
C08470;Romania;Consumer;06.02.2026
C08471;Romania;Consumer;16.08.2023
C08472;Romania;Consumer;11.06.2023
C08473;United Kingdom;Corporate;29.09.2024
C08474;France;Small Business;10.12.2023
C08475;Netherlands;Consumer;24.10.2023
C08476;Romania;Small Business;24.01.2024
C08477;Germany;Consumer;16.01.2025
C08478;Romania;Consumer;24.12.2024
C08479;Romania;Consumer;09.10.2025
C08480;Romania;Consumer;30.05.2026
C08481;Germany;Consumer;13.03.2025
C08482;Romania;Consumer;02.01.2024
C08483;Romania;Small Business;04.01.2025
C08484;United Kingdom;Consumer;07.09.2024
C08485;;Consumer;30.07.2024
C08486;Romania;Consumer;16.03.2024
C08487;Romania;Small Business;10.04.2023
C08488;United Kingdom;Consumer;11.11.2023
C08489;France;Consumer;24.01.2025
C08490;Italy;Consumer;01.04.2023
C08491;Romania;Consumer;28.12.2024
C08492;Germany;Consumer;24.06.2026
C08493;Spain;Small Business;01.08.2023
C08494;Romania;Consumer;11.04.2023
C08495;Romania;Consumer;22.03.2024
C08496;Netherlands;Small Business;07.04.2023
C08497;Romania;Small Business;17.02.2026
C08498;United Kingdom;Consumer;01.10.2025
C08499;Italy;Consumer;30.05.2023
C08500;Romania;Corporate;10.05.2023
C08501;United Kingdom;Consumer;21.11.2024
C08502;;Consumer;31.05.2024
C08503;Italy;Consumer;03.06.2025
C08504;Spain;Consumer;29.03.2026
C08505;Italy;Consumer;02.03.2024
C08506;Romania;Corporate;02.10.2025
C08507;France;Consumer;29.02.2024
C08508;Spain;Consumer;25.10.2023
C08509;United Kingdom;Consumer;23.05.2026
C08510;Germany;Consumer;17.11.2023
C08511;Romania;Small Business;02.07.2023
C08512;Italy;Corporate;25.01.2025
C08513;Romania;Small Business;30.01.2025
C08514;Romania;Corporate;12.09.2024
C08515;Spain;Consumer;22.04.2023
C08516;Spain;Consumer;29.05.2023
C08517;Netherlands;Consumer;24.08.2025
C08518;Romania;Small Business;22.07.2023
C08519;Romania;Consumer;19.12.2023
C08520;Germany;Consumer;21.10.2025
C08521;Romania;Consumer;07.03.2024
C08522;Italy;Consumer;15.03.2024
C08523;Germany;Consumer;15.03.2026
C08524;Romania;Small Business;16.10.2025
C08525;Romania;Consumer;22.06.2025
C08526;Romania;Consumer;31.08.2023
C08527;Italy;Consumer;30.12.2023
C08528;United Kingdom;Consumer;03.02.2025
C08529;Romania;Consumer;06.10.2024
C08530;Romania;Consumer;21.02.2024
C08531;Romania;Consumer;11.04.2024
C08532;Romania;Consumer;15.02.2025
C08533;Spain;Small Business;24.12.2024
C08534;United Kingdom;Consumer;08.06.2023
C08535;Romania;Small Business;10.05.2024
C08536;France;Small Business;28.12.2025
C08537;Romania;Consumer;11.11.2024
C08538;Romania;Consumer;06.08.2025
C08539;Germany;Consumer;20.11.2025
C08540;Romania;Consumer;02.01.2024
C08541;Romania;Consumer;27.10.2023
C08542;Italy;Consumer;10.01.2025
C08543;Spain;Corporate;04.09.2024
C08544;Romania;Small Business;25.02.2026
C08545;United Kingdom;Consumer;22.08.2023
C08546;Romania;Small Business;22.06.2024
C08547;Germany;Corporate;04.03.2023
C08548;Romania;Consumer;08.04.2024
C08549;Germany;Consumer;19.01.2025
C08550;Romania;Small Business;16.10.2025
C08551;Spain;Corporate;13.12.2025
C08552;Italy;Small Business;02.01.2023
C08553;Romania;Consumer;17.01.2026
C08554;France;Small Business;25.05.2025
C08555;Romania;Consumer;15.09.2023
C08556;France;Consumer;03.10.2023
C08557;Romania;Consumer;18.09.2025
C08558;Romania;Small Business;04.06.2025
C08559;United Kingdom;Consumer;20.09.2023
C08560;Romania;Consumer;12.07.2024
C08561;Germany;Small Business;31.12.2025
C08562;Germany;Consumer;26.01.2023
C08563;Romania;Small Business;14.10.2024
C08564;Romania;Consumer;20.01.2026
C08565;Germany;Consumer;06.01.2023
C08566;United Kingdom;Consumer;28.11.2024
C08567;Romania;Corporate;05.02.2024
C08568;Romania;Corporate;19.11.2024
C08569;United Kingdom;Consumer;16.06.2025
C08570;United Kingdom;Small Business;28.12.2023
C08571;Italy;Small Business;24.09.2024
C08572;Romania;Consumer;15.11.2024
C08573;Germany;Consumer;14.02.2023
C08574;Germany;Small Business;29.09.2023
C08575;Romania;Consumer;09.04.2025
C08576;Romania;Corporate;15.09.2024
C08577;Romania;Consumer;22.05.2026
C08578;Italy;Corporate;20.12.2025
C08579;Romania;Corporate;11.10.2023
C08580;United Kingdom;Consumer;26.06.2026
C08581;Germany;Consumer;06.01.2026
C08582;Romania;Consumer;20.06.2024
C08583;Italy;Small Business;03.03.2025
C08584;United Kingdom;Consumer;23.12.2023
C08585;Romania;Consumer;10.04.2023
C08586;France;Small Business;30.10.2023
C08587;Germany;Consumer;20.07.2025
C08588;Romania;Consumer;29.12.2024
C08589;United Kingdom;Consumer;17.07.2024
C08590;United Kingdom;Corporate;05.09.2024
C08591;Romania;Consumer;09.10.2025
C08592;Netherlands;Corporate;07.06.2025
C08593;United Kingdom;Consumer;22.03.2025
C08594;Germany;Corporate;01.10.2024
C08595;Romania;Consumer;04.01.2023
C08596;Romania;Consumer;01.03.2024
C08597;Romania;Small Business;11.06.2023
C08598;United Kingdom;Small Business;14.09.2025
C08599;Germany;Consumer;25.03.2024
C08600;France;Consumer;09.11.2023
C08601;Romania;Consumer;06.09.2024
C08602;United Kingdom;Consumer;04.04.2026
C08603;France;Small Business;17.08.2023
C08604;France;Corporate;14.11.2025
C08605;France;Consumer;03.10.2023
C08606;Italy;Consumer;19.10.2025
C08607;Romania;Consumer;17.11.2024
C08608;United Kingdom;Consumer;19.11.2024
C08609;Netherlands;Consumer;18.06.2025
C08610;Germany;Small Business;29.04.2023
C08611;Romania;Consumer;14.10.2025
C08612;Netherlands;Consumer;09.08.2025
C08613;Romania;Small Business;11.09.2023
C08614;Romania;Consumer;21.04.2023
C08615;Romania;Consumer;11.07.2025
C08616;Romania;Consumer;27.04.2023
C08617;Romania;Consumer;09.01.2025
C08618;Germany;Consumer;22.11.2023
C08619;Spain;Consumer;05.07.2025
C08620;Romania;Small Business;23.03.2026
C08621;Germany;Consumer;09.12.2025
C08622;Italy;Consumer;14.08.2025
C08623;France;Small Business;30.03.2025
C08624;Romania;Consumer;08.04.2023
C08625;Romania;Consumer;27.04.2026
C08626;United Kingdom;Consumer;18.03.2026
C08627;Italy;Consumer;21.03.2023
C08628;Germany;Consumer;26.09.2025
C08629;Romania;Corporate;17.05.2023
C08630;France;Consumer;09.02.2025
C08631;United Kingdom;Consumer;15.11.2023
C08632;Germany;Consumer;12.06.2023
C08633;Italy;Consumer;21.10.2023
C08634;France;Small Business;13.02.2024
C08635;United Kingdom;Small Business;21.03.2024
C08636;United Kingdom;Corporate;19.01.2024
C08637;United Kingdom;Consumer;13.08.2024
C08638;Germany;Consumer;27.03.2025
C08639;Romania;Small Business;15.08.2024
C08640;United Kingdom;Consumer;20.01.2025
C08641;United Kingdom;Consumer;06.05.2024
C08642;Germany;Consumer;20.12.2023
C08643;Romania;Consumer;08.07.2023
C08644;United Kingdom;Small Business;01.02.2024
C08645;United Kingdom;Small Business;03.09.2023
C08646;Romania;Consumer;23.10.2024
C08647;Romania;Consumer;15.04.2025
C08648;Romania;Small Business;14.12.2025
C08649;Netherlands;Consumer;12.01.2024
C08650;Italy;Small Business;11.06.2023
C08651;Germany;Consumer;06.11.2025
C08652;Romania;Corporate;15.07.2025
C08653;France;Consumer;08.02.2024
C08654;Germany;Consumer;24.06.2026
C08655;Netherlands;Small Business;29.03.2025
C08656;Romania;Small Business;14.08.2025
C08657;Romania;Corporate;24.03.2024
C08658;Germany;Consumer;17.07.2024
C08659;Romania;Small Business;21.03.2024
C08660;Germany;Consumer;22.07.2025
C08661;France;Consumer;05.11.2025
C08662;Romania;Consumer;03.01.2026
C08663;Romania;Consumer;29.02.2024
C08664;United Kingdom;Corporate;07.09.2025
C08665;Italy;Small Business;22.05.2025
C08666;Germany;Consumer;17.01.2023
C08667;Romania;Consumer;11.10.2025
C08668;Germany;Consumer;17.06.2023
C08669;Romania;Consumer;14.06.2023
C08670;France;Consumer;17.05.2023
C08671;Germany;Corporate;01.12.2024
C08672;Romania;Consumer;10.02.2023
C08673;France;Consumer;05.10.2024
C08674;Germany;Small Business;30.06.2025
C08675;Romania;Consumer;14.11.2024
C08676;Germany;Consumer;08.12.2023
C08677;Spain;Consumer;02.03.2024
C08678;United Kingdom;Consumer;10.07.2025
C08679;Romania;Consumer;09.03.2024
C08680;United Kingdom;Small Business;27.05.2025
C08681;Romania;Consumer;30.10.2024
C08682;Germany;Small Business;19.04.2024
C08683;Germany;Corporate;18.03.2023
C08684;Romania;Small Business;07.08.2025
C08685;Romania;Corporate;25.01.2024
C08686;Spain;Corporate;03.08.2024
C08687;Romania;Small Business;04.02.2023
C08688;France;Consumer;05.08.2025
C08689;United Kingdom;Consumer;07.03.2026
C08690;Germany;Small Business;25.01.2026
C08691;Romania;Small Business;29.01.2024
C08692;Romania;Small Business;24.04.2023
C08693;Romania;Consumer;02.05.2023
C08694;Germany;Small Business;30.04.2024
C08695;Netherlands;Small Business;04.01.2023
C08696;Italy;Small Business;17.08.2023
C08697;Romania;Consumer;19.02.2025
C08698;Romania;Consumer;23.02.2023
C08699;Romania;Consumer;03.03.2025
C08700;Netherlands;Consumer;12.01.2026
C08701;Romania;Consumer;23.06.2026
C08702;Romania;Consumer;24.05.2026
C08703;United Kingdom;Corporate;04.01.2024
C08704;Germany;Consumer;03.04.2025
C08705;Romania;Small Business;01.03.2023
C08706;United Kingdom;Consumer;01.11.2023
C08707;Romania;Small Business;21.09.2025
C08708;Romania;Consumer;19.09.2023
C08709;Romania;Consumer;24.01.2024
C08710;Romania;Consumer;07.06.2024
C08711;Netherlands;Consumer;26.02.2024
C08712;Germany;Consumer;01.08.2025
C08713;France;Small Business;04.03.2026
C08714;Romania;Small Business;18.11.2024
C08715;United Kingdom;Consumer;04.01.2025
C08716;Netherlands;Corporate;22.07.2025
C08717;Romania;Consumer;25.05.2024
C08718;Netherlands;Consumer;02.08.2024
C08719;United Kingdom;Consumer;27.04.2026
C08720;France;Consumer;06.05.2024
C08721;Romania;Consumer;05.12.2023
C08722;United Kingdom;Small Business;27.01.2023
C08723;Germany;Consumer;28.01.2023
C08724;Spain;Corporate;07.09.2025
C08725;Spain;Consumer;22.10.2023
C08726;Romania;Consumer;02.08.2025
C08727;Spain;Consumer;26.02.2023
C08728;Italy;Consumer;11.10.2025
C08729;Germany;Consumer;04.06.2024
C08730;Romania;Small Business;07.11.2025
C08731;Romania;Small Business;26.11.2025
C08732;Romania;Consumer;28.12.2024
C08733;Romania;Consumer;29.05.2026
C08734;Netherlands;Consumer;21.04.2026
C08735;Romania;Consumer;12.06.2025
C08736;United Kingdom;Small Business;19.09.2024
C08737;United Kingdom;Consumer;27.03.2026
C08738;United Kingdom;Small Business;22.05.2026
C08739;Romania;Corporate;05.06.2024
C08740;Germany;Consumer;18.02.2024
C08741;United Kingdom;Corporate;22.01.2024
C08742;Germany;Small Business;08.04.2026
C08743;Romania;Consumer;16.07.2023
C08744;United Kingdom;Small Business;05.01.2023
C08745;Romania;Consumer;01.10.2024
C08746;Germany;Small Business;28.04.2026
C08747;Romania;Small Business;22.02.2024
C08748;Romania;Small Business;05.10.2024
C08749;France;Small Business;18.05.2023
C08750;Romania;Small Business;12.11.2025
C08751;Spain;Consumer;04.04.2026
C08752;Italy;Corporate;20.03.2025
C08753;Romania;Small Business;07.06.2023
C08754;Romania;Small Business;05.05.2023
C08755;Romania;Small Business;01.08.2025
C08756;Spain;Consumer;13.06.2023
C08757;United Kingdom;Consumer;28.03.2023
C08758;Romania;Small Business;09.02.2026
C08759;Germany;Corporate;03.11.2024
C08760;Romania;Small Business;29.01.2025
C08761;Germany;Consumer;11.05.2025
C08762;Germany;Consumer;15.03.2024
C08763;Romania;Consumer;27.10.2023
C08764;France;Consumer;24.10.2024
C08765;Romania;Small Business;07.04.2023
C08766;Germany;Consumer;12.01.2024
C08767;United Kingdom;Consumer;27.01.2025
C08768;Netherlands;Consumer;18.04.2026
C08769;Germany;Corporate;08.02.2025
C08770;Spain;Consumer;16.08.2025
C08771;Romania;Consumer;03.02.2024
C08772;Italy;Consumer;14.03.2023
C08773;Romania;Consumer;25.04.2024
C08774;United Kingdom;Consumer;31.05.2025
C08775;Romania;Small Business;28.02.2023
C08776;Netherlands;Consumer;10.01.2026
C08777;Spain;Consumer;13.01.2024
C08778;Romania;Consumer;27.05.2025
C08779;Germany;Consumer;31.01.2026
C08780;Germany;Consumer;19.02.2025
C08781;Romania;Small Business;07.08.2023
C08782;United Kingdom;Consumer;23.11.2023
C08783;United Kingdom;Consumer;20.08.2024
C08784;Germany;Small Business;03.06.2026
C08785;Romania;Corporate;13.05.2025
C08786;Spain;Consumer;25.02.2025
C08787;Romania;Consumer;21.10.2025
C08788;United Kingdom;Corporate;30.06.2023
C08789;Romania;Consumer;14.04.2023
C08790;Romania;Corporate;14.01.2025
C08791;Romania;Small Business;25.01.2025
C08792;Romania;Consumer;25.11.2023
C08793;United Kingdom;Consumer;11.03.2025
C08794;Germany;Corporate;15.07.2023
C08795;United Kingdom;Consumer;09.09.2023
C08796;United Kingdom;Consumer;14.02.2026
C08797;Romania;Consumer;09.02.2023
C08798;Romania;Consumer;12.12.2024
C08799;United Kingdom;Small Business;13.12.2025
C08800;United Kingdom;Small Business;28.06.2025
C08801;Germany;Consumer;15.07.2024
C08802;Romania;Consumer;06.02.2024
C08803;France;Small Business;19.03.2023
C08804;Romania;Consumer;08.06.2023
C08805;United Kingdom;Small Business;07.01.2025
C08806;Romania;Consumer;05.11.2024
C08807;United Kingdom;Consumer;25.04.2024
C08808;Romania;Corporate;09.01.2024
C08809;United Kingdom;Consumer;13.04.2023
C08810;Romania;Consumer;07.06.2023
C08811;Germany;Consumer;02.01.2024
C08812;Romania;Consumer;22.02.2024
C08813;United Kingdom;Consumer;28.05.2023
C08814;Romania;Consumer;03.01.2025
C08815;Romania;Small Business;11.06.2023
C08816;United Kingdom;Consumer;29.05.2024
C08817;Romania;Consumer;17.07.2025
C08818;Romania;Small Business;17.05.2023
C08819;Italy;Small Business;23.03.2026
C08820;France;Consumer;21.03.2025
C08821;Italy;Corporate;12.03.2026
C08822;Romania;Consumer;18.07.2025
C08823;Germany;Consumer;17.05.2026
C08824;France;Consumer;09.10.2024
C08825;Romania;Consumer;21.01.2023
C08826;United Kingdom;Consumer;22.03.2023
C08827;Romania;Consumer;22.08.2023
C08828;Spain;Consumer;12.05.2023
C08829;United Kingdom;Corporate;20.04.2026
C08830;Germany;Small Business;04.03.2025
C08831;Germany;Small Business;30.08.2023
C08832;Romania;Small Business;03.06.2026
C08833;Romania;Small Business;28.01.2024
C08834;United Kingdom;Consumer;30.01.2026
C08835;Germany;Consumer;27.05.2025
C08836;Germany;Consumer;12.07.2024
C08837;Romania;Consumer;07.10.2025
C08838;United Kingdom;Consumer;27.04.2025
C08839;Romania;Consumer;08.03.2026
C08840;Romania;Consumer;14.02.2025
C08841;Spain;Consumer;19.05.2024
C08842;Germany;Small Business;01.05.2023
C08843;Germany;Consumer;20.06.2026
C08844;Netherlands;Consumer;22.09.2025
C08845;Romania;Consumer;13.05.2023
C08846;Spain;Consumer;13.02.2025
C08847;United Kingdom;Small Business;20.11.2025
C08848;United Kingdom;Consumer;12.06.2025
C08849;Romania;Consumer;14.12.2023
C08850;Romania;Corporate;26.06.2023
C08851;Romania;Consumer;10.04.2026
C08852;Romania;Consumer;17.04.2024
C08853;Romania;Consumer;14.01.2026
C08854;Germany;Consumer;16.08.2024
C08855;United Kingdom;Consumer;30.08.2025
C08856;Romania;Consumer;07.11.2023
C08857;France;Consumer;09.02.2025
C08858;Spain;Consumer;15.12.2024
C08859;France;Consumer;01.10.2023
C08860;France;Consumer;18.05.2025
C08861;United Kingdom;Consumer;12.08.2024
C08862;Romania;Consumer;13.04.2025
C08863;Romania;Consumer;14.02.2023
C08864;Spain;Consumer;06.06.2023
C08865;United Kingdom;Consumer;24.06.2025
C08866;France;Small Business;24.06.2026
C08867;Netherlands;Small Business;28.05.2023
C08868;Romania;Consumer;02.02.2023
C08869;Romania;Small Business;26.11.2023
C08870;United Kingdom;Consumer;24.02.2023
C08871;Romania;Consumer;09.11.2023
C08872;Germany;Consumer;02.06.2025
C08873;France;Consumer;02.10.2025
C08874;United Kingdom;Small Business;15.03.2025
C08875;Romania;Consumer;26.05.2024
C08876;United Kingdom;Consumer;17.07.2023
C08877;Romania;Small Business;13.11.2024
C08878;Italy;Consumer;16.05.2026
C08879;Romania;Consumer;24.09.2023
C08880;Italy;Consumer;23.11.2024
C08881;Germany;Corporate;02.03.2024
C08882;Romania;Consumer;01.04.2024
C08883;Germany;Small Business;15.10.2024
C08884;Romania;Consumer;05.09.2023
C08885;Romania;Corporate;22.02.2023
C08886;Italy;Corporate;30.05.2025
C08887;France;Small Business;05.03.2026
C08888;Romania;Consumer;27.07.2024
C08889;United Kingdom;Consumer;02.03.2025
C08890;Italy;Small Business;09.06.2026
C08891;France;Consumer;26.08.2025
C08892;Romania;Small Business;11.11.2023
C08893;Romania;Small Business;16.09.2025
C08894;Spain;Consumer;20.05.2024
C08895;Romania;Consumer;08.05.2026
C08896;Romania;Consumer;22.02.2023
C08897;France;Small Business;04.02.2026
C08898;Romania;Consumer;03.11.2023
C08899;Italy;Consumer;09.09.2024
C08900;Romania;Small Business;13.08.2025
C08901;France;Consumer;07.06.2023
C08902;Netherlands;Consumer;21.01.2023
C08903;Netherlands;Consumer;05.06.2024
C08904;Spain;Consumer;12.01.2025
C08905;Italy;Consumer;19.01.2025
C08906;Romania;Small Business;30.04.2026
C08907;Netherlands;Small Business;21.11.2023
C08908;Spain;Small Business;27.06.2025
C08909;Germany;Corporate;01.09.2023
C08910;Romania;Consumer;28.07.2024
C08911;Romania;Consumer;09.11.2024
C08912;Germany;Consumer;01.07.2024
C08913;United Kingdom;Small Business;13.08.2023
C08914;Romania;Consumer;01.09.2023
C08915;Romania;Corporate;20.01.2026
C08916;Germany;Consumer;27.04.2026
C08917;Romania;Small Business;05.04.2023
C08918;Spain;Consumer;24.10.2023
C08919;Romania;Small Business;13.06.2026
C08920;Romania;Consumer;29.05.2023
C08921;Romania;Consumer;17.11.2024
C08922;Italy;Small Business;05.01.2024
C08923;Italy;Consumer;08.08.2025
C08924;Romania;Small Business;16.08.2025
C08925;Romania;Small Business;25.03.2023
C08926;Romania;Small Business;15.07.2023
C08927;Romania;Consumer;11.10.2025
C08928;France;Consumer;18.10.2023
C08929;Romania;Consumer;08.07.2024
C08930;Germany;Consumer;17.05.2023
C08931;Romania;Consumer;29.01.2023
C08932;Romania;Corporate;19.07.2025
C08933;Romania;Corporate;15.08.2023
C08934;Romania;Consumer;04.08.2023
C08935;Romania;Small Business;11.12.2025
C08936;Romania;Consumer;30.06.2025
C08937;Romania;Consumer;30.09.2023
C08938;Netherlands;Consumer;01.01.2026
C08939;Romania;Small Business;23.05.2026
C08940;Romania;Small Business;09.06.2024
C08941;Romania;Consumer;02.08.2024
C08942;France;Consumer;23.04.2025
C08943;Spain;Consumer;07.07.2023
C08944;France;Consumer;16.02.2026
C08945;United Kingdom;Consumer;09.06.2023
C08946;France;Small Business;18.08.2025
C08947;Romania;Corporate;06.01.2025
C08948;Italy;Consumer;16.06.2023
C08949;France;Small Business;17.07.2024
C08950;Romania;Small Business;09.01.2024
C08951;Germany;Consumer;11.04.2026
C08952;Romania;Small Business;14.11.2024
C08953;Romania;Consumer;14.04.2024
C08954;Italy;Consumer;04.12.2023
C08955;Romania;Consumer;02.07.2023
C08956;France;Small Business;12.10.2024
C08957;Netherlands;Consumer;30.04.2026
C08958;Germany;Consumer;07.04.2025
C08959;Romania;Consumer;01.08.2024
C08960;Germany;Consumer;20.04.2024
C08961;France;Consumer;30.11.2023
C08962;Romania;Consumer;05.04.2025
C08963;Romania;Small Business;07.07.2023
C08964;Germany;Consumer;08.01.2023
C08965;Spain;Consumer;23.02.2026
C08966;Romania;Small Business;12.02.2023
C08967;Romania;Small Business;21.10.2023
C08968;Netherlands;Consumer;13.12.2024
C08969;Romania;Consumer;05.09.2023
C08970;Romania;Consumer;05.05.2025
C08971;Germany;Consumer;04.12.2024
C08972;Romania;Small Business;06.04.2023
C08973;Romania;Consumer;12.08.2024
C08974;United Kingdom;Consumer;25.11.2025
C08975;United Kingdom;Consumer;07.05.2024
C08976;Germany;Consumer;14.05.2025
C08977;Romania;Consumer;08.01.2025
C08978;Germany;Small Business;10.08.2024
C08979;United Kingdom;Consumer;27.12.2024
C08980;France;Consumer;13.09.2024
C08981;France;Small Business;29.03.2023
C08982;United Kingdom;Consumer;10.07.2024
C08983;Italy;Consumer;13.06.2024
C08984;Italy;Consumer;20.09.2025
C08985;Romania;Consumer;08.07.2025
C08986;Spain;Consumer;02.05.2024
C08987;Italy;Consumer;14.03.2025
C08988;Romania;Small Business;27.06.2026
C08989;Romania;Small Business;04.12.2025
C08990;Germany;Consumer;28.10.2023
C08991;Romania;Consumer;24.12.2023
C08992;France;Small Business;25.09.2024
C08993;Germany;Consumer;22.04.2025
C08994;Romania;Consumer;26.09.2025
C08995;Romania;Small Business;30.11.2024
C08996;Italy;Consumer;05.10.2023
C08997;Romania;Corporate;17.10.2024
C08998;France;Consumer;18.05.2026
C08999;Romania;Small Business;21.04.2025
C09000;Romania;Consumer;02.06.2024
C09001;Germany;Consumer;18.01.2025
C09002;Romania;Consumer;29.05.2023
C09003;United Kingdom;Corporate;14.05.2024
C09004;United Kingdom;Consumer;28.01.2023
C09005;Romania;Consumer;11.07.2023
C09006;Romania;Corporate;10.06.2024
C09007;France;Consumer;07.01.2023
C09008;United Kingdom;Consumer;25.08.2023
C09009;Germany;Consumer;14.02.2026
C09010;France;Small Business;01.12.2025
C09011;Romania;Consumer;26.12.2024
C09012;Romania;Consumer;30.04.2026
C09013;United Kingdom;Corporate;15.04.2026
C09014;United Kingdom;Consumer;25.09.2024
C09015;France;Consumer;22.04.2024
C09016;Romania;Consumer;05.10.2025
C09017;Germany;Consumer;03.08.2024
C09018;United Kingdom;Consumer;06.02.2025
C09019;Romania;Consumer;07.02.2024
C09020;Germany;Consumer;30.10.2024
C09021;United Kingdom;Small Business;14.06.2023
C09022;Romania;Consumer;02.10.2023
C09023;Romania;Consumer;14.12.2024
C09024;Romania;Consumer;19.04.2026
C09025;Spain;Small Business;26.08.2023
C09026;Romania;Small Business;08.01.2025
C09027;Romania;Small Business;17.03.2023
C09028;Romania;Corporate;07.10.2024
C09029;Romania;Small Business;19.12.2025
C09030;Romania;Corporate;08.03.2024
C09031;Germany;Consumer;15.10.2025
C09032;Romania;Consumer;16.05.2024
C09033;Romania;Consumer;27.03.2026
C09034;Romania;Consumer;13.03.2025
C09035;Romania;Consumer;22.02.2024
C09036;Romania;Consumer;05.12.2023
C09037;Germany;Consumer;16.01.2026
C09038;United Kingdom;Small Business;05.09.2024
C09039;France;Consumer;23.05.2024
C09040;Romania;Consumer;18.01.2025
C09041;Italy;Corporate;03.04.2023
C09042;United Kingdom;Consumer;23.08.2023
C09043;Romania;Consumer;07.08.2024
C09044;Romania;Consumer;07.01.2024
C09045;France;Consumer;07.12.2024
C09046;Romania;Corporate;20.03.2024
C09047;Romania;Consumer;05.07.2024
C09048;United Kingdom;Corporate;21.09.2025
C09049;Romania;Consumer;29.09.2025
C09050;Netherlands;Small Business;09.01.2024
C09051;Romania;Consumer;24.03.2024
C09052;Romania;Consumer;27.03.2025
C09053;Romania;Consumer;21.03.2026
C09054;Romania;Consumer;25.11.2024
C09055;Italy;Corporate;05.04.2023
C09056;France;Small Business;30.01.2025
C09057;Spain;Consumer;08.07.2025
C09058;Germany;Small Business;10.04.2026
C09059;Romania;Consumer;31.03.2026
C09060;Romania;Corporate;31.05.2025
C09061;Romania;Consumer;06.12.2024
C09062;Spain;Consumer;02.08.2023
C09063;Germany;Consumer;26.01.2026
C09064;Romania;Consumer;31.08.2024
C09065;Germany;Corporate;01.06.2025
C09066;France;Consumer;26.07.2025
C09067;Romania;Consumer;19.01.2023
C09068;United Kingdom;Small Business;21.04.2024
C09069;United Kingdom;Consumer;06.05.2025
C09070;Italy;Consumer;27.08.2024
C09071;Romania;Small Business;17.04.2025
C09072;Romania;Consumer;18.12.2024
C09073;Romania;Small Business;01.01.2023
C09074;Italy;Consumer;26.01.2024
C09075;Netherlands;Consumer;06.06.2024
C09076;Germany;Consumer;05.05.2024
C09077;Romania;Consumer;19.02.2023
C09078;Romania;Consumer;24.01.2023
C09079;United Kingdom;Consumer;09.01.2024
C09080;Romania;Small Business;22.12.2025
C09081;Germany;Consumer;12.06.2026
C09082;Italy;Small Business;03.12.2025
C09083;Romania;Consumer;14.04.2026
C09084;Romania;Corporate;27.03.2026
C09085;Romania;Consumer;23.05.2025
C09086;Romania;Small Business;06.06.2023
C09087;United Kingdom;Consumer;13.04.2024
C09088;Romania;Consumer;28.07.2025
C09089;Romania;Consumer;20.05.2024
C09090;Romania;Corporate;10.12.2023
C09091;Romania;Small Business;18.02.2023
C09092;United Kingdom;Small Business;08.03.2024
C09093;United Kingdom;Consumer;07.03.2024
C09094;Germany;Consumer;04.11.2025
C09095;Germany;Consumer;27.09.2025
C09096;Romania;Consumer;25.05.2023
C09097;Germany;Consumer;24.10.2024
C09098;Romania;Small Business;26.02.2026
C09099;Spain;Small Business;31.08.2024
C09100;Romania;Consumer;05.05.2026
C09101;Romania;Small Business;27.04.2023
C09102;Romania;Consumer;15.02.2024
C09103;France;Consumer;18.03.2026
C09104;Romania;Consumer;02.07.2025
C09105;Spain;Consumer;28.12.2023
C09106;Romania;Consumer;11.02.2026
C09107;Italy;Small Business;03.05.2024
C09108;United Kingdom;Small Business;08.10.2025
C09109;Romania;Consumer;26.02.2024
C09110;Romania;Corporate;08.03.2024
C09111;Romania;Small Business;24.02.2024
C09112;Italy;Consumer;10.04.2024
C09113;Italy;Consumer;03.02.2025
C09114;Romania;Corporate;29.10.2025
C09115;Romania;Consumer;11.03.2025
C09116;Romania;Consumer;02.02.2023
C09117;Romania;Corporate;02.02.2025
C09118;United Kingdom;Small Business;04.07.2024
C09119;Romania;Small Business;29.03.2023
C09120;Romania;Small Business;26.02.2024
C09121;Italy;Consumer;22.05.2026
C09122;France;Small Business;20.03.2024
C09123;France;Small Business;30.06.2025
C09124;Romania;Consumer;12.09.2023
C09125;Spain;Consumer;31.01.2026
C09126;Germany;Consumer;04.11.2025
C09127;Germany;Small Business;23.07.2023
C09128;Romania;Small Business;31.05.2025
C09129;Italy;Small Business;04.04.2026
C09130;Germany;Consumer;09.07.2025
C09131;Italy;Consumer;20.07.2025
C09132;United Kingdom;Consumer;30.09.2024
C09133;France;Corporate;10.07.2023
C09134;United Kingdom;Consumer;30.01.2023
C09135;Spain;Small Business;10.01.2024
C09136;Romania;Consumer;20.11.2023
C09137;Romania;Consumer;12.03.2026
C09138;United Kingdom;Consumer;06.12.2025
C09139;Germany;Small Business;19.02.2024
C09140;Germany;Consumer;28.04.2024
C09141;United Kingdom;Small Business;15.05.2025
C09142;Germany;Consumer;05.02.2026
C09143;France;Consumer;21.07.2025
C09144;Romania;Consumer;01.06.2025
C09145;Italy;Consumer;16.09.2025
C09146;Romania;Consumer;14.02.2026
C09147;United Kingdom;Consumer;02.05.2024
C09148;Italy;Consumer;17.11.2023
C09149;Romania;Consumer;06.03.2026
C09150;Romania;Consumer;26.07.2023
C09151;Romania;Consumer;08.01.2024
C09152;Germany;Small Business;23.06.2023
C09153;Romania;Consumer;02.12.2025
C09154;Romania;Consumer;16.03.2026
C09155;Italy;Consumer;25.06.2024
C09156;Romania;Consumer;08.05.2023
C09157;Germany;Consumer;26.10.2023
C09158;Germany;Consumer;08.01.2025
C09159;Romania;Consumer;14.03.2024
C09160;Romania;Small Business;15.08.2025
C09161;Netherlands;Small Business;17.10.2025
C09162;United Kingdom;Consumer;11.07.2024
C09163;Romania;Consumer;23.02.2025
C09164;France;Consumer;23.03.2023
C09165;Germany;Consumer;24.06.2023
C09166;Romania;Corporate;04.03.2024
C09167;United Kingdom;Consumer;08.06.2023
C09168;Germany;Consumer;19.01.2023
C09169;Romania;Small Business;26.05.2025
C09170;ROMANIA;Corporate;31.01.2023
C09171;Romania;Consumer;02.11.2023
C09172;Romania;Small Business;09.07.2025
C09173;Romania;Small Business;18.10.2023
C09174;France;Small Business;14.08.2025
C09175;United Kingdom;Consumer;29.01.2023
C09176;Spain;Small Business;16.02.2024
C09177;Romania;Consumer;14.11.2024
C09178;France;Consumer;29.03.2023
C09179;Germany;Consumer;12.04.2025
C09180;Romania;Consumer;26.06.2024
C09181;Romania;Consumer;01.02.2024
C09182;France;Consumer;27.12.2024
C09183;Romania;Consumer;19.02.2023
C09184;United Kingdom;Corporate;06.02.2025
C09185;Germany;Consumer;14.08.2024
C09186;Romania;Consumer;16.03.2023
C09187;Netherlands;Small Business;01.08.2024
C09188;France;Consumer;29.03.2023
C09189;Germany;Small Business;03.04.2024
C09190;United Kingdom;Consumer;08.08.2025
C09191;Romania;Consumer;26.07.2024
C09192;France;Consumer;09.05.2024
C09193;Romania;Consumer;23.02.2023
C09194;Romania;Consumer;24.03.2023
C09195;Romania;Consumer;13.01.2024
C09196;Romania;Consumer;13.12.2023
C09197;Romania;Consumer;01.04.2025
C09198;Romania;Small Business;23.08.2024
C09199;Netherlands;Consumer;10.06.2023
C09200;Romania;Small Business;11.04.2025
C09201;Romania;Small Business;08.05.2026
C09202;Romania;Consumer;31.12.2025
C09203;United Kingdom;Corporate;22.06.2026
C09204;Romania;Small Business;04.09.2024
C09205;Germany;Consumer;04.04.2024
C09206;United Kingdom;Consumer;12.03.2023
C09207;Romania;Consumer;18.05.2025
C09208;Netherlands;Corporate;15.07.2024
C09209;Romania;Consumer;21.03.2025
C09210;United Kingdom;Consumer;20.01.2024
C09211;Romania;Corporate;02.08.2023
C09212;United Kingdom;Consumer;30.05.2025
C09213;Italy;Consumer;10.05.2024
C09214;Romania;Consumer;05.11.2024
C09215;Romania;Small Business;05.06.2026
C09216;Romania;Consumer;26.12.2023
C09217;Romania;Consumer;12.06.2023
C09218;Netherlands;Consumer;27.06.2025
C09219;Germany;Consumer;03.01.2025
C09220;Germany;Corporate;23.05.2024
C09221;Spain;Consumer;03.02.2025
C09222;Italy;Consumer;23.03.2026
C09223;France;Small Business;02.08.2023
C09224;Romania;Consumer;06.10.2025
C09225;Romania;Consumer;13.11.2024
C09226;Romania;Corporate;24.10.2025
C09227;Romania;Small Business;16.03.2026
C09228;Romania;Consumer;24.07.2023
C09229;Romania;Consumer;28.05.2023
C09230;Romania;Consumer;05.01.2023
C09231;Romania;Consumer;31.08.2023
C09232;Romania;Consumer;18.03.2024
C09233;Romania;Consumer;23.11.2023
C09234;Romania;Consumer;16.11.2025
C09235;Germany;Consumer;16.08.2025
C09236;;Corporate;24.03.2024
C09237;United Kingdom;Corporate;06.01.2025
C09238;Romania;Small Business;04.02.2024
C09239;Romania;Consumer;04.10.2024
C09240;Romania;Consumer;06.01.2024
C09241;Romania;Consumer;07.10.2025
C09242;Romania;Consumer;18.10.2023
C09243;Netherlands;Small Business;02.06.2026
C09244;Romania;Small Business;04.04.2026
C09245;Romania;Consumer;08.09.2023
C09246;United Kingdom;Consumer;29.12.2024
C09247;Germany;Consumer;02.11.2025
C09248;Romania;Small Business;12.12.2025
C09249;Romania;Consumer;17.04.2024
C09250;Spain;Consumer;29.11.2024
C09251;Romania;Consumer;06.07.2023
C09252;United Kingdom;Small Business;17.11.2023
C09253;France;Consumer;24.11.2023
C09254;Romania;Consumer;31.12.2023
C09255;United Kingdom;Small Business;24.05.2024
C09256;Romania;Corporate;27.05.2025
C09257;Romania;Consumer;21.02.2026
C09258;Romania;Small Business;12.01.2025
C09259;Netherlands;Consumer;02.09.2024
C09260;Romania;Small Business;15.06.2025
C09261;Romania;Consumer;22.02.2025
C09262;Spain;Small Business;23.07.2024
C09263;Romania;Small Business;12.02.2023
C09264;Italy;Consumer;22.11.2024
C09265;United Kingdom;Consumer;23.03.2023
C09266;Germany;Small Business;18.02.2025
C09267;France;Consumer;12.04.2026
C09268;United Kingdom;Small Business;14.10.2025
C09269;Romania;Consumer;05.12.2025
C09270;Netherlands;Consumer;12.08.2024
C09271;Spain;Small Business;01.11.2024
C09272;Italy;Consumer;13.09.2023
C09273;United Kingdom;Small Business;05.06.2026
C09274;Germany;Consumer;21.02.2023
C09275;Germany;Consumer;17.06.2026
C09276;Romania;Consumer;29.05.2026
C09277;Germany;Consumer;14.04.2026
C09278;United Kingdom;Small Business;08.01.2023
C09279;United Kingdom;Consumer;02.05.2026
C09280;Romania;Consumer;31.10.2023
C09281;Romania;Corporate;29.11.2023
C09282;United Kingdom;Consumer;22.05.2025
C09283;Romania;Consumer;22.05.2024
C09284;Netherlands;Small Business;11.04.2026
C09285;United Kingdom;Small Business;30.05.2023
C09286;Romania;Consumer;02.11.2023
C09287;Romania;Corporate;14.09.2025
C09288;United Kingdom;Consumer;04.01.2025
C09289;Romania;Consumer;28.02.2024
C09290;Italy;Consumer;07.10.2023
C09291;Romania;Corporate;17.05.2025
C09292;Romania;Consumer;07.12.2023
C09293;Romania;Small Business;04.05.2023
C09294;France;Consumer;10.12.2024
C09295;Netherlands;Consumer;08.01.2026
C09296;Italy;Small Business;29.01.2024
C09297;Germany;Corporate;21.06.2025
C09298;France;Consumer;23.07.2024
C09299;Romania;Consumer;04.05.2026
C09300;Germany;Small Business;13.02.2025
C09301;Spain;Consumer;03.10.2024
C09302;;Consumer;18.10.2023
C09303;Netherlands;Consumer;06.02.2026
C09304;Romania;Corporate;28.02.2023
C09305;Romania;Consumer;20.11.2024
C09306;Germany;Consumer;06.12.2023
C09307;Spain;Consumer;16.10.2024
C09308;Romania;Consumer;08.06.2026
C09309;France;Consumer;01.05.2023
C09310;Romania;Consumer;08.03.2023
C09311;France;Consumer;04.11.2025
C09312;Germany;Consumer;10.06.2025
C09313;Romania;Consumer;09.06.2024
C09314;United Kingdom;Small Business;11.10.2023
C09315;United Kingdom;Consumer;04.02.2025
C09316;Germany;Consumer;25.11.2023
C09317;Romania;Consumer;10.04.2025
C09318;Romania;Consumer;31.05.2024
C09319;Spain;Small Business;15.09.2025
C09320;United Kingdom;Small Business;20.04.2025
C09321;France;Small Business;04.01.2025
C09322;United Kingdom;Consumer;05.05.2023
C09323;Italy;Corporate;02.03.2025
C09324;Romania;Consumer;09.06.2025
C09325;Germany;Consumer;26.10.2024
C09326;United Kingdom;Consumer;26.01.2025
C09327;Romania;Consumer;22.02.2025
C09328;Romania;Consumer;26.10.2023
C09329;United Kingdom;Consumer;20.07.2024
C09330;Italy;Small Business;10.06.2023
C09331;United Kingdom;Small Business;17.09.2025
C09332;Romania;Consumer;05.07.2023
C09333;Netherlands;Consumer;31.10.2025
C09334;Romania;Consumer;22.03.2025
C09335;Romania;Small Business;21.10.2024
C09336;Netherlands;Consumer;06.10.2024
C09337;France;Consumer;07.07.2023
C09338;Spain;Consumer;11.04.2025
C09339;France;Consumer;21.04.2024
C09340;United Kingdom;Consumer;26.09.2025
C09341;Romania;Small Business;07.12.2025
C09342;Romania;Small Business;16.03.2026
C09343;Spain;Corporate;15.03.2026
C09344;Italy;Consumer;30.08.2025
C09345;Romania;Consumer;07.12.2023
C09346;Romania;Small Business;16.12.2023
C09347;Romania;Consumer;15.04.2026
C09348;Romania;Consumer;14.05.2026
C09349;Italy;Small Business;20.12.2023
C09350;Romania;Consumer;07.04.2025
C09351;Romania;Consumer;18.03.2026
C09352;Spain;Consumer;17.12.2025
C09353;Germany;Consumer;08.04.2026
C09354;Romania;Consumer;24.03.2024
C09355;Romania;Consumer;06.10.2024
C09356;Romania;Consumer;02.02.2025
C09357;Romania;Small Business;08.06.2026
C09358;Romania;Small Business;01.12.2024
C09359;Romania;Corporate;23.12.2025
C09360;Romania;Small Business;28.04.2024
C09361;Romania;Consumer;09.02.2025
C09362;Romania;Consumer;30.10.2025
C09363;Spain;Consumer;06.02.2026
C09364;Romania;Consumer;19.05.2023
C09365;Romania;Small Business;04.04.2023
C09366;Italy;Consumer;04.10.2023
C09367;Romania;Corporate;11.05.2023
C09368;Germany;Consumer;30.09.2023
C09369;Italy;Consumer;25.04.2026
C09370;Germany;Small Business;04.03.2025
C09371;Romania;Consumer;04.05.2023
C09372;France;Small Business;23.06.2025
C09373;United Kingdom;Small Business;13.04.2026
C09374;Romania;Small Business;04.12.2025
C09375;ROMANIA;Small Business;27.12.2025
C09376;Romania;Consumer;22.02.2026
C09377;Italy;Consumer;16.08.2025
C09378;Romania;Small Business;21.01.2026
C09379;Romania;Consumer;14.10.2025
C09380;Germany;Consumer;20.05.2025
C09381;Spain;Consumer;12.09.2023
C09382;ROMANIA;Consumer;13.03.2026
C09383;Romania;Consumer;25.04.2023
C09384;Romania;Corporate;18.12.2023
C09385;United Kingdom;Consumer;10.07.2025
C09386;Romania;Consumer;14.07.2025
C09387;Italy;Consumer;31.01.2026
C09388;Romania;Consumer;08.04.2023
C09389;Romania;Consumer;01.10.2025
C09390;Romania;Small Business;09.06.2023
C09391;Romania;Consumer;15.02.2025
C09392;Germany;Consumer;16.10.2023
C09393;France;Consumer;26.12.2024
C09394;Romania;Consumer;12.05.2023
C09395;France;Small Business;17.05.2026
C09396;Romania;Corporate;14.10.2024
C09397;Germany;Small Business;17.08.2024
C09398;Romania;Small Business;16.05.2024
C09399;Germany;Consumer;02.03.2026
C09400;Romania;Small Business;26.09.2025
C09401;Spain;Consumer;31.08.2024
C09402;Spain;Small Business;06.06.2023
C09403;Italy;Consumer;11.06.2025
C09404;Italy;Consumer;18.09.2023
C09405;Romania;Consumer;15.02.2024
C09406;Germany;Consumer;23.04.2025
C09407;Romania;Consumer;28.04.2026
C09408;Italy;Consumer;11.10.2023
C09409;Romania;Corporate;14.02.2023
C09410;Romania;Consumer;25.06.2024
C09411;United Kingdom;Consumer;08.06.2025
C09412;Romania;Consumer;19.04.2025
C09413;;Consumer;27.04.2026
C09414;Romania;Consumer;23.09.2023
C09415;United Kingdom;Consumer;02.10.2025
C09416;Italy;Consumer;14.09.2025
C09417;Germany;Consumer;22.11.2025
C09418;Romania;Consumer;25.02.2026
C09419;Romania;Consumer;17.01.2024
C09420;Romania;Small Business;31.01.2024
C09421;Romania;Small Business;30.07.2024
C09422;Germany;Consumer;22.03.2024
C09423;Romania;Consumer;23.06.2023
C09424;Romania;Corporate;25.04.2024
C09425;Romania;Consumer;25.08.2025
C09426;Spain;Consumer;11.01.2023
C09427;Romania;Consumer;16.08.2025
C09428;Romania;Consumer;20.09.2025
C09429;Romania;Small Business;19.06.2023
C09430;Romania;Small Business;01.05.2026
C09431;Spain;Consumer;12.07.2025
C09432;Romania;Consumer;13.06.2025
C09433;United Kingdom;Small Business;05.09.2025
C09434;United Kingdom;Consumer;30.10.2025
C09435;France;Consumer;28.05.2024
C09436;United Kingdom;Consumer;17.10.2024
C09437;France;Small Business;17.02.2025
C09438;Romania;Small Business;02.09.2023
C09439;Germany;Consumer;20.03.2023
C09440;United Kingdom;Small Business;08.07.2025
C09441;Germany;Consumer;15.11.2023
C09442;Germany;Consumer;17.01.2024
C09443;Romania;Small Business;12.05.2023
C09444;Romania;Corporate;09.08.2024
C09445;Romania;Consumer;26.12.2024
C09446;Romania;Consumer;23.02.2026
C09447;Romania;Corporate;19.09.2024
C09448;Romania;Consumer;20.04.2024
C09449;Germany;Consumer;10.10.2025
C09450;United Kingdom;Consumer;05.01.2024
C09451;Germany;Consumer;15.01.2023
C09452;United Kingdom;Consumer;10.02.2023
C09453;Romania;Consumer;13.12.2025
C09454;Romania;Consumer;14.06.2025
C09455;United Kingdom;Consumer;18.08.2023
C09456;France;Consumer;02.10.2023
C09457;United Kingdom;Consumer;03.12.2025
C09458;United Kingdom;Consumer;26.03.2025
C09459;United Kingdom;Consumer;12.04.2024
C09460;France;Small Business;01.05.2024
C09461;United Kingdom;Corporate;02.10.2025
C09462;France;Consumer;09.09.2023
C09463;Romania;Small Business;09.02.2026
C09464;Romania;Small Business;31.10.2023
C09465;Romania;Consumer;28.10.2023
C09466;Germany;Corporate;26.04.2024
C09467;France;Consumer;07.10.2025
C09468;Romania;Consumer;07.01.2023
C09469;Romania;Consumer;14.07.2023
C09470;France;Consumer;24.04.2024
C09471;Romania;Small Business;29.06.2023
C09472;Italy;Small Business;04.05.2024
C09473;Romania;Consumer;30.06.2024
C09474;Romania;Consumer;28.02.2025
C09475;Romania;Corporate;19.02.2024
C09476;Romania;Small Business;17.11.2024
C09477;Romania;Consumer;13.06.2026
C09478;Romania;Consumer;12.08.2024
C09479;Romania;Consumer;22.10.2025
C09480;Romania;Consumer;16.12.2023
C09481;France;Small Business;09.02.2026
C09482;Romania;Small Business;26.12.2024
C09483;Romania;Corporate;23.06.2023
C09484;Romania;Consumer;02.03.2026
C09485;Spain;Corporate;30.06.2025
C09486;France;Corporate;13.03.2024
C09487;Netherlands;Small Business;10.02.2025
C09488;Spain;Small Business;23.04.2026
C09489;Romania;Consumer;07.05.2023
C09490;United Kingdom;Consumer;20.02.2023
C09491;Romania;Consumer;09.10.2025
C09492;Italy;Consumer;03.01.2024
C09493;Romania;Consumer;25.12.2025
C09494;Romania;Small Business;10.09.2025
C09495;Spain;Consumer;12.03.2026
C09496;Italy;Consumer;26.08.2025
C09497;Netherlands;Consumer;14.04.2026
C09498;Romania;Small Business;01.03.2025
C09499;Romania;Corporate;18.05.2023
C09500;Romania;Consumer;24.09.2023
C09501;Romania;Small Business;30.01.2026
C09502;Romania;Corporate;07.01.2024
C09503;Romania;Small Business;21.04.2026
C09504;France;Small Business;20.01.2026
C09505;Romania;Consumer;31.05.2025
C09506;United Kingdom;Corporate;23.06.2023
C09507;Italy;Consumer;23.08.2023
C09508;Germany;Small Business;07.08.2025
C09509;Romania;Consumer;26.05.2024
C09510;Romania;Consumer;27.05.2024
C09511;Romania;Small Business;25.04.2023
C09512;France;Small Business;08.08.2024
C09513;Romania;Small Business;06.01.2023
C09514;Romania;Corporate;30.06.2023
C09515;Netherlands;Small Business;19.03.2026
C09516;United Kingdom;Consumer;20.08.2025
C09517;Italy;Corporate;25.05.2026
C09518;Romania;Consumer;08.03.2026
C09519;Spain;Consumer;19.03.2026
C09520;Romania;Consumer;03.06.2024
C09521;Romania;Consumer;21.11.2023
C09522;Italy;Small Business;24.05.2025
C09523;Italy;Small Business;03.03.2025
C09524;Germany;Consumer;06.07.2024
C09525;Romania;Small Business;29.09.2024
C09526;Romania;Consumer;14.09.2023
C09527;France;Corporate;24.09.2024
C09528;Italy;Consumer;15.05.2026
C09529;Romania;Consumer;30.06.2024
C09530;Romania;Small Business;22.10.2024
C09531;United Kingdom;Consumer;15.04.2026
C09532;France;Consumer;24.12.2025
C09533;Romania;Consumer;06.10.2025
C09534;Germany;Consumer;07.01.2023
C09535;Netherlands;Consumer;16.12.2025
C09536;Romania;Consumer;09.04.2023
C09537;Germany;Consumer;14.02.2023
C09538;United Kingdom;Small Business;26.03.2024
C09539;Germany;Consumer;09.06.2024
C09540;Italy;Consumer;03.06.2023
C09541;Germany;Small Business;02.02.2025
C09542;Germany;Small Business;20.03.2026
C09543;Romania;Small Business;20.04.2025
C09544;United Kingdom;Small Business;11.05.2026
C09545;Romania;Corporate;15.02.2026
C09546;Romania;Corporate;06.11.2025
C09547;Germany;Consumer;02.08.2023
C09548;Germany;Consumer;25.03.2025
C09549;Netherlands;Consumer;25.04.2023
C09550;United Kingdom;Consumer;12.09.2025
C09551;Italy;Consumer;13.02.2026
C09552;Romania;Consumer;02.06.2023
C09553;Germany;Consumer;08.10.2024
C09554;Netherlands;Corporate;12.06.2023
C09555;Romania;Consumer;19.11.2024
C09556;France;Small Business;30.07.2024
C09557;Germany;Corporate;09.02.2026
C09558;Romania;Small Business;14.12.2023
C09559;Germany;Consumer;14.08.2025
C09560;Romania;Small Business;19.04.2025
C09561;Romania;Small Business;21.07.2025
C09562;Romania;Consumer;11.05.2026
C09563;Romania;Consumer;26.08.2023
C09564;Romania;Consumer;18.01.2023
C09565;Italy;Small Business;03.03.2025
C09566;Romania;Corporate;06.06.2023
C09567;Italy;Consumer;28.07.2024
C09568;Germany;Corporate;27.10.2024
C09569;Romania;Consumer;18.02.2025
C09570;Romania;Small Business;16.01.2023
C09571;Spain;Small Business;04.01.2025
C09572;Germany;Consumer;20.09.2025
C09573;Spain;Corporate;03.02.2023
C09574;Romania;Corporate;19.05.2024
C09575;United Kingdom;Consumer;14.03.2024
C09576;France;Small Business;10.03.2024
C09577;Netherlands;Consumer;07.08.2024
C09578;Romania;Consumer;30.06.2023
C09579;Spain;Consumer;30.09.2024
C09580;Romania;Consumer;09.04.2023
C09581;Italy;Consumer;07.05.2023
C09582;Germany;Consumer;15.11.2024
C09583;Germany;Corporate;20.02.2026
C09584;Romania;Consumer;22.06.2025
C09585;Italy;Small Business;02.03.2024
C09586;Romania;Consumer;17.03.2024
C09587;Germany;Consumer;16.09.2024
C09588;Germany;Small Business;14.02.2023
C09589;France;Consumer;20.06.2023
C09590;Romania;Consumer;06.07.2025
C09591;United Kingdom;Corporate;21.04.2024
C09592;Germany;Consumer;27.04.2024
C09593;United Kingdom;Consumer;15.07.2024
C09594;United Kingdom;Consumer;14.06.2023
C09595;United Kingdom;Consumer;02.11.2023
C09596;Italy;Small Business;22.09.2023
C09597;Germany;Consumer;17.12.2025
C09598;Romania;Consumer;30.07.2023
C09599;United Kingdom;Consumer;14.06.2023
C09600;Romania;Consumer;08.11.2023
C09601;Romania;Consumer;25.06.2024
C09602;France;Corporate;09.02.2025
C09603;Romania;Small Business;14.11.2024
C09604;Germany;Consumer;22.10.2024
C09605;Netherlands;Corporate;04.08.2023
C09606;Romania;Small Business;10.01.2023
C09607;Romania;Consumer;19.05.2025
C09608;Romania;Consumer;19.04.2026
C09609;Romania;Consumer;23.03.2023
C09610;United Kingdom;Consumer;17.03.2026
C09611;France;Consumer;06.03.2026
C09612;Germany;Consumer;03.10.2025
C09613;Romania;Corporate;23.12.2024
C09614;Germany;Consumer;09.03.2024
C09615;Romania;Consumer;23.01.2025
C09616;United Kingdom;Corporate;15.01.2023
C09617;United Kingdom;Consumer;31.12.2023
C09618;Romania;Consumer;17.05.2024
C09619;France;Consumer;14.10.2024
C09620;France;Small Business;14.12.2023
C09621;Romania;Consumer;27.06.2024
C09622;United Kingdom;Consumer;14.07.2025
C09623;Germany;Small Business;28.04.2026
C09624;Romania;Small Business;15.11.2025
C09625;Romania;Small Business;08.04.2023
C09626;United Kingdom;Small Business;21.01.2025
C09627;Spain;Small Business;08.08.2024
C09628;Germany;Consumer;28.10.2024
C09629;Germany;Consumer;06.10.2025
C09630;United Kingdom;Consumer;22.02.2024
C09631;Romania;Consumer;25.11.2024
C09632;Romania;Consumer;05.02.2026
C09633;Romania;Consumer;22.12.2024
C09634;Spain;Consumer;09.12.2024
C09635;France;Consumer;08.03.2026
C09636;Spain;Consumer;07.02.2023
C09637;Romania;Corporate;24.04.2024
C09638;Germany;Consumer;20.09.2024
C09639;Germany;Small Business;03.01.2023
C09640;Romania;Consumer;28.08.2024
C09641;Romania;Consumer;27.03.2026
C09642;France;Small Business;02.10.2025
C09643;United Kingdom;Corporate;12.02.2023
C09644;United Kingdom;Small Business;23.01.2026
C09645;Romania;Corporate;14.10.2025
C09646;Germany;Consumer;24.01.2026
C09647;Romania;Corporate;27.01.2023
C09648;Romania;Small Business;14.02.2023
C09649;Germany;Small Business;28.03.2024
C09650;Romania;Small Business;06.11.2025
C09651;Netherlands;Small Business;07.01.2026
C09652;Romania;Consumer;19.03.2025
C09653;Romania;Consumer;17.02.2023
C09654;Romania;Consumer;20.01.2026
C09655;United Kingdom;Small Business;02.12.2023
C09656;Romania;Consumer;08.08.2025
C09657;Romania;Small Business;23.12.2023
C09658;Romania;Consumer;22.12.2024
C09659;Romania;Consumer;01.05.2023
C09660;United Kingdom;Consumer;27.06.2026
C09661;Germany;Consumer;29.04.2023
C09662;Romania;Consumer;04.05.2026
C09663;France;Consumer;04.03.2026
C09664;Romania;Consumer;11.07.2023
C09665;United Kingdom;Consumer;06.06.2025
C09666;Romania;Consumer;02.02.2024
C09667;United Kingdom;Consumer;22.02.2024
C09668;Romania;Consumer;01.11.2023
C09669;Germany;Small Business;11.05.2026
C09670;Romania;Small Business;24.02.2023
C09671;Netherlands;Corporate;28.03.2024
C09672;Romania;Consumer;02.04.2024
C09673;Spain;Consumer;18.06.2024
C09674;Spain;Consumer;20.01.2024
C09675;Romania;Consumer;26.04.2025
C09676;Romania;Consumer;16.03.2026
C09677;Romania;Consumer;30.04.2025
C09678;Netherlands;Consumer;09.10.2023
C09679;United Kingdom;Consumer;26.06.2026
C09680;Germany;Consumer;31.05.2024
C09681;Romania;Consumer;31.01.2024
C09682;Italy;Small Business;20.05.2025
C09683;Romania;Consumer;28.05.2026
C09684;Romania;Consumer;14.02.2024
C09685;Romania;Consumer;14.09.2023
C09686;Romania;Consumer;24.09.2025
C09687;Italy;Consumer;31.08.2024
C09688;France;Consumer;15.07.2025
C09689;Romania;Consumer;02.08.2024
C09690;Romania;Consumer;15.02.2023
C09691;France;Small Business;06.04.2024
C09692;Germany;Small Business;28.12.2025
C09693;Romania;Consumer;09.04.2024
C09694;Romania;Consumer;03.06.2025
C09695;United Kingdom;Corporate;03.05.2023
C09696;Netherlands;Consumer;05.10.2023
C09697;United Kingdom;Small Business;10.06.2025
C09698;Romania;Consumer;22.02.2023
C09699;United Kingdom;Corporate;11.08.2025
C09700;Romania;Consumer;13.05.2026
C09701;Italy;Consumer;01.04.2023
C09702;Romania;Corporate;12.01.2025
C09703;Romania;Small Business;27.03.2024
C09704;Romania;Consumer;31.03.2025
C09705;Romania;Small Business;16.02.2026
C09706;Romania;Small Business;13.04.2023
C09707;Germany;Consumer;04.05.2025
C09708;France;Consumer;22.08.2023
C09709;Italy;Consumer;12.11.2024
C09710;Romania;Corporate;18.07.2024
C09711;Romania;Consumer;05.10.2024
C09712;Germany;Consumer;04.09.2025
C09713;Romania;Consumer;15.02.2025
C09714;Romania;Consumer;17.03.2024
C09715;Italy;Consumer;13.04.2025
C09716;Netherlands;Consumer;31.01.2025
C09717;Romania;Consumer;29.03.2023
C09718;France;Consumer;21.02.2025
C09719;United Kingdom;Consumer;06.07.2023
C09720;Romania;Consumer;03.11.2024
C09721;United Kingdom;Consumer;21.10.2024
C09722;Romania;Small Business;20.07.2025
C09723;Romania;Consumer;05.07.2024
C09724;Netherlands;Consumer;05.08.2025
C09725;United Kingdom;Consumer;26.12.2023
C09726;Romania;Small Business;11.02.2025
C09727;Romania;Small Business;13.05.2026
C09728;Spain;Corporate;18.01.2025
C09729;Romania;Consumer;19.05.2025
C09730;Spain;Consumer;14.04.2024
C09731;Italy;Consumer;11.05.2025
C09732;Romania;Consumer;01.12.2025
C09733;United Kingdom;Corporate;19.01.2026
C09734;United Kingdom;Consumer;15.03.2026
C09735;France;Small Business;27.01.2024
C09736;Romania;Corporate;15.12.2025
C09737;Romania;Small Business;20.03.2024
C09738;Romania;Consumer;17.01.2026
C09739;United Kingdom;Small Business;08.01.2023
C09740;France;Consumer;05.03.2026
C09741;France;Consumer;03.10.2023
C09742;Germany;Consumer;15.09.2023
C09743;Romania;Corporate;14.12.2024
C09744;Romania;Small Business;17.10.2024
C09745;France;Consumer;20.07.2023
C09746;Germany;Small Business;13.11.2024
C09747;France;Consumer;19.10.2025
C09748;Romania;Small Business;11.09.2024
C09749;Romania;Consumer;11.01.2025
C09750;Spain;Consumer;18.12.2025
C09751;Romania;Consumer;18.08.2023
C09752;Romania;Small Business;19.02.2024
C09753;United Kingdom;Corporate;14.02.2026
C09754;Germany;Consumer;25.07.2023
C09755;Spain;Consumer;20.11.2023
C09756;Spain;Consumer;17.12.2023
C09757;France;Small Business;18.11.2025
C09758;Romania;Consumer;02.07.2023
C09759;Germany;Consumer;22.04.2024
C09760;Italy;Consumer;31.05.2024
C09761;Romania;Consumer;14.04.2023
C09762;Netherlands;Corporate;30.05.2023
C09763;United Kingdom;Consumer;25.04.2024
C09764;Romania;Consumer;22.04.2023
C09765;Germany;Consumer;03.06.2026
C09766;United Kingdom;Consumer;29.07.2024
C09767;Romania;Consumer;09.01.2023
C09768;Romania;Consumer;06.02.2025
C09769;United Kingdom;Small Business;21.08.2025
C09770;Romania;Consumer;14.02.2025
C09771;Romania;Consumer;30.12.2024
C09772;United Kingdom;Consumer;28.04.2023
C09773;France;Consumer;20.07.2025
C09774;Germany;Consumer;24.05.2026
C09775;Spain;Small Business;09.04.2024
C09776;Spain;Consumer;05.06.2023
C09777;Romania;Small Business;01.10.2023
C09778;Romania;Consumer;22.04.2025
C09779;France;Consumer;30.03.2025
C09780;Romania;Consumer;07.02.2026
C09781;Italy;Small Business;02.06.2024
C09782;Germany;Consumer;02.02.2026
C09783;Romania;Small Business;18.12.2023
C09784;Germany;Consumer;15.10.2024
C09785;Germany;Consumer;19.04.2025
C09786;Spain;Consumer;21.12.2023
C09787;Romania;Consumer;15.04.2024
C09788;Spain;Consumer;22.11.2025
C09789;Romania;Consumer;07.01.2025
C09790;France;Consumer;20.02.2025
C09791;ROMANIA;Consumer;06.03.2025
C09792;Romania;Small Business;06.10.2025
C09793;Romania;Small Business;24.05.2026
C09794;France;Consumer;25.05.2024
C09795;Italy;Consumer;28.03.2024
C09796;Romania;Consumer;11.03.2026
C09797;Germany;Consumer;03.09.2024
C09798;France;Consumer;01.04.2026
C09799;Romania;Consumer;30.01.2026
C09800;United Kingdom;Consumer;29.07.2025
C09801;Romania;Consumer;07.07.2025
C09802;Romania;Consumer;17.04.2026
C09803;Italy;Consumer;16.12.2023
C09804;Romania;Consumer;01.08.2024
C09805;Spain;Consumer;27.11.2024
C09806;Germany;Small Business;06.09.2023
C09807;Germany;Consumer;22.10.2024
C09808;Romania;Consumer;16.04.2025
C09809;Romania;Small Business;04.10.2024
C09810;France;Consumer;13.04.2025
C09811;United Kingdom;Consumer;10.05.2023
C09812;France;Small Business;18.09.2024
C09813;Romania;Small Business;31.03.2026
C09814;Romania;Corporate;29.11.2023
C09815;Romania;Small Business;04.08.2024
C09816;France;Small Business;07.03.2025
C09817;Romania;Consumer;09.03.2025
C09818;Germany;Consumer;19.08.2023
C09819;Romania;Consumer;25.05.2023
C09820;Romania;Consumer;19.08.2025
C09821;United Kingdom;Corporate;11.11.2024
C09822;Germany;Consumer;03.03.2026
C09823;Netherlands;Small Business;17.06.2026
C09824;Romania;Consumer;01.08.2023
C09825;Germany;Consumer;05.04.2024
C09826;Romania;Small Business;12.11.2025
C09827;France;Consumer;11.01.2024
C09828;United Kingdom;Consumer;11.09.2023
C09829;Romania;Consumer;19.07.2023
C09830;France;Consumer;30.09.2024
C09831;Romania;Consumer;02.05.2024
C09832;Romania;Small Business;31.03.2026
C09833;Romania;Small Business;16.05.2026
C09834;Romania;Small Business;16.04.2023
C09835;Italy;Small Business;26.02.2026
C09836;France;;25.04.2023
C09837;France;;06.07.2025
C09838;Italy;Small Business;08.05.2026
C09839;France;Small Business;17.03.2024
C09840;Romania;Consumer;22.07.2023
C09841;Romania;Consumer;26.03.2023
C09842;Romania;Small Business;12.03.2024
C09843;Spain;Corporate;30.04.2026
C09844;Spain;Corporate;08.08.2024
C09845;France;Consumer;17.06.2024
C09846;Romania;Small Business;09.01.2023
C09847;Romania;Consumer;30.04.2025
C09848;Italy;Small Business;28.08.2023
C09849;Romania;Consumer;29.05.2025
C09850;Germany;Corporate;23.11.2025
C09851;Romania;Corporate;15.09.2025
C09852;Romania;Consumer;24.10.2024
C09853;United Kingdom;Corporate;09.04.2025
C09854;Spain;Small Business;17.05.2024
C09855;France;Consumer;23.06.2025
C09856;Germany;Consumer;20.05.2025
C09857;Romania;Small Business;29.08.2023
C09858;Spain;Consumer;19.02.2024
C09859;Germany;Consumer;16.09.2025
C09860;Germany;Consumer;13.07.2024
C09861;United Kingdom;Consumer;28.10.2023
C09862;Romania;Consumer;21.06.2026
C09863;Romania;Small Business;12.01.2026
C09864;Italy;Consumer;14.09.2025
C09865;Germany;Consumer;22.06.2024
C09866;Romania;Consumer;07.12.2024
C09867;Romania;Small Business;21.04.2026
C09868;Netherlands;Consumer;03.11.2024
C09869;United Kingdom;Small Business;18.11.2025
C09870;United Kingdom;Small Business;13.12.2025
C09871;Romania;Small Business;23.10.2025
C09872;Netherlands;Consumer;05.02.2025
C09873;Italy;Consumer;16.03.2024
C09874;Germany;Consumer;08.03.2024
C09875;Romania;Consumer;01.11.2025
C09876;United Kingdom;Consumer;17.06.2024
C09877;Italy;Consumer;12.11.2023
C09878;France;Consumer;23.08.2023
C09879;Netherlands;Consumer;24.02.2025
C09880;United Kingdom;Consumer;09.05.2026
C09881;Romania;Consumer;28.04.2024
C09882;Germany;Small Business;12.04.2025
C09883;France;Consumer;30.01.2024
C09884;Romania;Consumer;23.05.2024
C09885;Romania;Consumer;04.04.2024
C09886;United Kingdom;Small Business;17.12.2025
C09887;Romania;Small Business;03.03.2026
C09888;France;Consumer;10.12.2023
C09889;Romania;Consumer;04.04.2024
C09890;Romania;Small Business;26.01.2023
C09891;Romania;Small Business;23.08.2025
C09892;United Kingdom;Consumer;22.06.2025
C09893;France;Consumer;02.12.2025
C09894;Romania;Consumer;15.12.2024
C09895;Romania;Small Business;06.03.2026
C09896;Romania;Consumer;30.06.2023
C09897;United Kingdom;Small Business;21.04.2024
C09898;Netherlands;Small Business;25.07.2024
C09899;France;Small Business;03.09.2025
C09900;Romania;Corporate;07.10.2023
C09901;United Kingdom;Consumer;01.05.2023
C09902;Romania;Small Business;19.04.2026
C09903;Romania;Small Business;01.08.2024
C09904;Romania;Small Business;15.01.2023
C09905;Romania;Consumer;28.10.2023
C09906;Romania;Consumer;28.12.2024
C09907;France;Corporate;18.09.2024
C09908;Romania;Consumer;12.10.2024
C09909;France;Corporate;21.03.2023
C09910;Spain;Consumer;24.01.2026
C09911;Germany;Consumer;24.11.2025
C09912;Germany;Corporate;04.10.2023
C09913;France;Small Business;12.04.2024
C09914;Romania;Consumer;22.04.2023
C09915;Romania;Consumer;13.06.2023
C09916;Germany;Consumer;16.12.2025
C09917;Italy;Consumer;26.05.2023
C09918;France;Consumer;22.03.2024
C09919;Italy;Consumer;21.06.2026
C09920;United Kingdom;Consumer;19.02.2024
C09921;Germany;Consumer;26.05.2025
C09922;Italy;Corporate;15.05.2023
C09923;Italy;Small Business;19.01.2026
C09924;Germany;Consumer;19.03.2026
C09925;Netherlands;Corporate;18.03.2025
C09926;Italy;Consumer;25.05.2026
C09927;Germany;Consumer;02.06.2025
C09928;Romania;Consumer;25.04.2024
C09929;Romania;Small Business;19.02.2026
C09930;France;Consumer;15.12.2023
C09931;Romania;Consumer;12.12.2025
C09932;Romania;Corporate;02.04.2026
C09933;Germany;Small Business;30.07.2024
C09934;Italy;Small Business;24.10.2023
C09935;Italy;Small Business;23.07.2023
C09936;France;Small Business;16.11.2024
C09937;Romania;Consumer;07.05.2025
C09938;Romania;Small Business;22.01.2025
C09939;United Kingdom;Consumer;10.04.2025
C09940;Romania;Consumer;02.03.2023
C09941;Germany;Corporate;02.12.2023
C09942;Netherlands;Consumer;21.02.2026
C09943;Germany;Consumer;05.10.2024
C09944;United Kingdom;Consumer;03.03.2024
C09945;United Kingdom;Small Business;29.04.2025
C09946;Italy;Corporate;01.07.2024
C09947;Romania;Consumer;03.07.2023
C09948;Germany;Consumer;17.10.2024
C09949;Romania;Small Business;08.06.2025
C09950;United Kingdom;Consumer;09.03.2026
C09951;Romania;Consumer;14.04.2024
C09952;Germany;Consumer;06.08.2023
C09953;France;Consumer;09.01.2026
C09954;Romania;Consumer;15.04.2024
C09955;Germany;Small Business;21.07.2023
C09956;Romania;Consumer;01.10.2024
C09957;Romania;Small Business;18.03.2023
C09958;Romania;Small Business;19.06.2026
C09959;Romania;Consumer;21.09.2025
C09960;Netherlands;Small Business;15.07.2024
C09961;Netherlands;Consumer;26.11.2024
C09962;United Kingdom;Consumer;23.05.2024
C09963;United Kingdom;Consumer;21.08.2024
C09964;France;Small Business;08.04.2026
C09965;Italy;Small Business;15.07.2025
C09966;Germany;Consumer;24.04.2025
C09967;Romania;Small Business;31.05.2026
C09968;United Kingdom;Consumer;28.07.2023
C09969;Netherlands;Consumer;04.03.2026
C09970;Romania;Consumer;13.08.2023
C09971;Romania;Corporate;28.11.2023
C09972;Romania;Consumer;02.04.2025
C09973;Romania;Consumer;24.06.2023
C09974;United Kingdom;Small Business;18.08.2024
C09975;Romania;Consumer;04.03.2024
C09976;Spain;Consumer;12.01.2023
C09977;France;Consumer;23.08.2023
C09978;Romania;Consumer;26.07.2024
C09979;France;Consumer;18.04.2023
C09980;France;Consumer;14.04.2026
C09981;Germany;Small Business;01.07.2024
C09982;Germany;Small Business;11.08.2025
C09983;Italy;Corporate;18.09.2023
C09984;Romania;Consumer;13.12.2024
C09985;Romania;Consumer;25.05.2023
C09986;Romania;Consumer;23.05.2025
C09987;Romania;Consumer;04.03.2024
C09988;United Kingdom;Consumer;07.06.2026
C09989;Romania;Consumer;25.06.2026
C09990;United Kingdom;Small Business;18.06.2023
C09991;Romania;Small Business;20.04.2025
C09992;Italy;Consumer;25.09.2025
C09993;Germany;Corporate;19.12.2023
C09994;Spain;Consumer;09.12.2025
C09995;Spain;Corporate;19.02.2024
C09996;Romania;Consumer;27.04.2023
C09997;United Kingdom;Consumer;19.07.2024
C09998;Romania;Consumer;17.04.2024
C09999;Italy;Consumer;04.11.2024
C10000;United Kingdom;Small Business;20.10.2023
C10001;Romania;Consumer;02.02.2024
C10002;Romania;Small Business;17.02.2026
C10003;Romania;Consumer;10.12.2025
C10004;France;Corporate;27.07.2025
C10005;France;Consumer;26.03.2024
C10006;Romania;Small Business;26.09.2024
C10007;Romania;Small Business;09.01.2024
C10008;Romania;Consumer;04.06.2024
C10009;Germany;Consumer;21.10.2024
C10010;Romania;Consumer;31.12.2025
C10011;Romania;Small Business;12.10.2025
C10012;Italy;Small Business;07.09.2023
C10013;Romania;Consumer;21.04.2026
C10014;France;Small Business;06.04.2023
C10015;Germany;Corporate;03.03.2023
C10016;Romania;Small Business;22.12.2025
C10017;United Kingdom;Consumer;28.12.2023
C10018;Romania;Consumer;28.12.2025
C10019;Romania;Corporate;29.03.2023
C10020;Netherlands;Small Business;07.11.2023
C10021;Italy;Consumer;18.11.2025
C10022;France;Corporate;07.09.2023
C10023;Romania;Consumer;24.10.2024
C10024;Romania;Small Business;09.07.2025
C10025;Romania;Small Business;21.03.2024
C10026;Spain;Small Business;29.11.2025
C10027;France;Small Business;04.03.2025
C10028;Germany;Consumer;09.03.2026
C10029;Netherlands;Consumer;13.06.2025
C10030;Romania;Corporate;07.08.2025
C10031;Germany;Small Business;04.03.2025
C10032;Romania;Consumer;04.05.2025
C10033;Romania;Corporate;28.06.2024
C10034;Spain;Consumer;28.03.2026
C10035;Italy;Consumer;07.11.2025
C10036;Romania;Corporate;06.11.2023
C10037;Romania;Small Business;01.04.2026
C10038;Germany;Small Business;26.10.2023
C10039;Romania;Small Business;19.06.2025
C10040;Germany;Consumer;21.03.2026
C10041;Germany;Consumer;18.06.2024
C10042;Romania;Small Business;24.08.2023
C10043;Romania;Consumer;24.06.2026
C10044;Romania;Consumer;09.10.2025
C10045;Spain;Consumer;27.07.2024
C10046;Romania;Consumer;18.06.2026
C10047;Germany;Consumer;29.05.2023
C10048;Romania;Consumer;03.11.2024
C10049;United Kingdom;Small Business;21.08.2023
C10050;Romania;Consumer;24.08.2023
C10051;Romania;Consumer;19.03.2024
C10052;France;Consumer;02.01.2025
C10053;United Kingdom;Small Business;07.08.2023
C10054;Romania;Consumer;25.10.2024
C10055;Romania;Consumer;20.09.2025
C10056;Spain;Small Business;07.07.2023
C10057;Romania;Consumer;18.01.2023
C10058;Romania;Consumer;11.08.2025
C10059;Romania;Small Business;01.06.2024
C10060;Romania;Consumer;31.08.2023
C10061;United Kingdom;Consumer;25.01.2026
C10062;United Kingdom;Consumer;29.06.2024
C10063;Germany;Small Business;31.05.2023
C10064;United Kingdom;Corporate;30.01.2024
C10065;Romania;Small Business;05.01.2025
C10066;France;Corporate;07.01.2024
C10067;Romania;Small Business;06.04.2026
C10068;Romania;Consumer;11.03.2025
C10069;United Kingdom;Consumer;02.04.2023
C10070;Romania;Small Business;18.03.2024
C10071;Romania;Small Business;22.03.2024
C10072;Romania;Consumer;06.07.2023
C10073;United Kingdom;Consumer;18.02.2023
C10074;Romania;Consumer;24.05.2023
C10075;United Kingdom;Consumer;20.05.2025
C10076;France;Consumer;13.11.2023
C10077;United Kingdom;Small Business;16.06.2024
C10078;Romania;Small Business;02.07.2023
C10079;France;Consumer;23.04.2026
C10080;Romania;Small Business;12.06.2026
C10081;Spain;Consumer;01.06.2025
C10082;United Kingdom;Consumer;28.02.2024
C10083;Romania;Small Business;07.02.2025
C10084;France;Corporate;07.05.2024
C10085;Germany;Corporate;07.03.2026
C10086;Romania;Consumer;11.02.2025
C10087;Romania;Consumer;15.06.2023
C10088;Germany;Small Business;04.05.2023
C10089;United Kingdom;Small Business;26.09.2025
C10090;Italy;Consumer;17.07.2025
C10091;Romania;Consumer;20.07.2025
C10092;United Kingdom;Consumer;01.03.2024
C10093;United Kingdom;Consumer;09.05.2025
C10094;United Kingdom;Consumer;12.12.2023
C10095;Germany;Small Business;25.03.2025
C10096;Romania;;24.02.2024
C10097;France;Small Business;08.06.2023
C10098;Romania;Consumer;27.11.2025
C10099;Romania;Consumer;04.11.2025
C10100;Germany;Consumer;26.09.2025
C10101;Romania;Corporate;21.03.2025
C10102;Romania;Consumer;26.03.2025
C10103;Romania;Small Business;11.09.2025
C10104;United Kingdom;Consumer;20.12.2024
C10105;Netherlands;Consumer;22.01.2026
C10106;Romania;Corporate;04.09.2025
C10107;Romania;Consumer;19.01.2025
C10108;France;Consumer;05.05.2026
C10109;Romania;Corporate;06.10.2024
C10110;Netherlands;Consumer;20.05.2023
C10111;Germany;Consumer;12.12.2025
C10112;Romania;Corporate;06.01.2023
C10113;Germany;Consumer;12.11.2023
C10114;Romania;Consumer;26.02.2024
C10115;France;Small Business;04.10.2023
C10116;Romania;Small Business;13.08.2023
C10117;Italy;Consumer;07.12.2024
C10118;France;Consumer;28.01.2026
C10119;Italy;Small Business;24.12.2023
C10120;Italy;Small Business;13.05.2024
C10121;Romania;Consumer;28.05.2025
C10122;Germany;Consumer;10.05.2025
C10123;Italy;Consumer;21.04.2026
C10124;Romania;Consumer;28.10.2024
C10125;Romania;Small Business;08.09.2025
C10126;Romania;Corporate;14.12.2025
C10127;Romania;Consumer;20.06.2024
C10128;Italy;Corporate;03.12.2025
C10129;Romania;Small Business;11.06.2026
C10130;United Kingdom;Small Business;02.06.2023
C10131;Netherlands;Corporate;11.09.2025
C10132;Romania;Consumer;06.03.2025
C10133;France;Corporate;31.10.2025
C10134;Romania;Consumer;01.12.2024
C10135;Romania;Consumer;19.09.2023
C10136;Romania;Consumer;01.07.2024
C10137;Romania;Consumer;26.05.2025
C10138;Romania;Small Business;18.02.2026
C10139;Romania;Consumer;01.04.2023
C10140;Romania;Consumer;28.08.2023
C10141;Romania;Consumer;28.10.2023
C10142;ROMANIA;Consumer;24.01.2025
C10143;Romania;Consumer;21.01.2023
C10144;France;Consumer;18.06.2025
C10145;Spain;Corporate;01.03.2026
C10146;United Kingdom;Small Business;27.01.2023
C10147;Germany;Consumer;17.12.2023
C10148;United Kingdom;Small Business;27.07.2024
C10149;United Kingdom;Consumer;10.09.2025
C10150;Spain;Consumer;07.04.2025
C10151;Netherlands;Consumer;17.06.2024
C10152;Romania;Consumer;26.02.2024
C10153;United Kingdom;Consumer;13.04.2024
C10154;France;Small Business;29.05.2025
C10155;Romania;Consumer;12.01.2026
C10156;Germany;Consumer;30.08.2024
C10157;United Kingdom;Consumer;24.02.2026
C10158;United Kingdom;Small Business;18.01.2024
C10159;Romania;Corporate;31.12.2025
C10160;Romania;Consumer;02.01.2023
C10161;Romania;Consumer;14.08.2025
C10162;Germany;Small Business;26.04.2026
C10163;Spain;Consumer;21.12.2023
C10164;Italy;Consumer;19.05.2025
C10165;Romania;Small Business;06.04.2023
C10166;Romania;Consumer;22.12.2025
C10167;France;Consumer;15.09.2024
C10168;United Kingdom;Consumer;25.06.2024
C10169;Germany;Consumer;25.03.2026
C10170;Romania;Corporate;13.10.2023
C10171;Romania;Consumer;09.05.2026
C10172;France;Consumer;25.09.2023
C10173;United Kingdom;Small Business;02.11.2025
C10174;Romania;Small Business;21.09.2025
C10175;Spain;Consumer;25.01.2025
C10176;United Kingdom;Consumer;17.05.2024
C10177;Spain;Consumer;30.05.2024
C10178;Romania;Consumer;19.10.2024
C10179;Romania;Consumer;05.01.2026
C10180;Spain;Small Business;08.09.2024
C10181;Spain;Consumer;13.01.2025
C10182;Netherlands;Consumer;21.06.2025
C10183;France;Consumer;20.03.2026
C10184;Romania;Consumer;02.01.2026
C10185;Romania;Consumer;14.04.2024
C10186;Romania;Consumer;06.01.2026
C10187;Spain;Small Business;20.07.2024
C10188;Romania;Small Business;30.04.2023
C10189;France;Consumer;05.04.2023
C10190;Spain;Consumer;20.09.2023
C10191;Netherlands;Corporate;14.04.2024
C10192;Spain;Small Business;25.05.2024
C10193;Germany;Small Business;18.08.2023
C10194;Germany;Consumer;16.08.2023
C10195;Netherlands;Consumer;11.02.2023
C10196;Romania;Consumer;23.11.2023
C10197;Romania;Small Business;08.04.2025
C10198;Netherlands;Corporate;18.09.2024
C10199;United Kingdom;Consumer;04.04.2024
C10200;Germany;Small Business;12.11.2023
C10201;Romania;Small Business;23.03.2023
C10202;Germany;Small Business;20.05.2023
C10203;Spain;Consumer;14.05.2025
C10204;ROMANIA;Consumer;30.07.2024
C10205;Romania;Corporate;20.05.2026
C10206;Germany;Consumer;08.07.2023
C10207;Italy;Consumer;02.04.2026
C10208;Spain;Consumer;20.04.2023
C10209;Romania;Consumer;24.07.2025
C10210;Germany;Consumer;10.05.2026
C10211;Romania;Consumer;16.07.2023
C10212;Romania;Corporate;30.08.2024
C10213;Romania;Consumer;20.03.2026
C10214;Germany;Corporate;20.10.2025
C10215;Germany;Corporate;06.10.2023
C10216;Romania;Small Business;06.08.2023
C10217;Romania;Consumer;06.03.2024
C10218;Romania;Small Business;11.01.2024
C10219;Romania;Consumer;25.04.2023
C10220;United Kingdom;Consumer;27.09.2024
C10221;Romania;Corporate;09.06.2024
C10222;Romania;Consumer;25.01.2024
C10223;Netherlands;Corporate;20.11.2025
C10224;Romania;Consumer;05.01.2024
C10225;Italy;Consumer;13.02.2026
C10226;Germany;Small Business;15.01.2023
C10227;United Kingdom;Consumer;24.10.2024
C10228;Germany;Consumer;27.04.2026
C10229;Romania;Small Business;01.01.2024
C10230;Italy;Consumer;15.04.2025
C10231;Italy;Consumer;24.07.2025
C10232;Romania;Small Business;12.03.2024
C10233;France;Consumer;26.03.2025
C10234;Germany;Consumer;12.04.2025
C10235;Spain;Consumer;23.08.2024
C10236;France;Consumer;25.04.2024
C10237;Romania;Corporate;29.08.2024
C10238;Italy;Consumer;10.07.2023
C10239;Netherlands;Small Business;21.09.2024
C10240;France;Consumer;19.02.2024
C10241;Romania;Consumer;08.03.2024
C10242;France;Corporate;10.11.2023
C10243;United Kingdom;Consumer;24.10.2024
C10244;Romania;Consumer;10.01.2023
C10245;Italy;Small Business;15.03.2023
C10246;Germany;Small Business;24.09.2023
C10247;Italy;Consumer;24.11.2023
C10248;United Kingdom;Small Business;25.09.2024
C10249;Romania;Corporate;08.07.2023
C10250;Netherlands;Consumer;20.06.2024
C10251;Germany;Small Business;01.08.2024
C10252;Germany;Consumer;18.02.2024
C10253;Romania;Consumer;05.03.2023
C10254;Romania;Consumer;04.03.2025
C10255;United Kingdom;Consumer;17.09.2023
C10256;Romania;Small Business;10.09.2024
C10257;Spain;Consumer;24.06.2025
C10258;Netherlands;Consumer;09.05.2023
C10259;France;Consumer;15.05.2025
C10260;Romania;Consumer;22.04.2024
C10261;United Kingdom;Consumer;04.10.2024
C10262;Romania;Consumer;29.09.2024
C10263;Italy;Consumer;28.04.2024
C10264;Germany;Consumer;16.08.2023
C10265;Spain;Consumer;10.11.2024
C10266;Romania;Consumer;13.05.2024
C10267;Romania;Consumer;20.03.2025
C10268;Netherlands;Small Business;11.03.2024
C10269;Germany;Consumer;25.11.2025
C10270;Italy;Consumer;25.12.2023
C10271;Spain;Consumer;15.10.2025
C10272;Germany;Consumer;02.05.2024
C10273;Romania;Consumer;13.12.2024
C10274;Germany;Consumer;30.03.2023
C10275;Italy;Corporate;05.04.2023
C10276;Netherlands;Consumer;22.06.2026
C10277;Romania;Consumer;10.01.2023
C10278;France;Small Business;09.12.2024
C10279;Romania;Corporate;06.08.2024
C10280;United Kingdom;Consumer;22.03.2025
C10281;France;Consumer;05.01.2023
C10282;Italy;Consumer;22.08.2023
C10283;Romania;Small Business;08.03.2024
C10284;Romania;Consumer;24.03.2026
C10285;Romania;Consumer;29.12.2024
C10286;Romania;Consumer;01.01.2025
C10287;Romania;Consumer;12.06.2024
C10288;Italy;Small Business;23.11.2025
C10289;Romania;Consumer;29.06.2025
C10290;Romania;Consumer;20.07.2024
C10291;France;Consumer;24.01.2024
C10292;Romania;Small Business;21.12.2023
C10293;Romania;Consumer;07.04.2026
C10294;Spain;Corporate;10.06.2023
C10295;Romania;Consumer;05.08.2023
C10296;Romania;Consumer;01.12.2023
C10297;Germany;Consumer;29.11.2025
C10298;Romania;Consumer;27.05.2025
C10299;Romania;Consumer;10.07.2025
C10300;Romania;Consumer;19.09.2024
C10301;Romania;Consumer;21.02.2023
C10302;Italy;Consumer;23.01.2026
C10303;Romania;Small Business;04.05.2025
C10304;Romania;Consumer;02.04.2023
C10305;Romania;Small Business;23.05.2026
C10306;Netherlands;Small Business;02.03.2025
C10307;Romania;Small Business;01.03.2025
C10308;Italy;Consumer;30.03.2024
C10309;Romania;Consumer;26.02.2024
C10310;Spain;Small Business;09.04.2024
C10311;Romania;Consumer;05.03.2023
C10312;Romania;Consumer;28.07.2024
C10313;Germany;Consumer;21.03.2023
C10314;Romania;Consumer;31.01.2025
C10315;France;Consumer;22.09.2023
C10316;United Kingdom;Consumer;25.02.2025
C10317;United Kingdom;Consumer;21.04.2024
C10318;Romania;Consumer;22.12.2023
C10319;United Kingdom;Consumer;04.07.2023
C10320;Romania;Corporate;04.05.2024
C10321;Netherlands;Consumer;30.03.2023
C10322;France;Consumer;15.11.2023
C10323;Germany;Consumer;14.08.2024
C10324;Italy;Consumer;18.03.2025
C10325;Germany;Consumer;09.08.2024
C10326;Germany;Consumer;11.05.2023
C10327;Romania;Small Business;08.07.2025
C10328;United Kingdom;Small Business;24.06.2024
C10329;Romania;Consumer;10.03.2025
C10330;Romania;Small Business;02.06.2026
C10331;France;Consumer;03.03.2023
C10332;Romania;Small Business;15.06.2026
C10333;United Kingdom;Consumer;29.04.2026
C10334;Romania;Consumer;22.10.2024
C10335;Romania;Consumer;04.02.2023
C10336;Italy;Consumer;12.11.2023
C10337;Romania;Small Business;16.10.2023
C10338;United Kingdom;Consumer;14.01.2025
C10339;United Kingdom;Consumer;01.06.2025
C10340;Italy;Consumer;15.09.2024
C10341;Romania;Small Business;30.03.2024
C10342;France;Consumer;24.02.2023
C10343;Romania;Consumer;13.04.2026
C10344;Romania;Consumer;16.06.2026
C10345;Romania;Consumer;11.02.2023
C10346;Romania;Consumer;22.02.2024
C10347;Germany;Small Business;08.06.2026
C10348;Romania;Corporate;24.05.2024
C10349;Romania;Small Business;05.03.2025
C10350;United Kingdom;Consumer;17.10.2024
C10351;Germany;Consumer;19.03.2025
C10352;Romania;Small Business;28.01.2026
C10353;Romania;Consumer;29.04.2024
C10354;Romania;Small Business;16.10.2025
C10355;United Kingdom;Consumer;05.08.2024
C10356;Spain;Small Business;20.09.2023
C10357;Germany;Consumer;06.04.2023
C10358;United Kingdom;Corporate;03.07.2025
C10359;Romania;Consumer;07.02.2025
C10360;Spain;Small Business;20.01.2026
C10361;ROMANIA;Consumer;28.10.2023
C10362;Romania;Consumer;30.06.2025
C10363;Romania;Consumer;30.01.2023
C10364;Romania;Consumer;27.06.2023
C10365;France;Consumer;28.01.2025
C10366;Romania;Consumer;18.11.2024
C10367;Romania;Corporate;25.01.2025
C10368;Romania;Small Business;05.12.2025
C10369;Netherlands;Small Business;29.11.2025
C10370;France;Consumer;07.09.2023
C10371;Spain;Consumer;16.09.2023
C10372;Italy;Consumer;18.11.2024
C10373;Spain;Consumer;06.05.2026
C10374;Romania;Consumer;04.05.2025
C10375;Romania;Small Business;06.07.2023
C10376;Romania;Consumer;21.03.2025
C10377;Romania;Consumer;07.03.2024
C10378;United Kingdom;Consumer;17.05.2023
C10379;Romania;Consumer;27.06.2025
C10380;Romania;Consumer;21.12.2023
C10381;United Kingdom;Consumer;16.09.2025
C10382;Romania;Consumer;05.12.2024
C10383;Romania;Consumer;24.07.2024
C10384;Romania;Small Business;24.09.2023
C10385;United Kingdom;Corporate;09.01.2024
C10386;Romania;Consumer;01.03.2024
C10387;Romania;Consumer;03.06.2025
C10388;Romania;Consumer;13.06.2024
C10389;France;Small Business;13.02.2023
C10390;Romania;Consumer;18.01.2023
C10391;Romania;Consumer;17.12.2023
C10392;Spain;Consumer;13.10.2024
C10393;Italy;Corporate;01.03.2024
C10394;Romania;Consumer;23.06.2026
C10395;Romania;Consumer;23.10.2023
C10396;Romania;Consumer;04.06.2024
C10397;United Kingdom;Consumer;22.05.2024
C10398;Romania;Consumer;17.12.2023
C10399;Spain;Small Business;31.01.2026
C10400;Italy;Small Business;19.11.2023
C10401;Germany;Corporate;14.01.2023
C10402;Romania;Corporate;19.10.2024
C10403;Italy;Consumer;21.03.2025
C10404;United Kingdom;Small Business;04.08.2024
C10405;France;Small Business;21.06.2024
C10406;Romania;Consumer;04.01.2026
C10407;United Kingdom;Small Business;22.04.2024
C10408;France;Corporate;26.03.2025
C10409;Spain;Small Business;04.12.2025
C10410;Germany;Small Business;23.05.2024
C10411;Germany;Consumer;20.11.2024
C10412;Romania;Small Business;07.05.2024
C10413;United Kingdom;Consumer;23.02.2025
C10414;Spain;Consumer;29.11.2024
C10415;Germany;Small Business;23.12.2025
C10416;Romania;Consumer;20.11.2023
C10417;Romania;Consumer;26.07.2023
C10418;United Kingdom;Small Business;23.06.2024
C10419;Italy;Consumer;20.02.2025
C10420;Romania;Consumer;30.12.2023
C10421;Romania;Consumer;27.06.2026
C10422;Spain;Consumer;19.10.2024
C10423;Germany;Consumer;01.11.2025
C10424;Romania;Consumer;28.11.2024
C10425;Romania;Small Business;16.05.2024
C10426;Romania;Consumer;16.12.2025
C10427;Romania;Small Business;21.07.2023
C10428;United Kingdom;Consumer;17.11.2023
C10429;Germany;Consumer;03.09.2025
C10430;United Kingdom;Small Business;28.02.2026
C10431;United Kingdom;Consumer;07.01.2024
C10432;Romania;Corporate;14.11.2024
C10433;Romania;Consumer;12.09.2024
C10434;Romania;Small Business;16.07.2025
C10435;Romania;Consumer;29.09.2024
C10436;France;Small Business;19.02.2025
C10437;Romania;Consumer;03.05.2025
C10438;United Kingdom;Consumer;23.11.2025
C10439;Romania;Consumer;27.06.2023
C10440;Romania;Small Business;26.04.2025
C10441;Romania;Consumer;19.08.2023
C10442;Germany;Consumer;03.07.2025
C10443;United Kingdom;Small Business;12.05.2024
C10444;France;Consumer;03.07.2025
C10445;Romania;Small Business;12.04.2026
C10446;United Kingdom;Small Business;14.06.2023
C10447;France;Consumer;30.07.2024
C10448;Romania;Small Business;07.05.2023
C10449;Romania;Consumer;23.11.2025
C10450;Romania;Consumer;29.06.2026
C10451;Romania;Consumer;13.01.2026
C10452;Italy;Consumer;21.06.2026
C10453;Romania;Small Business;29.02.2024
C10454;Germany;Corporate;21.12.2023
C10455;France;Corporate;30.12.2025
C10456;Romania;Small Business;11.04.2025
C10457;United Kingdom;Consumer;26.04.2024
C10458;Romania;Consumer;26.09.2023
C10459;Germany;Consumer;02.02.2023
C10460;Romania;Small Business;18.02.2023
C10461;Romania;Consumer;05.06.2025
C10462;Romania;Corporate;03.12.2023
C10463;United Kingdom;Consumer;12.11.2025
C10464;United Kingdom;Consumer;15.12.2025
C10465;France;Small Business;30.07.2024
C10466;Romania;Consumer;18.01.2024
C10467;Netherlands;Consumer;10.08.2023
C10468;Romania;Consumer;24.11.2023
C10469;Italy;Corporate;24.02.2025
C10470;France;Consumer;22.08.2025
C10471;Germany;Consumer;31.07.2025
C10472;Romania;Consumer;08.05.2026
C10473;France;Consumer;15.04.2025
C10474;France;Consumer;10.10.2024
C10475;Romania;Consumer;29.03.2024
C10476;France;Consumer;05.03.2024
C10477;Romania;Corporate;14.04.2024
C10478;Germany;Small Business;27.01.2026
C10479;United Kingdom;Small Business;01.12.2024
C10480;Italy;Consumer;09.10.2023
C10481;Romania;Consumer;04.09.2023
C10482;Romania;Consumer;06.02.2023
C10483;Germany;Consumer;15.12.2025
C10484;Romania;Consumer;08.10.2023
C10485;Germany;Consumer;11.05.2023
C10486;Romania;Consumer;05.01.2024
C10487;France;Consumer;12.09.2024
C10488;Romania;Consumer;09.05.2026
C10489;Romania;Consumer;01.01.2026
C10490;Romania;Small Business;07.08.2023
C10491;Romania;Consumer;06.11.2024
C10492;Romania;Small Business;17.11.2025
C10493;Romania;Consumer;28.08.2025
C10494;Germany;Corporate;22.08.2024
C10495;Romania;Consumer;02.11.2023
C10496;Germany;Consumer;28.09.2025
C10497;Italy;Small Business;22.07.2024
C10498;Germany;Consumer;30.10.2023
C10499;Romania;Consumer;28.06.2025
C10500;Romania;Consumer;31.01.2026
C10501;Romania;Corporate;07.02.2026
C10502;Germany;Small Business;11.04.2026
C10503;United Kingdom;Consumer;31.03.2025
C10504;Romania;Small Business;06.09.2025
C10505;Romania;Consumer;06.11.2023
C10506;Romania;Consumer;18.02.2024
C10507;Romania;Consumer;06.07.2023
C10508;Spain;Consumer;14.04.2023
C10509;Romania;Corporate;09.12.2025
C10510;Romania;Small Business;06.08.2024
C10511;Romania;Corporate;07.12.2024
C10512;Romania;Consumer;22.04.2023
C10513;Romania;Consumer;23.08.2023
C10514;Romania;Small Business;08.04.2023
C10515;Romania;Consumer;11.09.2024
C10516;Romania;Small Business;11.01.2025
C10517;Germany;Consumer;11.06.2023
C10518;Germany;Small Business;22.06.2025
C10519;Romania;Small Business;15.05.2023
C10520;Italy;Consumer;06.12.2025
C10521;Romania;Consumer;19.03.2026
C10522;Netherlands;Consumer;27.03.2025
C10523;Spain;Consumer;25.11.2024
C10524;Romania;Small Business;22.07.2025
C10525;Romania;Consumer;14.11.2023
C10526;Italy;Consumer;21.03.2026
C10527;Romania;Consumer;29.01.2026
C10528;Romania;Consumer;06.06.2025
C10529;Germany;Consumer;28.06.2026
C10530;Germany;Small Business;22.01.2024
C10531;Italy;Small Business;02.02.2026
C10532;United Kingdom;Corporate;13.02.2023
C10533;Italy;Consumer;11.08.2025
C10534;France;Consumer;05.01.2024
C10535;United Kingdom;Consumer;12.05.2026
C10536;Germany;Consumer;24.12.2024
C10537;Netherlands;Consumer;09.09.2023
C10538;Spain;Consumer;06.02.2024
C10539;Italy;Consumer;24.01.2026
C10540;France;Consumer;23.10.2025
C10541;Germany;Consumer;02.04.2024
C10542;Romania;Consumer;01.12.2023
C10543;Italy;Small Business;11.02.2023
C10544;Romania;Consumer;07.06.2023
C10545;Romania;Small Business;11.02.2023
C10546;Romania;Consumer;26.02.2024
C10547;Germany;Consumer;28.08.2023
C10548;Germany;Consumer;26.01.2023
C10549;Romania;Consumer;21.09.2025
C10550;Romania;Consumer;26.01.2026
C10551;Romania;Small Business;18.02.2026
C10552;Romania;Small Business;03.12.2025
C10553;Romania;Consumer;13.06.2023
C10554;United Kingdom;Consumer;29.07.2023
C10555;Romania;Consumer;14.12.2025
C10556;Romania;Corporate;20.01.2023
C10557;Romania;Consumer;21.08.2025
C10558;Germany;Consumer;10.06.2023
C10559;Italy;Consumer;08.03.2023
C10560;Romania;Small Business;22.09.2025
C10561;Romania;Consumer;19.04.2023
C10562;United Kingdom;Consumer;18.02.2023
C10563;Romania;Consumer;01.02.2026
C10564;Italy;Small Business;02.12.2023
C10565;Netherlands;Consumer;21.05.2026
C10566;Germany;Corporate;08.11.2024
C10567;Spain;Small Business;02.06.2026
C10568;Romania;Consumer;06.03.2026
C10569;Romania;Corporate;24.02.2025
C10570;Romania;Small Business;15.05.2023
C10571;Romania;Consumer;18.02.2026
C10572;Romania;Small Business;20.03.2024
C10573;Romania;Consumer;18.11.2023
C10574;Germany;Consumer;06.01.2025
C10575;ROMANIA;Consumer;31.03.2024
C10576;United Kingdom;Small Business;02.08.2025
C10577;Romania;Corporate;05.12.2023
C10578;Romania;Consumer;14.03.2026
C10579;Romania;Consumer;08.05.2023
C10580;United Kingdom;Consumer;21.08.2024
C10581;Germany;Small Business;10.05.2026
C10582;France;Consumer;08.12.2025
C10583;Romania;Consumer;12.11.2025
C10584;Romania;Consumer;26.02.2025
C10585;Netherlands;Consumer;27.12.2024
C10586;Romania;Consumer;18.09.2023
C10587;Romania;Consumer;16.01.2024
C10588;Romania;Consumer;09.01.2025
C10589;Romania;Small Business;27.01.2024
C10590;Romania;Consumer;05.02.2024
C10591;Romania;Consumer;16.05.2025
C10592;ROMANIA;Small Business;16.06.2025
C10593;Spain;Consumer;25.09.2024
C10594;Romania;Small Business;30.12.2023
C10595;Romania;Small Business;13.08.2023
C10596;Italy;Consumer;02.12.2023
C10597;Romania;Consumer;16.02.2024
C10598;Italy;Consumer;05.03.2026
C10599;Romania;Consumer;18.11.2024
C10600;United Kingdom;Consumer;30.07.2024
C10601;Spain;Consumer;08.12.2023
C10602;Romania;Consumer;03.09.2025
C10603;France;Consumer;11.12.2025
C10604;United Kingdom;Consumer;07.06.2026
C10605;France;Consumer;12.11.2025
C10606;Romania;Consumer;24.04.2023
C10607;Romania;Consumer;27.01.2026
C10608;Romania;Small Business;12.02.2025
C10609;Netherlands;Corporate;16.10.2024
C10610;Romania;Small Business;20.11.2023
C10611;Romania;Consumer;08.10.2024
C10612;Italy;Consumer;21.01.2025
C10613;Romania;Small Business;10.05.2023
C10614;Germany;Small Business;22.08.2025
C10615;Romania;Corporate;03.10.2025
C10616;United Kingdom;Consumer;07.05.2025
C10617;Romania;Consumer;13.09.2023
C10618;Romania;Consumer;12.01.2024
C10619;Germany;Corporate;04.08.2024
C10620;Romania;Consumer;14.01.2026
C10621;Romania;Small Business;04.11.2025
C10622;Romania;Small Business;02.05.2023
C10623;United Kingdom;Corporate;28.03.2023
C10624;Romania;Consumer;05.03.2023
C10625;Romania;Corporate;30.03.2026
C10626;Romania;Small Business;07.01.2026
C10627;Romania;Small Business;05.10.2023
C10628;United Kingdom;Corporate;15.03.2026
C10629;Romania;Consumer;30.09.2024
C10630;Italy;Small Business;04.02.2024
C10631;United Kingdom;Consumer;26.07.2025
C10632;Italy;Small Business;30.03.2023
C10633;United Kingdom;Small Business;07.06.2023
C10634;Romania;Small Business;23.11.2023
C10635;Netherlands;Consumer;15.02.2025
C10636;France;Small Business;05.12.2025
C10637;Germany;Small Business;19.10.2024
C10638;Romania;Consumer;14.07.2024
C10639;Romania;Consumer;17.01.2025
C10640;United Kingdom;Small Business;15.01.2023
C10641;Romania;Small Business;25.04.2025
C10642;United Kingdom;Consumer;24.10.2025
C10643;Romania;Consumer;20.06.2024
C10644;Germany;Small Business;06.04.2025
C10645;Romania;Small Business;17.01.2024
C10646;Romania;Consumer;09.04.2026
C10647;Romania;Consumer;23.08.2023
C10648;France;Small Business;25.06.2023
C10649;Germany;Corporate;13.04.2026
C10650;Spain;Consumer;09.10.2024
C10651;France;Corporate;27.05.2024
C10652;France;Consumer;07.11.2025
C10653;Germany;Consumer;27.12.2023
C10654;France;Small Business;13.01.2024
C10655;Spain;Consumer;09.03.2023
C10656;United Kingdom;Consumer;23.10.2024
C10657;Romania;Corporate;16.08.2025
C10658;United Kingdom;Consumer;12.06.2026
C10659;Romania;Consumer;04.11.2024
C10660;Romania;Consumer;06.04.2023
C10661;United Kingdom;Consumer;01.09.2023
C10662;Italy;Consumer;26.12.2023
C10663;Romania;Consumer;13.02.2026
C10664;Romania;Consumer;10.01.2025
C10665;Italy;Consumer;06.04.2026
C10666;Romania;Consumer;13.12.2025
C10667;Romania;Corporate;28.01.2026
C10668;United Kingdom;Consumer;23.12.2023
C10669;Italy;Small Business;16.12.2024
C10670;Germany;Corporate;18.03.2023
C10671;Germany;Consumer;21.04.2024
C10672;Romania;Consumer;04.02.2024
C10673;Romania;Consumer;26.07.2023
C10674;France;Corporate;20.03.2023
C10675;Italy;Consumer;26.04.2024
C10676;Romania;Consumer;31.03.2023
C10677;Romania;Small Business;20.02.2025
C10678;Romania;Small Business;20.12.2023
C10679;Romania;Consumer;17.10.2023
C10680;Romania;Consumer;22.05.2023
C10681;Romania;Consumer;15.08.2024
C10682;France;Corporate;04.08.2023
C10683;Romania;Small Business;01.01.2025
C10684;United Kingdom;Consumer;12.06.2026
C10685;Germany;Small Business;22.07.2025
C10686;Italy;Consumer;29.05.2023
C10687;Netherlands;Corporate;27.04.2023
C10688;Romania;Consumer;21.01.2026
C10689;Romania;Consumer;11.01.2026
C10690;France;Consumer;07.04.2024
C10691;Romania;Consumer;04.08.2024
C10692;Romania;Small Business;26.04.2024
C10693;Romania;Consumer;12.01.2025
C10694;Italy;Consumer;24.09.2023
C10695;Romania;Small Business;30.05.2024
C10696;Germany;Consumer;03.08.2023
C10697;Romania;Consumer;20.01.2024
C10698;United Kingdom;Consumer;02.02.2026
C10699;Romania;Corporate;04.01.2024
C10700;Italy;Small Business;23.10.2025
C10701;France;Small Business;04.09.2025
C10702;Romania;Small Business;22.06.2026
C10703;Romania;Consumer;15.07.2023
C10704;France;Consumer;16.05.2024
C10705;France;Small Business;09.12.2025
C10706;Romania;Consumer;11.06.2023
C10707;Romania;Corporate;13.02.2023
C10708;Romania;Consumer;19.01.2023
C10709;Romania;Consumer;15.04.2023
C10710;Romania;Consumer;08.10.2025
C10711;Romania;Consumer;21.03.2024
C10712;Romania;Small Business;24.06.2023
C10713;Italy;Small Business;17.06.2025
C10714;France;Small Business;26.01.2024
C10715;Italy;Corporate;26.06.2023
C10716;United Kingdom;Consumer;13.06.2026
C10717;United Kingdom;Consumer;15.01.2025
C10718;Romania;Small Business;18.07.2024
C10719;United Kingdom;Consumer;21.03.2026
C10720;Romania;Consumer;23.10.2023
C10721;Germany;Consumer;22.01.2025
C10722;Spain;Small Business;19.08.2025
C10723;Italy;Small Business;08.01.2023
C10724;Romania;Consumer;13.12.2023
C10725;France;Consumer;03.05.2023
C10726;Romania;Consumer;08.11.2024
C10727;Romania;Consumer;18.05.2025
C10728;Romania;Consumer;20.07.2023
C10729;Romania;Small Business;01.07.2023
C10730;United Kingdom;Corporate;11.08.2024
C10731;Romania;Small Business;21.05.2024
C10732;Romania;Small Business;19.05.2023
C10733;Netherlands;Corporate;19.05.2025
C10734;Germany;Small Business;13.09.2025
C10735;Romania;Consumer;30.06.2024
C10736;Germany;Small Business;10.04.2024
C10737;Germany;Consumer;24.07.2023
C10738;Romania;Consumer;11.02.2024
C10739;United Kingdom;Consumer;09.10.2024
C10740;Italy;Consumer;22.06.2026
C10741;Romania;Small Business;25.08.2023
C10742;Germany;Small Business;24.11.2025
C10743;Romania;Consumer;02.10.2024
C10744;Italy;Consumer;07.12.2024
C10745;Romania;Small Business;18.01.2024
C10746;Romania;Small Business;19.04.2026
C10747;Netherlands;Consumer;24.03.2023
C10748;Germany;Consumer;27.09.2023
C10749;Romania;Consumer;09.02.2024
C10750;Romania;Corporate;01.01.2025
C10751;Romania;Consumer;24.06.2024
C10752;Netherlands;Small Business;31.03.2026
C10753;Romania;Consumer;24.08.2023
C10754;Romania;Corporate;27.12.2024
C10755;Germany;Consumer;09.09.2024
C10756;Romania;Small Business;28.01.2024
C10757;Romania;Small Business;30.01.2023
C10758;Italy;Small Business;01.11.2025
C10759;Romania;Small Business;13.09.2023
C10760;Italy;Consumer;27.06.2023
C10761;France;Consumer;28.12.2024
C10762;Romania;Consumer;13.07.2023
C10763;United Kingdom;Small Business;26.03.2025
C10764;France;Small Business;21.07.2025
C10765;Germany;Consumer;21.10.2023
C10766;Germany;Small Business;30.03.2023
C10767;Romania;Consumer;04.05.2023
C10768;Romania;Consumer;06.03.2023
C10769;United Kingdom;Consumer;10.09.2024
C10770;Romania;Small Business;28.04.2024
C10771;Romania;Consumer;19.09.2025
C10772;Germany;Corporate;22.05.2024
C10773;Romania;Small Business;10.04.2025
C10774;France;Consumer;22.08.2024
C10775;France;Consumer;30.06.2024
C10776;Italy;Small Business;03.08.2025
C10777;;Small Business;10.10.2024
C10778;Romania;Consumer;26.12.2024
C10779;Italy;Consumer;28.07.2024
C10780;Romania;Consumer;29.06.2025
C10781;United Kingdom;Consumer;24.01.2024
C10782;Germany;Consumer;05.03.2023
C10783;Romania;Small Business;24.06.2024
C10784;Romania;Consumer;07.02.2024
C10785;United Kingdom;Small Business;18.02.2026
C10786;Romania;Consumer;05.10.2023
C10787;Italy;Consumer;29.06.2024
C10788;Germany;Corporate;05.07.2024
C10789;Romania;Consumer;11.10.2023
C10790;United Kingdom;Consumer;13.01.2023
C10791;Romania;Consumer;19.06.2026
C10792;Romania;Consumer;12.04.2025
C10793;Netherlands;Small Business;08.06.2024
C10794;United Kingdom;Small Business;23.08.2023
C10795;Germany;Small Business;02.09.2024
C10796;Italy;Corporate;14.12.2023
C10797;Germany;Consumer;13.10.2023
C10798;Romania;Consumer;06.05.2026
C10799;Romania;Consumer;17.04.2025
C10800;Romania;Small Business;29.01.2024
C10801;Romania;Consumer;22.09.2023
C10802;Romania;Consumer;08.09.2025
C10803;France;Corporate;17.02.2025
C10804;Romania;Consumer;26.12.2025
C10805;Germany;Consumer;24.08.2025
C10806;Italy;Consumer;28.05.2024
C10807;Netherlands;Consumer;12.04.2025
C10808;Romania;Consumer;30.04.2024
C10809;Spain;Consumer;26.04.2023
C10810;France;Consumer;10.02.2023
C10811;Romania;Small Business;12.04.2023
C10812;Romania;Consumer;19.03.2026
C10813;Romania;Small Business;10.12.2025
C10814;United Kingdom;Small Business;13.05.2024
C10815;Germany;Small Business;28.02.2026
C10816;Germany;Corporate;29.07.2025
C10817;France;Consumer;23.06.2023
C10818;Romania;Consumer;15.10.2023
C10819;Romania;Consumer;24.04.2024
C10820;Italy;Consumer;23.10.2025
C10821;Netherlands;Small Business;14.04.2025
C10822;France;Consumer;16.05.2024
C10823;Romania;Consumer;02.12.2025
C10824;Romania;Consumer;19.02.2024
C10825;Romania;Small Business;05.03.2026
C10826;Romania;Consumer;09.07.2025
C10827;Romania;Consumer;10.06.2025
C10828;Spain;Small Business;22.04.2023
C10829;United Kingdom;Small Business;08.07.2023
C10830;Romania;Consumer;08.06.2026
C10831;Romania;Consumer;07.09.2025
C10832;Romania;Small Business;25.11.2023
C10833;Romania;Consumer;01.01.2026
C10834;United Kingdom;Corporate;28.01.2024
C10835;Romania;Small Business;24.03.2024
C10836;Italy;Consumer;23.01.2024
C10837;Romania;Small Business;22.09.2024
C10838;Romania;Corporate;29.08.2025
C10839;Netherlands;Consumer;01.08.2023
C10840;Romania;Consumer;19.05.2026
C10841;Romania;Small Business;24.01.2024
C10842;United Kingdom;Consumer;20.05.2026
C10843;Romania;Small Business;14.01.2026
C10844;Romania;Consumer;29.11.2024
C10845;Romania;Consumer;24.04.2023
C10846;Romania;Consumer;02.01.2025
C10847;Germany;Small Business;30.08.2025
C10848;Romania;Consumer;07.06.2026
C10849;France;Consumer;05.05.2023
C10850;Italy;Consumer;08.08.2025
C10851;Romania;Consumer;09.01.2024
C10852;Romania;Consumer;14.08.2025
C10853;Romania;Corporate;13.01.2025
C10854;Romania;Small Business;10.01.2026
C10855;Romania;Consumer;05.01.2023
C10856;France;Consumer;06.10.2024
C10857;Romania;Corporate;11.05.2025
C10858;Germany;Small Business;28.04.2024
C10859;United Kingdom;Small Business;08.02.2024
C10860;Italy;Consumer;22.02.2024
C10861;Romania;Consumer;13.08.2025
C10862;Romania;Consumer;22.09.2023
C10863;Netherlands;Consumer;29.05.2026
C10864;Romania;Consumer;24.09.2023
C10865;United Kingdom;Small Business;15.06.2024
C10866;United Kingdom;Consumer;21.06.2026
C10867;Germany;Consumer;08.02.2023
C10868;Romania;Small Business;05.03.2024
C10869;Romania;Corporate;19.12.2025
C10870;Germany;Consumer;08.02.2024
C10871;Germany;Consumer;17.12.2023
C10872;France;Small Business;02.01.2023
C10873;United Kingdom;Corporate;09.07.2023
C10874;Spain;Consumer;08.09.2023
C10875;Netherlands;Consumer;26.01.2026
C10876;United Kingdom;Small Business;28.11.2024
C10877;Romania;Small Business;24.10.2023
C10878;Romania;Consumer;29.10.2025
C10879;Germany;Consumer;11.02.2025
C10880;Germany;Small Business;07.02.2024
C10881;Romania;Small Business;21.11.2023
C10882;Germany;Consumer;09.10.2023
C10883;Romania;Small Business;28.06.2025
C10884;Romania;Small Business;02.07.2025
C10885;Italy;Consumer;07.04.2025
C10886;Romania;Consumer;24.07.2024
C10887;Germany;Consumer;11.10.2024
C10888;Germany;Corporate;19.02.2026
C10889;Germany;Consumer;09.12.2024
C10890;Romania;Small Business;22.02.2025
C10891;Germany;Consumer;17.10.2023
C10892;Romania;Small Business;04.08.2024
C10893;United Kingdom;Corporate;28.01.2023
C10894;Romania;Corporate;11.08.2024
C10895;Netherlands;Small Business;18.10.2025
C10896;France;Consumer;05.05.2025
C10897;Romania;Consumer;08.02.2026
C10898;Romania;Consumer;10.03.2024
C10899;Romania;Small Business;23.07.2025
C10900;United Kingdom;Consumer;22.06.2025
C10901;United Kingdom;Consumer;16.10.2025
C10902;United Kingdom;Consumer;25.08.2024
C10903;Italy;Small Business;12.03.2024
C10904;Romania;Consumer;15.01.2025
C10905;United Kingdom;Consumer;05.05.2024
C10906;Romania;Consumer;01.06.2025
C10907;United Kingdom;Consumer;09.01.2026
C10908;Romania;Small Business;03.02.2023
C10909;France;Small Business;03.03.2025
C10910;Romania;Small Business;24.06.2024
C10911;Romania;Consumer;14.05.2023
C10912;Romania;Consumer;14.10.2023
C10913;Spain;Small Business;19.11.2025
C10914;Germany;Consumer;10.04.2024
C10915;Romania;Small Business;22.04.2023
C10916;Romania;Corporate;14.08.2025
C10917;Romania;Consumer;30.10.2023
C10918;Italy;Small Business;08.04.2024
C10919;Netherlands;Consumer;08.09.2023
C10920;Italy;Consumer;01.08.2025
C10921;Italy;Consumer;17.03.2026
C10922;Romania;Consumer;25.05.2026
C10923;Romania;Corporate;06.04.2023
C10924;Germany;Consumer;24.03.2026
C10925;United Kingdom;Small Business;21.03.2025
C10926;Romania;Consumer;22.11.2025
C10927;France;Consumer;24.12.2025
C10928;Romania;Consumer;23.02.2024
C10929;Romania;Small Business;17.05.2024
C10930;Romania;Small Business;17.02.2026
C10931;Italy;Corporate;22.07.2025
C10932;France;Consumer;15.10.2024
C10933;Germany;Consumer;01.05.2025
C10934;France;Consumer;29.03.2024
C10935;France;Small Business;08.06.2026
C10936;Romania;Consumer;31.03.2023
C10937;France;Consumer;03.01.2025
C10938;Romania;Small Business;26.02.2023
C10939;Germany;Consumer;02.07.2024
C10940;Romania;Small Business;10.10.2024
C10941;Romania;Corporate;04.12.2025
C10942;Germany;Consumer;12.04.2026
C10943;Romania;Consumer;14.08.2025
C10944;Romania;Corporate;15.05.2026
C10945;United Kingdom;Small Business;09.06.2023
C10946;United Kingdom;Consumer;01.11.2024
C10947;Romania;Small Business;30.01.2025
C10948;Romania;Consumer;09.04.2023
C10949;Romania;Small Business;25.01.2025
C10950;Italy;Consumer;24.02.2023
C10951;Italy;Consumer;16.03.2025
C10952;Romania;Small Business;10.10.2023
C10953;United Kingdom;Consumer;16.04.2026
C10954;Germany;Small Business;21.02.2024
C10955;Netherlands;Small Business;07.02.2025
C10956;Romania;Corporate;16.02.2025
C10957;Germany;Consumer;15.01.2026
C10958;Germany;Consumer;05.03.2024
C10959;Romania;Consumer;02.04.2024
C10960;Romania;Consumer;21.05.2025
C10961;Romania;Consumer;15.03.2023
C10962;Romania;Consumer;07.12.2024
C10963;United Kingdom;Consumer;23.04.2024
C10964;United Kingdom;Corporate;01.06.2026
C10965;Romania;Consumer;10.11.2024
C10966;Italy;Consumer;29.11.2025
C10967;Romania;Small Business;06.07.2023
C10968;Netherlands;Consumer;17.03.2025
C10969;Romania;Small Business;17.05.2025
C10970;Italy;Small Business;18.07.2024
C10971;Spain;Small Business;11.09.2023
C10972;Italy;Small Business;12.08.2024
C10973;France;Small Business;07.03.2023
C10974;Romania;Corporate;24.04.2023
C10975;United Kingdom;Consumer;30.06.2023
C10976;Germany;Consumer;24.06.2023
C10977;Romania;Small Business;20.09.2023
C10978;Netherlands;Consumer;23.08.2023
C10979;Romania;Consumer;08.03.2025
C10980;Romania;Small Business;23.05.2023
C10981;Spain;Consumer;13.06.2025
C10982;Romania;Consumer;03.06.2024
C10983;Romania;Small Business;18.05.2024
C10984;Romania;Consumer;12.10.2024
C10985;France;Consumer;11.02.2023
C10986;Italy;Small Business;30.09.2024
C10987;Romania;Small Business;28.10.2024
C10988;United Kingdom;Consumer;13.08.2025
C10989;Germany;Consumer;04.07.2023
C10990;United Kingdom;Consumer;07.03.2023
C10991;United Kingdom;Small Business;13.03.2023
C10992;Spain;Consumer;08.05.2026
C10993;Romania;Corporate;15.03.2024
C10994;Romania;Small Business;29.10.2023
C10995;Germany;Consumer;23.06.2023
C10996;Romania;Consumer;24.11.2023
C10997;Romania;Corporate;14.07.2024
C10998;Romania;Small Business;22.05.2026
C10999;Romania;Consumer;29.08.2025
C11000;Spain;Consumer;22.12.2025
C11001;Romania;Small Business;02.03.2023
C11002;Germany;Small Business;02.01.2025
C11003;France;Consumer;29.09.2024
C11004;Romania;Consumer;07.09.2023
C11005;Romania;Corporate;26.09.2024
C11006;Romania;Consumer;15.01.2025
C11007;Germany;Consumer;03.01.2023
C11008;Romania;Consumer;05.06.2026
C11009;United Kingdom;Consumer;31.07.2025
C11010;Romania;Consumer;27.03.2026
C11011;Romania;Consumer;25.04.2023
C11012;Romania;Consumer;18.03.2023
C11013;Romania;Consumer;04.04.2026
C11014;Romania;Consumer;05.04.2026
C11015;Spain;Consumer;26.03.2025
C11016;Romania;Consumer;13.09.2023
C11017;Germany;Consumer;03.01.2024
C11018;Germany;Consumer;10.10.2025
C11019;United Kingdom;Small Business;26.03.2026
C11020;United Kingdom;Consumer;06.05.2025
C11021;Romania;Small Business;25.05.2024
C11022;United Kingdom;Consumer;14.11.2025
C11023;Romania;Consumer;29.11.2023
C11024;France;Consumer;14.06.2023
C11025;Romania;Consumer;05.05.2024
C11026;United Kingdom;Consumer;19.08.2024
C11027;United Kingdom;Small Business;19.02.2025
C11028;United Kingdom;Consumer;28.05.2025
C11029;Romania;Consumer;12.07.2025
C11030;United Kingdom;Consumer;18.09.2023
C11031;France;Corporate;24.04.2025
C11032;Germany;Consumer;27.02.2023
C11033;Romania;Consumer;21.03.2026
C11034;Romania;Consumer;17.07.2024
C11035;Romania;Corporate;05.05.2026
C11036;France;Corporate;12.01.2026
C11037;Romania;Consumer;09.09.2023
C11038;United Kingdom;Consumer;23.05.2023
C11039;France;Small Business;10.03.2026
C11040;United Kingdom;Consumer;19.09.2024
C11041;United Kingdom;Consumer;17.05.2023
C11042;United Kingdom;Consumer;16.02.2025
C11043;Germany;Consumer;05.05.2026
C11044;Romania;Consumer;06.02.2025
C11045;Italy;Small Business;27.11.2023
C11046;Netherlands;Small Business;06.03.2024
C11047;Romania;Consumer;06.12.2023
C11048;Spain;Consumer;17.11.2024
C11049;Netherlands;Consumer;21.06.2024
C11050;Germany;Small Business;13.03.2024
C11051;United Kingdom;Consumer;06.02.2023
C11052;United Kingdom;Consumer;22.11.2025
C11053;Romania;Consumer;21.10.2025
C11054;Romania;Consumer;09.06.2023
C11055;Romania;Consumer;18.10.2023
C11056;France;Consumer;14.07.2024
C11057;Romania;Small Business;30.01.2025
C11058;France;Consumer;03.03.2026
C11059;United Kingdom;Small Business;08.06.2025
C11060;United Kingdom;Consumer;21.03.2025
C11061;Romania;Consumer;07.08.2025
C11062;Romania;Small Business;13.02.2025
C11063;Romania;Corporate;01.04.2026
C11064;Romania;Consumer;23.06.2026
C11065;Romania;Small Business;30.07.2024
C11066;Romania;Consumer;29.01.2023
C11067;Romania;Small Business;22.06.2026
C11068;Germany;Consumer;13.02.2024
C11069;Romania;Consumer;09.12.2023
C11070;Romania;Consumer;09.06.2023
C11071;Italy;Consumer;30.08.2025
C11072;Germany;Consumer;24.08.2023
C11073;Spain;Small Business;15.05.2026
C11074;United Kingdom;Consumer;03.10.2023
C11075;Romania;Consumer;03.04.2023
C11076;Spain;Consumer;10.03.2025
C11077;Italy;Consumer;20.09.2023
C11078;United Kingdom;Small Business;14.12.2023
C11079;Germany;Small Business;15.05.2023
C11080;Romania;Consumer;08.10.2023
C11081;Germany;Consumer;30.07.2025
C11082;France;Consumer;28.11.2023
C11083;Germany;Corporate;27.05.2024
C11084;Romania;Consumer;19.09.2024
C11085;Romania;Consumer;15.11.2024
C11086;Romania;Consumer;22.11.2025
C11087;Romania;Consumer;18.06.2023
C11088;Romania;Consumer;18.10.2023
C11089;Italy;Corporate;18.08.2025
C11090;Romania;Consumer;27.12.2025
C11091;Romania;Consumer;18.06.2024
C11092;Romania;Consumer;08.01.2023
C11093;Germany;Consumer;30.11.2025
C11094;United Kingdom;Corporate;19.02.2025
C11095;Germany;Small Business;02.11.2024
C11096;Spain;Corporate;11.05.2024
C11097;Netherlands;Small Business;08.06.2025
C11098;Italy;Consumer;04.01.2024
C11099;France;Consumer;02.04.2024
C11100;Romania;Consumer;08.09.2025
C11101;Germany;Small Business;19.04.2024
C11102;Romania;Small Business;22.04.2026
C11103;France;Consumer;10.07.2024
C11104;Romania;Consumer;18.12.2024
C11105;Romania;Small Business;22.03.2025
C11106;Romania;Consumer;10.06.2025
C11107;Germany;Consumer;08.10.2024
C11108;United Kingdom;Consumer;08.04.2024
C11109;Romania;Consumer;23.10.2025
C11110;Germany;Consumer;02.07.2025
C11111;Romania;Small Business;11.03.2023
C11112;France;Small Business;08.03.2025
C11113;Romania;Consumer;23.02.2026
C11114;Romania;Consumer;15.12.2024
C11115;United Kingdom;Consumer;27.03.2026
C11116;Germany;Consumer;12.05.2024
C11117;Italy;Consumer;28.09.2024
C11118;Germany;Small Business;09.05.2023
C11119;Spain;Small Business;24.03.2023
C11120;Romania;Consumer;30.12.2024
C11121;Romania;Small Business;07.02.2023
C11122;Netherlands;Consumer;23.03.2023
C11123;Romania;Small Business;03.08.2024
C11124;France;Consumer;21.10.2023
C11125;Romania;Small Business;18.08.2023
C11126;Germany;Consumer;09.10.2024
C11127;Romania;Consumer;23.02.2024
C11128;Germany;Consumer;22.02.2025
C11129;France;Small Business;27.06.2024
C11130;Romania;Corporate;05.09.2023
C11131;Romania;Consumer;17.06.2025
C11132;Romania;Small Business;05.04.2026
C11133;Romania;Consumer;16.07.2025
C11134;Romania;Small Business;20.08.2023
C11135;Spain;Small Business;12.12.2024
C11136;Romania;Consumer;16.07.2023
C11137;Romania;Consumer;03.02.2023
C11138;Romania;Consumer;27.07.2023
C11139;Romania;Consumer;29.10.2025
C11140;Romania;Consumer;01.04.2026
C11141;United Kingdom;Small Business;01.02.2025
C11142;United Kingdom;Small Business;26.01.2026
C11143;France;Consumer;06.06.2024
C11144;Romania;Corporate;12.02.2023
C11145;Germany;Small Business;27.02.2026
C11146;Italy;Consumer;16.07.2025
C11147;Italy;Corporate;20.04.2025
C11148;Spain;Small Business;04.04.2023
C11149;Romania;Consumer;13.05.2026
C11150;Netherlands;Corporate;07.04.2023
C11151;France;Consumer;20.01.2023
C11152;France;Consumer;08.04.2023
C11153;United Kingdom;Consumer;15.04.2026
C11154;Netherlands;Small Business;24.11.2025
C11155;Romania;Corporate;25.05.2023
C11156;France;Consumer;29.06.2024
C11157;United Kingdom;Consumer;05.11.2024
C11158;France;Consumer;11.12.2024
C11159;France;Small Business;15.09.2023
C11160;Romania;Consumer;09.02.2023
C11161;Romania;Consumer;23.02.2026
C11162;Romania;Consumer;04.03.2025
C11163;France;Consumer;07.06.2026
C11164;United Kingdom;Corporate;02.01.2026
C11165;Italy;Corporate;28.10.2023
C11166;France;Consumer;25.04.2023
C11167;Germany;Small Business;17.04.2025
C11168;Romania;Small Business;14.10.2023
C11169;United Kingdom;Consumer;16.05.2025
C11170;Italy;Consumer;19.05.2026
C11171;United Kingdom;Small Business;17.05.2026
C11172;Italy;Consumer;17.11.2023
C11173;Netherlands;Small Business;09.09.2024
C11174;Romania;Consumer;21.06.2025
C11175;United Kingdom;Small Business;31.10.2023
C11176;Germany;Consumer;19.12.2024
C11177;Romania;Consumer;04.04.2024
C11178;Romania;Consumer;02.01.2025
C11179;Romania;Consumer;27.03.2025
C11180;Romania;Small Business;23.01.2026
C11181;United Kingdom;Small Business;25.08.2024
C11182;Romania;Consumer;02.01.2024
C11183;Romania;Consumer;12.04.2023
C11184;Germany;Consumer;11.06.2025
C11185;Romania;Consumer;27.10.2025
C11186;Italy;Corporate;07.06.2024
C11187;Romania;Consumer;07.01.2026
C11188;Romania;Small Business;28.08.2024
C11189;Netherlands;Consumer;02.09.2024
C11190;Italy;Consumer;01.03.2023
C11191;United Kingdom;Small Business;29.10.2024
C11192;France;Small Business;29.01.2025
C11193;Romania;Consumer;19.09.2024
C11194;France;Small Business;17.11.2024
C11195;Romania;Small Business;11.06.2025
C11196;Germany;Consumer;11.05.2023
C11197;Romania;Consumer;07.11.2024
C11198;France;;07.07.2024
C11199;Romania;Consumer;18.03.2024
C11200;Romania;Small Business;25.07.2024
C11201;Romania;Consumer;16.05.2025
C11202;United Kingdom;Consumer;27.06.2026
C11203;Romania;Consumer;10.10.2023
C11204;Germany;Consumer;04.03.2023
C11205;Romania;Consumer;21.03.2024
C11206;France;Small Business;03.02.2024
C11207;Romania;Small Business;30.03.2023
C11208;Spain;Corporate;24.09.2024
C11209;Romania;Small Business;23.10.2024
C11210;Romania;Consumer;17.12.2025
C11211;Romania;Small Business;10.06.2025
C11212;Romania;Small Business;11.08.2024
C11213;Romania;Consumer;19.04.2025
C11214;Romania;Consumer;07.01.2024
C11215;Italy;Consumer;19.07.2023
C11216;Germany;Consumer;14.11.2024
C11217;Romania;Consumer;25.09.2024
C11218;Romania;Consumer;15.01.2024
C11219;Romania;Consumer;21.02.2026
C11220;Romania;Small Business;30.11.2024
C11221;;Consumer;25.12.2024
C11222;Romania;Consumer;30.05.2025
C11223;Romania;Small Business;06.01.2024
C11224;Spain;Small Business;08.11.2024
C11225;United Kingdom;Consumer;18.02.2026
C11226;Spain;Consumer;16.02.2025
C11227;Romania;Consumer;22.12.2025
C11228;Italy;Small Business;19.02.2023
C11229;Romania;Small Business;08.07.2025
C11230;Romania;Consumer;20.04.2025
C11231;France;Corporate;19.02.2026
C11232;Romania;Small Business;22.05.2026
C11233;Romania;Small Business;27.06.2023
C11234;France;Consumer;19.09.2024
C11235;United Kingdom;;04.04.2026
C11236;Germany;Consumer;21.10.2025
C11237;Romania;Consumer;10.05.2023
C11238;Romania;Consumer;01.12.2024
C11239;Netherlands;Consumer;20.03.2024
C11240;Romania;Consumer;17.06.2025
C11241;Romania;Consumer;16.10.2024
C11242;Romania;Consumer;31.01.2024
C11243;Spain;Consumer;16.06.2024
C11244;France;Small Business;18.05.2026
C11245;Romania;Small Business;11.04.2024
C11246;Spain;Consumer;02.10.2023
C11247;Romania;Consumer;24.05.2023
C11248;Italy;Consumer;23.07.2023
C11249;Romania;Small Business;09.03.2023
C11250;Romania;Small Business;28.02.2023
C11251;Romania;Consumer;11.11.2024
C11252;Netherlands;Corporate;21.11.2024
C11253;Spain;Small Business;12.10.2025
C11254;Germany;Small Business;28.02.2025
C11255;Romania;Small Business;02.09.2023
C11256;Romania;Consumer;08.04.2025
C11257;Romania;Corporate;19.07.2024
C11258;Romania;Corporate;08.08.2023
C11259;Romania;Small Business;09.04.2025
C11260;United Kingdom;Small Business;11.04.2025
C11261;United Kingdom;Corporate;23.06.2024
C11262;Spain;Small Business;30.07.2023
C11263;Romania;Consumer;07.02.2023
C11264;Romania;Consumer;21.08.2025
C11265;Germany;Consumer;18.07.2023
C11266;Romania;Small Business;18.12.2023
C11267;United Kingdom;Consumer;11.05.2025
C11268;France;Consumer;13.11.2025
C11269;Romania;Corporate;13.04.2024
C11270;Romania;Consumer;12.02.2026
C11271;Italy;Consumer;14.04.2024
C11272;Germany;Small Business;16.04.2023
C11273;Germany;Consumer;08.07.2025
C11274;United Kingdom;Consumer;22.04.2025
C11275;Germany;Consumer;27.06.2026
C11276;Romania;Corporate;07.05.2023
C11277;France;Consumer;03.11.2024
C11278;Spain;Consumer;24.06.2025
C11279;Romania;Consumer;26.05.2024
C11280;Romania;Small Business;01.12.2023
C11281;United Kingdom;Consumer;10.01.2024
C11282;Germany;Consumer;14.01.2023
C11283;Romania;Small Business;07.03.2025
C11284;;Corporate;20.09.2025
C11285;United Kingdom;Consumer;29.07.2024
C11286;Germany;Consumer;20.02.2023
C11287;Romania;Small Business;13.09.2025
C11288;Romania;Consumer;04.03.2026
C11289;;Small Business;13.02.2025
C11290;Spain;Consumer;22.04.2023
C11291;Germany;Consumer;09.06.2024
C11292;Romania;Consumer;27.12.2024
C11293;Spain;Consumer;01.05.2026
C11294;Romania;Small Business;28.09.2024
C11295;Germany;Small Business;15.01.2023
C11296;Romania;Small Business;17.06.2025
C11297;France;Small Business;29.05.2025
C11298;United Kingdom;Consumer;28.10.2023
C11299;France;Corporate;08.06.2024
C11300;Romania;Small Business;24.02.2023
C11301;Romania;Consumer;05.06.2023
C11302;Romania;Small Business;01.02.2024
C11303;Netherlands;Small Business;29.04.2023
C11304;Romania;Consumer;19.12.2023
C11305;United Kingdom;Consumer;08.04.2025
C11306;United Kingdom;Consumer;03.05.2024
C11307;Romania;Corporate;08.07.2023
C11308;Romania;Small Business;07.03.2025
C11309;Romania;Small Business;28.12.2025
C11310;Germany;Corporate;23.01.2025
C11311;Netherlands;Consumer;01.02.2024
C11312;Romania;Corporate;26.10.2025
C11313;Netherlands;Consumer;14.03.2024
C11314;Romania;Small Business;20.01.2023
C11315;Romania;Consumer;22.04.2025
C11316;Spain;Consumer;06.07.2025
C11317;Italy;Consumer;08.10.2023
C11318;Romania;Consumer;25.04.2024
C11319;United Kingdom;Consumer;09.01.2023
C11320;Italy;Consumer;22.08.2024
C11321;France;Consumer;22.07.2024
C11322;United Kingdom;Corporate;26.11.2023
C11323;Romania;Consumer;04.11.2024
C11324;Romania;Consumer;16.05.2025
C11325;United Kingdom;Consumer;22.07.2024
C11326;Germany;Small Business;12.10.2025
C11327;Romania;Consumer;07.08.2024
C11328;Romania;Corporate;06.06.2024
C11329;Romania;Consumer;29.04.2025
C11330;Germany;Consumer;07.08.2023
C11331;Romania;Corporate;15.12.2025
C11332;Romania;Consumer;10.02.2025
C11333;Romania;Consumer;11.04.2024
C11334;Italy;Corporate;27.10.2023
C11335;Germany;Consumer;05.10.2025
C11336;Romania;Consumer;18.01.2023
C11337;Romania;Consumer;21.03.2023
C11338;Romania;Small Business;14.02.2025
C11339;Germany;Small Business;04.09.2024
C11340;Germany;Consumer;08.08.2023
C11341;United Kingdom;Consumer;24.04.2024
C11342;United Kingdom;Consumer;25.09.2025
C11343;Romania;Consumer;17.08.2024
C11344;Romania;Small Business;04.11.2024
C11345;Romania;Consumer;27.04.2023
C11346;Romania;Small Business;09.07.2025
C11347;Romania;Small Business;27.06.2023
C11348;France;Consumer;25.10.2023
C11349;Romania;Small Business;10.01.2024
C11350;United Kingdom;Small Business;03.07.2024
C11351;Romania;Consumer;16.12.2023
C11352;Romania;Consumer;06.11.2025
C11353;United Kingdom;Small Business;06.05.2024
C11354;Romania;Small Business;15.02.2023
C11355;Romania;Small Business;06.08.2024
C11356;Romania;Consumer;07.06.2023
C11357;United Kingdom;Small Business;10.10.2023
C11358;Romania;Small Business;24.01.2025
C11359;Spain;Consumer;01.03.2025
C11360;Netherlands;Consumer;30.04.2025
C11361;France;Consumer;24.04.2024
C11362;Romania;Small Business;05.12.2025
C11363;United Kingdom;Consumer;18.03.2023
C11364;Romania;Small Business;28.04.2024
C11365;Italy;Consumer;07.11.2023
C11366;Germany;Small Business;22.02.2023
C11367;Romania;Consumer;15.12.2024
C11368;Romania;Small Business;14.03.2023
C11369;France;Consumer;13.02.2025
C11370;Italy;Small Business;26.12.2025
C11371;Germany;Corporate;17.10.2025
C11372;Germany;Consumer;19.05.2025
C11373;France;;10.11.2023
C11374;Italy;Consumer;13.04.2025
C11375;France;Consumer;18.12.2024
C11376;Romania;Small Business;22.09.2024
C11377;United Kingdom;Consumer;30.08.2024
C11378;Italy;Small Business;30.06.2023
C11379;Romania;Consumer;18.12.2025
C11380;Romania;Corporate;03.12.2025
C11381;Romania;Consumer;20.07.2025
C11382;Romania;Corporate;29.11.2024
C11383;France;Consumer;18.06.2023
C11384;Romania;Corporate;20.03.2025
C11385;Germany;Consumer;08.05.2026
C11386;Romania;Consumer;19.06.2023
C11387;Italy;Small Business;29.03.2024
C11388;Italy;Consumer;01.03.2026
C11389;Germany;Consumer;03.05.2026
C11390;United Kingdom;Consumer;22.07.2024
C11391;Romania;Small Business;30.12.2023
C11392;Italy;Small Business;02.01.2024
C11393;United Kingdom;Consumer;21.08.2024
C11394;Romania;Small Business;12.02.2024
C11395;Netherlands;Consumer;03.12.2024
C11396;Romania;Consumer;12.04.2023
C11397;United Kingdom;Consumer;23.03.2023
C11398;Romania;Consumer;07.01.2023
C11399;United Kingdom;Small Business;02.07.2025
C11400;Romania;Consumer;24.03.2026
C11401;Romania;Consumer;14.05.2023
C11402;Romania;Consumer;13.03.2026
C11403;Netherlands;Small Business;29.07.2023
C11404;Romania;Consumer;03.03.2023
C11405;United Kingdom;Consumer;06.01.2024
C11406;Germany;Small Business;09.01.2024
C11407;Italy;Consumer;10.05.2026
C11408;Romania;Small Business;26.05.2026
C11409;Germany;Consumer;04.01.2026
C11410;Spain;Consumer;16.09.2024
C11411;Romania;Consumer;08.05.2025
C11412;Romania;Consumer;11.11.2024
C11413;Italy;Consumer;07.03.2026
C11414;Romania;Small Business;28.09.2023
C11415;Romania;Consumer;04.05.2026
C11416;Romania;Consumer;17.06.2024
C11417;France;Consumer;04.04.2026
C11418;Spain;Small Business;10.06.2026
C11419;United Kingdom;Corporate;18.12.2025
C11420;United Kingdom;Consumer;06.10.2025
C11421;Romania;Small Business;08.07.2024
C11422;Romania;Small Business;08.06.2025
C11423;Romania;Consumer;09.11.2023
C11424;Romania;Consumer;22.12.2023
C11425;Romania;Consumer;04.08.2025
C11426;United Kingdom;Consumer;31.08.2025
C11427;Romania;Small Business;30.11.2023
C11428;Romania;Small Business;18.05.2026
C11429;Romania;Consumer;20.05.2025
C11430;Romania;Consumer;14.06.2026
C11431;Romania;Corporate;02.09.2024
C11432;Romania;Consumer;04.02.2025
C11433;Romania;Consumer;12.04.2025
C11434;Germany;Corporate;25.07.2023
C11435;France;Consumer;23.12.2023
C11436;Italy;Consumer;15.05.2026
C11437;France;Small Business;09.05.2025
C11438;United Kingdom;Consumer;21.11.2024
C11439;Spain;Consumer;04.01.2023
C11440;Germany;Small Business;18.02.2023
C11441;United Kingdom;Consumer;11.12.2024
C11442;Romania;Consumer;14.04.2023
C11443;Romania;Consumer;01.07.2023
C11444;Romania;Small Business;06.01.2025
C11445;Romania;Consumer;11.05.2026
C11446;France;Consumer;01.12.2025
C11447;Romania;Consumer;16.08.2024
C11448;United Kingdom;Consumer;16.04.2026
C11449;Italy;Small Business;12.02.2025
C11450;Germany;Small Business;20.04.2026
C11451;Romania;Consumer;31.10.2023
C11452;Romania;Small Business;08.01.2025
C11453;Romania;Small Business;23.03.2026
C11454;Netherlands;Small Business;06.06.2026
C11455;United Kingdom;Consumer;02.01.2026
C11456;United Kingdom;Consumer;10.07.2023
C11457;Germany;Small Business;28.02.2025
C11458;United Kingdom;Consumer;01.05.2023
C11459;United Kingdom;Consumer;03.05.2024
C11460;Romania;Consumer;08.02.2023
C11461;Romania;Consumer;26.08.2025
C11462;Romania;Consumer;14.09.2025
C11463;Germany;Consumer;28.04.2023
C11464;Italy;Consumer;15.03.2026
C11465;Germany;Consumer;07.12.2025
C11466;Germany;Consumer;07.12.2025
C11467;Spain;Consumer;24.07.2024
C11468;Romania;Corporate;13.04.2026
C11469;Romania;Consumer;08.06.2026
C11470;Spain;Consumer;30.11.2024
C11471;Spain;Small Business;27.04.2024
C11472;United Kingdom;Consumer;31.08.2025
C11473;Romania;Consumer;26.02.2023
C11474;Netherlands;Consumer;05.03.2024
C11475;France;Consumer;06.01.2023
C11476;United Kingdom;Consumer;05.09.2025
C11477;Romania;Consumer;24.02.2023
C11478;Germany;Consumer;18.08.2025
C11479;Italy;Consumer;22.12.2024
C11480;Italy;Consumer;09.07.2024
C11481;Germany;Small Business;16.03.2025
C11482;Germany;Consumer;25.02.2023
C11483;United Kingdom;Consumer;31.10.2025
C11484;Germany;Consumer;06.12.2023
C11485;Romania;Small Business;11.12.2025
C11486;Romania;Consumer;03.02.2026
C11487;Romania;Small Business;03.12.2024
C11488;France;Consumer;19.01.2025
C11489;Romania;Corporate;24.03.2026
C11490;Romania;Consumer;31.05.2024
C11491;Spain;Small Business;22.05.2024
C11492;United Kingdom;Consumer;23.04.2026
C11493;Romania;Consumer;30.05.2024
C11494;Romania;Small Business;12.04.2024
C11495;France;Corporate;08.01.2023
C11496;Romania;Small Business;23.02.2024
C11497;Romania;Consumer;15.11.2023
C11498;Romania;Consumer;10.09.2025
C11499;Romania;Consumer;30.09.2024
C11500;United Kingdom;Consumer;29.03.2024
C11501;Romania;Consumer;06.04.2026
C11502;Germany;Consumer;23.07.2024
C11503;Romania;Consumer;14.06.2024
C11504;Romania;Corporate;10.07.2025
C11505;Romania;Consumer;30.11.2023
C11506;Italy;Consumer;02.07.2024
C11507;Romania;Consumer;19.06.2025
C11508;Romania;Consumer;16.02.2024
C11509;Romania;Consumer;01.07.2024
C11510;France;Small Business;20.01.2023
C11511;Romania;Consumer;10.10.2025
C11512;Spain;Consumer;03.01.2026
C11513;United Kingdom;Consumer;02.05.2025
C11514;Germany;Consumer;03.11.2024
C11515;United Kingdom;Consumer;14.02.2026
C11516;Romania;Consumer;22.12.2025
C11517;Spain;Small Business;21.08.2024
C11518;Spain;Consumer;27.02.2025
C11519;Romania;Consumer;12.04.2026
C11520;United Kingdom;Consumer;14.09.2023
C11521;Romania;Consumer;20.09.2025
C11522;Germany;Consumer;08.04.2024
C11523;France;Consumer;29.04.2023
C11524;Spain;Small Business;16.06.2024
C11525;Romania;Consumer;23.10.2024
C11526;United Kingdom;Consumer;01.08.2025
C11527;United Kingdom;Consumer;13.07.2023
C11528;Romania;Consumer;30.11.2024
C11529;United Kingdom;Consumer;23.04.2025
C11530;United Kingdom;Consumer;23.03.2025
C11531;France;Consumer;28.11.2025
C11532;Netherlands;Small Business;18.08.2025
C11533;Romania;Consumer;16.08.2024
C11534;Romania;Consumer;16.12.2023
C11535;Romania;Small Business;28.01.2026
C11536;Romania;Consumer;30.01.2026
C11537;Romania;Small Business;15.06.2023
C11538;Italy;Consumer;01.08.2024
C11539;Romania;Consumer;17.08.2025
C11540;United Kingdom;Consumer;23.04.2025
C11541;Romania;Consumer;21.01.2026
C11542;Romania;Consumer;06.10.2023
C11543;Italy;Consumer;16.04.2026
C11544;United Kingdom;Consumer;25.10.2023
C11545;Romania;Consumer;03.05.2023
C11546;Spain;Consumer;26.07.2025
C11547;Germany;Consumer;30.03.2026
C11548;Romania;Small Business;23.03.2024
C11549;Germany;Corporate;23.07.2023
C11550;United Kingdom;Corporate;22.01.2026
C11551;Romania;Consumer;02.05.2023
C11552;Italy;Consumer;28.04.2025
C11553;Germany;Small Business;11.06.2023
C11554;Romania;Small Business;29.04.2025
C11555;Italy;Consumer;26.05.2023
C11556;Romania;Small Business;30.04.2024
C11557;Romania;Consumer;16.08.2024
C11558;Romania;Small Business;25.02.2026
C11559;Romania;Corporate;26.06.2025
C11560;Romania;Corporate;20.04.2026
C11561;Romania;Consumer;20.11.2024
C11562;Germany;Consumer;26.11.2023
C11563;Romania;Consumer;25.06.2024
C11564;Romania;Consumer;18.10.2024
C11565;Germany;Consumer;20.12.2024
C11566;Romania;Consumer;03.03.2026
C11567;United Kingdom;Consumer;18.02.2026
C11568;United Kingdom;Consumer;10.05.2023
C11569;Romania;Corporate;10.10.2025
C11570;Romania;Small Business;15.01.2024
C11571;Germany;Consumer;19.01.2025
C11572;Romania;Consumer;02.05.2026
C11573;Germany;Consumer;30.01.2026
C11574;United Kingdom;Consumer;10.09.2024
C11575;United Kingdom;Consumer;28.02.2023
C11576;Romania;Small Business;29.04.2026
C11577;Spain;Small Business;03.03.2026
C11578;Romania;Consumer;30.04.2024
C11579;Italy;Corporate;25.06.2023
C11580;France;Corporate;04.11.2024
C11581;Romania;Small Business;19.10.2025
C11582;Romania;Corporate;02.08.2024
C11583;Romania;Consumer;27.01.2023
C11584;Spain;Corporate;06.08.2024
C11585;Romania;Corporate;18.10.2024
C11586;Italy;Consumer;17.03.2026
C11587;Germany;Consumer;27.10.2025
C11588;Romania;Consumer;05.06.2025
C11589;United Kingdom;Consumer;31.05.2024
C11590;Romania;Small Business;21.04.2026
C11591;Romania;Consumer;23.10.2023
C11592;Spain;Small Business;25.02.2024
C11593;Romania;Small Business;22.06.2026
C11594;Spain;Consumer;05.11.2025
C11595;Netherlands;Consumer;21.06.2025
C11596;Romania;Small Business;11.04.2026
C11597;Germany;Consumer;17.06.2023
C11598;Romania;Corporate;03.05.2025
C11599;United Kingdom;Small Business;10.06.2024
C11600;Netherlands;Consumer;02.02.2025
C11601;Italy;Consumer;14.11.2023
C11602;Spain;Small Business;15.09.2024
C11603;Romania;Small Business;28.10.2023
C11604;Germany;Consumer;01.04.2025
C11605;Romania;Corporate;01.04.2026
C11606;Italy;Consumer;17.03.2023
C11607;Romania;Consumer;09.05.2026
C11608;Romania;Consumer;21.04.2025
C11609;Romania;Small Business;19.01.2023
C11610;Romania;Corporate;08.01.2025
C11611;Romania;Consumer;26.06.2023
C11612;Romania;Consumer;21.10.2025
C11613;Italy;Consumer;21.12.2023
C11614;France;;15.03.2023
C11615;Romania;Small Business;17.12.2025
C11616;France;Consumer;15.11.2024
C11617;Romania;Small Business;18.02.2025
C11618;France;Small Business;27.11.2025
C11619;Romania;Small Business;22.12.2024
C11620;Germany;Small Business;13.10.2025
C11621;Romania;Consumer;02.02.2025
C11622;Romania;Corporate;05.02.2023
C11623;Germany;Consumer;27.04.2026
C11624;France;Corporate;09.05.2026
C11625;France;Consumer;10.04.2025
C11626;Romania;Small Business;07.06.2023
C11627;Germany;Consumer;30.12.2023
C11628;France;Consumer;14.02.2025
C11629;Romania;Corporate;19.03.2024
C11630;Romania;Consumer;21.05.2026
C11631;Romania;Consumer;11.04.2023
C11632;Romania;Small Business;20.02.2025
C11633;Romania;Consumer;12.02.2026
C11634;Romania;Consumer;29.10.2025
C11635;Germany;Corporate;17.02.2026
C11636;United Kingdom;Consumer;09.10.2025
C11637;France;Consumer;07.10.2023
C11638;United Kingdom;Small Business;25.06.2024
C11639;Romania;Small Business;24.05.2025
C11640;Spain;Consumer;28.06.2026
C11641;United Kingdom;Consumer;05.01.2026
C11642;Germany;Consumer;08.04.2025
C11643;Romania;Consumer;10.05.2023
C11644;United Kingdom;Consumer;20.06.2024
C11645;Germany;Corporate;11.04.2025
C11646;United Kingdom;Consumer;11.09.2025
C11647;France;Consumer;14.12.2023
C11648;Spain;Corporate;19.08.2024
C11649;Spain;Consumer;14.11.2025
C11650;United Kingdom;Corporate;29.11.2025
C11651;Netherlands;Small Business;12.10.2023
C11652;Spain;Consumer;20.11.2023
C11653;Romania;Consumer;21.04.2024
C11654;United Kingdom;Consumer;01.04.2025
C11655;Romania;Consumer;13.05.2025
C11656;Romania;Consumer;26.08.2025
C11657;Romania;Consumer;10.12.2024
C11658;Germany;Consumer;17.03.2026
C11659;Romania;Small Business;03.06.2023
C11660;Romania;Consumer;31.10.2024
C11661;Romania;Consumer;15.10.2023
C11662;United Kingdom;Consumer;18.11.2024
C11663;Italy;Consumer;04.02.2026
C11664;Netherlands;Small Business;03.02.2026
C11665;Romania;Small Business;15.06.2026
C11666;Romania;Consumer;16.09.2024
C11667;Italy;Consumer;04.06.2025
C11668;Romania;Consumer;31.08.2024
C11669;Netherlands;Small Business;13.01.2023
C11670;United Kingdom;Consumer;28.12.2023
C11671;Germany;Small Business;06.08.2025
C11672;Romania;Consumer;10.03.2023
C11673;Romania;Consumer;31.03.2025
C11674;Germany;Consumer;08.08.2024
C11675;Romania;Consumer;09.06.2024
C11676;Italy;Consumer;27.07.2025
C11677;United Kingdom;Consumer;18.10.2023
C11678;Romania;Consumer;27.11.2023
C11679;Romania;Corporate;31.07.2023
C11680;Germany;Consumer;19.05.2023
C11681;Romania;Small Business;17.04.2023
C11682;United Kingdom;Consumer;13.05.2023
C11683;Germany;Consumer;26.03.2025
C11684;France;Consumer;18.01.2024
C11685;Romania;Small Business;06.03.2024
C11686;Romania;Small Business;18.08.2025
C11687;Italy;Small Business;22.10.2024
C11688;United Kingdom;Consumer;09.04.2023
C11689;United Kingdom;Consumer;01.11.2024
C11690;Germany;Small Business;23.04.2025
C11691;Italy;Small Business;13.02.2025
C11692;Romania;Consumer;12.01.2026
C11693;Romania;Small Business;28.01.2025
C11694;France;Consumer;02.11.2025
C11695;Romania;Consumer;24.10.2024
C11696;France;Consumer;23.03.2025
C11697;Romania;Consumer;17.07.2023
C11698;Romania;Consumer;20.06.2026
C11699;Romania;Small Business;04.02.2023
C11700;Italy;Corporate;20.05.2026
C11701;France;Consumer;05.01.2025
C11702;Romania;Consumer;06.03.2024
C11703;Romania;Consumer;24.06.2024
C11704;Romania;Consumer;08.04.2023
C11705;Romania;Small Business;07.06.2024
C11706;France;Consumer;01.04.2023
C11707;Romania;Consumer;02.07.2024
C11708;Romania;Small Business;24.06.2023
C11709;Romania;Consumer;25.05.2023
C11710;Germany;Consumer;28.06.2025
C11711;United Kingdom;Small Business;17.08.2023
C11712;United Kingdom;Consumer;03.03.2024
C11713;Germany;Consumer;24.04.2025
C11714;Netherlands;Consumer;06.10.2024
C11715;Romania;Consumer;17.10.2024
C11716;Italy;Corporate;17.07.2024
C11717;United Kingdom;Small Business;16.02.2025
C11718;Romania;Consumer;12.04.2025
C11719;France;Consumer;13.05.2026
C11720;Germany;Consumer;04.11.2025
C11721;United Kingdom;Small Business;25.06.2024
C11722;Romania;;20.04.2024
C11723;Romania;Consumer;15.07.2025
C11724;Italy;Consumer;21.02.2025
C11725;Romania;Corporate;21.10.2025
C11726;Romania;Small Business;17.08.2024
C11727;Romania;Consumer;16.07.2024
C11728;Germany;Consumer;20.08.2024
C11729;Italy;Consumer;13.01.2024
C11730;United Kingdom;Consumer;20.09.2025
C11731;Spain;Consumer;13.10.2025
C11732;Romania;Consumer;21.05.2023
C11733;Romania;Small Business;30.04.2023
C11734;Romania;Small Business;06.04.2023
C11735;Romania;Consumer;25.02.2024
C11736;France;Consumer;09.05.2023
C11737;Romania;Consumer;27.12.2024
C11738;Romania;Consumer;24.06.2026
C11739;Italy;Small Business;18.06.2025
C11740;Germany;Consumer;29.03.2026
C11741;Romania;Corporate;09.07.2023
C11742;United Kingdom;Small Business;12.06.2025
C11743;Germany;Small Business;18.07.2025
C11744;Italy;Consumer;25.07.2024
C11745;United Kingdom;Consumer;09.08.2025
C11746;Romania;Corporate;19.04.2023
C11747;Romania;Small Business;24.02.2025
C11748;Romania;Corporate;13.11.2025
C11749;United Kingdom;Consumer;16.05.2024
C11750;Germany;Consumer;30.08.2023
C11751;France;Consumer;14.01.2023
C11752;Germany;Consumer;15.12.2023
C11753;Romania;Consumer;13.11.2025
C11754;Romania;Corporate;08.12.2025
C11755;Romania;Small Business;26.02.2025
C11756;Romania;Consumer;25.11.2023
C11757;Germany;Consumer;28.11.2023
C11758;Spain;Consumer;13.12.2025
C11759;Romania;Consumer;14.01.2025
C11760;United Kingdom;Corporate;29.09.2025
C11761;Romania;Small Business;17.04.2024
C11762;United Kingdom;Consumer;04.12.2025
C11763;Romania;Small Business;23.08.2024
C11764;United Kingdom;Consumer;10.05.2025
C11765;Romania;Corporate;22.12.2025
C11766;Romania;Small Business;25.03.2024
C11767;Germany;Consumer;02.10.2025
C11768;Romania;Small Business;13.04.2025
C11769;Romania;;26.09.2024
C11770;Romania;Consumer;23.11.2025
C11771;Spain;Consumer;15.07.2024
C11772;Romania;Consumer;14.08.2025
C11773;Germany;Consumer;08.04.2023
C11774;Italy;Consumer;04.01.2026
C11775;United Kingdom;Consumer;15.05.2026
C11776;Romania;Small Business;08.06.2026
C11777;Germany;Consumer;13.12.2025
C11778;Romania;Consumer;30.05.2025
C11779;Germany;Consumer;30.03.2026
C11780;Romania;Consumer;20.07.2025
C11781;France;Corporate;13.12.2023
C11782;Italy;Consumer;23.07.2023
C11783;Romania;Consumer;27.05.2026
C11784;Romania;Consumer;27.06.2023
C11785;Romania;Consumer;07.03.2026
C11786;Germany;Consumer;09.04.2026
C11787;Romania;Consumer;22.02.2023
C11788;United Kingdom;Consumer;27.10.2025
C11789;Germany;Small Business;23.01.2025
C11790;Spain;Consumer;12.05.2024
C11791;Romania;Consumer;03.10.2024
C11792;Romania;Consumer;30.06.2024
C11793;Romania;Consumer;06.11.2025
C11794;Germany;Small Business;09.06.2024
C11795;Romania;Consumer;11.06.2023
C11796;Romania;Consumer;21.05.2024
C11797;Romania;Consumer;04.11.2024
C11798;France;Consumer;28.07.2024
C11799;Spain;Consumer;01.10.2024
C11800;Romania;Consumer;13.06.2026
C11801;Romania;Consumer;09.11.2025
C11802;Romania;Consumer;20.06.2026
C11803;Romania;Consumer;25.11.2025
C11804;Netherlands;Consumer;19.11.2024
C11805;Romania;Consumer;16.06.2026
C11806;United Kingdom;Small Business;11.06.2024
C11807;Spain;Consumer;28.12.2025
C11808;United Kingdom;Consumer;18.03.2026
C11809;Romania;Consumer;12.02.2024
C11810;Germany;Consumer;02.01.2024
C11811;Romania;Small Business;12.11.2025
C11812;Romania;Consumer;22.12.2023
C11813;Netherlands;Consumer;26.04.2025
C11814;Romania;Consumer;06.04.2026
C11815;Romania;Small Business;07.03.2026
C11816;Romania;Corporate;28.01.2026
C11817;Romania;Consumer;13.02.2025
C11818;Germany;Consumer;14.07.2025
C11819;France;Consumer;12.02.2024
C11820;United Kingdom;Corporate;01.10.2024
C11821;Romania;Small Business;20.08.2024
C11822;Romania;Consumer;18.10.2025
C11823;Romania;Consumer;29.12.2024
C11824;Germany;Consumer;22.07.2024
C11825;France;Consumer;20.11.2024
C11826;United Kingdom;Small Business;08.08.2023
C11827;Italy;Small Business;23.11.2023
C11828;France;Consumer;18.10.2025
C11829;Romania;Corporate;16.06.2023
C11830;United Kingdom;Corporate;21.05.2025
C11831;France;Consumer;04.03.2026
C11832;Spain;Consumer;22.05.2025
C11833;Romania;Small Business;28.03.2025
C11834;;Consumer;05.07.2023
C11835;Romania;Corporate;24.06.2023
C11836;France;Consumer;17.06.2026
C11837;Spain;Small Business;28.06.2024
C11838;Spain;Consumer;08.06.2024
C11839;Romania;Consumer;22.07.2023
C11840;Romania;Small Business;24.07.2025
C11841;France;Consumer;13.02.2023
C11842;United Kingdom;Consumer;14.08.2023
C11843;Spain;Consumer;14.10.2023
C11844;Romania;Consumer;05.04.2026
C11845;Italy;Consumer;27.04.2026
C11846;United Kingdom;Consumer;12.04.2023
C11847;Romania;Consumer;27.06.2023
C11848;Romania;Consumer;04.05.2026
C11849;United Kingdom;Consumer;20.03.2025
C11850;Romania;Small Business;16.07.2025
C11851;France;Consumer;25.12.2024
C11852;Germany;Small Business;17.10.2023
C11853;Romania;Consumer;20.07.2025
C11854;Romania;Consumer;19.08.2023
C11855;Netherlands;Consumer;07.02.2023
C11856;United Kingdom;Consumer;04.12.2025
C11857;France;Consumer;29.04.2024
C11858;France;Small Business;20.02.2023
C11859;Germany;Consumer;08.07.2024
C11860;Spain;Consumer;26.05.2023
C11861;Germany;Small Business;08.05.2025
C11862;Germany;Consumer;07.03.2024
C11863;Romania;Small Business;09.04.2023
C11864;Romania;Consumer;21.11.2024
C11865;France;Consumer;30.01.2023
C11866;Romania;Consumer;02.01.2025
C11867;United Kingdom;Consumer;24.03.2026
C11868;Spain;Consumer;23.01.2023
C11869;Romania;Corporate;30.09.2025
C11870;Romania;Consumer;26.04.2024
C11871;United Kingdom;Corporate;21.06.2025
C11872;Romania;Consumer;06.02.2023
C11873;France;Consumer;03.03.2026
C11874;Germany;Consumer;18.05.2026
C11875;Germany;Corporate;02.12.2024
C11876;Germany;Consumer;02.10.2023
C11877;Germany;Small Business;12.07.2023
C11878;Romania;Consumer;30.05.2025
C11879;Romania;Small Business;09.10.2025
C11880;Romania;Small Business;09.05.2025
C11881;Italy;Small Business;21.09.2024
C11882;Romania;Consumer;12.09.2025
C11883;Romania;Consumer;29.07.2025
C11884;Romania;Corporate;03.03.2024
C11885;Romania;Consumer;18.09.2025
C11886;Romania;Consumer;24.08.2023
C11887;France;Small Business;12.11.2025
C11888;Romania;Small Business;07.11.2024
C11889;United Kingdom;Consumer;11.08.2025
C11890;Romania;Small Business;04.06.2025
C11891;Romania;Consumer;03.05.2023
C11892;Romania;Consumer;21.08.2025
C11893;France;Consumer;04.03.2023
C11894;Spain;Small Business;16.10.2023
C11895;Romania;Small Business;18.08.2025
C11896;Spain;Small Business;05.04.2024
C11897;Romania;Consumer;24.05.2023
C11898;Germany;Corporate;26.12.2025
C11899;United Kingdom;Consumer;31.10.2024
C11900;Romania;Consumer;17.05.2024
C11901;Romania;Corporate;09.12.2024
C11902;Romania;Small Business;25.05.2024
C11903;ROMANIA;Corporate;12.06.2023
C11904;Romania;Consumer;17.12.2024
C11905;Italy;Consumer;15.05.2026
C11906;Romania;Consumer;29.04.2026
C11907;Spain;Small Business;25.03.2025
C11908;Romania;Consumer;27.07.2023
C11909;Germany;Small Business;13.10.2023
C11910;Romania;Consumer;07.02.2024
C11911;Romania;Consumer;06.03.2023
C11912;Romania;Small Business;28.06.2023
C11913;United Kingdom;Corporate;15.09.2025
C11914;Romania;Consumer;01.07.2024
C11915;Germany;Consumer;09.12.2025
C11916;Netherlands;Consumer;20.03.2023
C11917;Romania;Consumer;26.04.2023
C11918;Romania;Small Business;30.05.2025
C11919;Romania;Consumer;25.11.2023
C11920;Romania;Consumer;16.10.2023
C11921;Romania;Small Business;30.03.2025
C11922;France;Small Business;18.06.2024
C11923;Romania;Consumer;31.08.2025
C11924;Romania;Corporate;13.03.2024
C11925;United Kingdom;Consumer;06.12.2025
C11926;Romania;Consumer;25.06.2024
C11927;Germany;Small Business;13.07.2023
C11928;Spain;Consumer;06.10.2024
C11929;Romania;Corporate;09.01.2024
C11930;Germany;Consumer;24.08.2023
C11931;France;Corporate;23.08.2023
C11932;United Kingdom;Consumer;10.05.2024
C11933;France;Consumer;13.01.2023
C11934;France;Small Business;31.03.2023
C11935;Germany;Small Business;22.01.2025
C11936;Germany;Small Business;08.01.2023
C11937;United Kingdom;Consumer;12.09.2025
C11938;United Kingdom;Consumer;29.05.2026
C11939;United Kingdom;Consumer;23.08.2023
C11940;Romania;Consumer;11.03.2023
C11941;Italy;Consumer;26.09.2023
C11942;Romania;Small Business;25.02.2023
C11943;Romania;Consumer;10.12.2023
C11944;Romania;Consumer;09.02.2026
C11945;Romania;Small Business;12.11.2025
C11946;United Kingdom;Corporate;30.05.2026
C11947;Romania;Consumer;01.11.2025
C11948;United Kingdom;Small Business;13.12.2025
C11949;Germany;Small Business;25.01.2025
C11950;Romania;Consumer;07.09.2025
C11951;Romania;Small Business;27.03.2025
C11952;Germany;Corporate;12.05.2026
C11953;France;Small Business;08.06.2025
C11954;Romania;Consumer;27.11.2024
C11955;Romania;Consumer;11.09.2025
C11956;Romania;Small Business;17.04.2025
C11957;Romania;Consumer;25.05.2023
C11958;Romania;Consumer;19.02.2025
C11959;Netherlands;Consumer;13.05.2024
C11960;Romania;Small Business;27.07.2023
C11961;Romania;Consumer;19.12.2023
C11962;Italy;Corporate;01.12.2025
C11963;United Kingdom;Consumer;15.04.2025
C11964;Romania;Small Business;16.03.2023
C11965;United Kingdom;Consumer;14.03.2024
C11966;Spain;Small Business;24.05.2025
C11967;Romania;Small Business;11.10.2024
C11968;Romania;Consumer;17.09.2025
C11969;Italy;Consumer;10.03.2025
C11970;France;Corporate;17.02.2023
C11971;ROMANIA;Small Business;09.01.2026
C11972;Romania;Consumer;28.12.2024
C11973;Spain;Consumer;21.03.2026
C11974;Romania;Corporate;09.10.2023
C11975;United Kingdom;Small Business;03.06.2025
C11976;Italy;Consumer;07.02.2023
C11977;Romania;Consumer;19.07.2023
C11978;Romania;Consumer;31.01.2026
C11979;Germany;Small Business;08.02.2026
C11980;Italy;Small Business;02.05.2026
C11981;Romania;Consumer;18.09.2023
C11982;Italy;Consumer;12.02.2026
C11983;Romania;Consumer;09.03.2023
C11984;Romania;Consumer;26.05.2024
C11985;Romania;Corporate;11.07.2024
C11986;Spain;Small Business;08.10.2025
C11987;Romania;Consumer;23.05.2025
C11988;Germany;Consumer;03.04.2024
C11989;Romania;Consumer;10.07.2023
C11990;Spain;Small Business;11.04.2024
C11991;France;Consumer;17.01.2024
C11992;Romania;Consumer;05.05.2025
C11993;;Corporate;13.04.2023
C11994;Romania;Consumer;08.06.2024
C11995;Romania;Small Business;27.02.2025
C11996;France;Consumer;04.04.2025
C11997;Germany;Consumer;22.06.2025
C11998;Romania;Small Business;01.01.2024
C11999;United Kingdom;Small Business;25.10.2024
C12000;Romania;Small Business;06.05.2023
C12001;Romania;Consumer;21.07.2024
C12002;ROMANIA;Consumer;07.06.2026
C12003;Romania;Consumer;17.12.2025
C12004;Germany;Consumer;05.03.2025
C12005;Romania;Consumer;18.06.2024
C12006;Germany;Consumer;23.02.2026
C12007;Romania;Consumer;17.07.2024
C12008;United Kingdom;Consumer;01.09.2025
C12009;Romania;Consumer;06.01.2025
C12010;Romania;Consumer;28.01.2023
C12011;Romania;Small Business;17.06.2025
C12012;Romania;Corporate;13.02.2026
C12013;Romania;Consumer;18.09.2025
C12014;Romania;Consumer;23.02.2025
C12015;France;Small Business;22.02.2023
C12016;Romania;Consumer;30.01.2023
C12017;France;Small Business;22.12.2025
C12018;Germany;Consumer;29.08.2024
C12019;Germany;Consumer;29.07.2024
C12020;Germany;Consumer;28.03.2025
C12021;Romania;Small Business;01.03.2026
C12022;United Kingdom;Consumer;11.07.2024
C12023;France;Consumer;15.11.2024
C12024;France;Consumer;13.12.2024
C12025;Romania;Consumer;30.08.2024
C12026;United Kingdom;Corporate;17.04.2025
C12027;Romania;Consumer;07.09.2023
C12028;Germany;Consumer;21.04.2024
C12029;Romania;Consumer;22.08.2024
C12030;Romania;Consumer;20.09.2024
C12031;United Kingdom;Small Business;17.06.2024
C12032;Italy;Small Business;15.02.2026
C12033;Romania;Consumer;18.10.2025
C12034;Germany;Consumer;05.02.2026
C12035;United Kingdom;Small Business;28.01.2025
C12036;Spain;Consumer;12.09.2024
C12037;United Kingdom;Consumer;03.07.2024
C12038;Romania;Consumer;12.01.2026
C12039;Romania;Consumer;29.04.2025
C12040;United Kingdom;Consumer;26.12.2025
C12041;Romania;Consumer;20.12.2025
C12042;Spain;Small Business;25.04.2026
C12043;Spain;Consumer;26.11.2024
C12044;Spain;Small Business;06.04.2024
C12045;Romania;Consumer;05.03.2026
C12046;United Kingdom;Small Business;28.09.2023
C12047;United Kingdom;Consumer;17.02.2024
C12048;Romania;Consumer;19.04.2026
C12049;Romania;Consumer;30.06.2025
C12050;Romania;Consumer;16.01.2025
C12051;Romania;Consumer;07.11.2024
C12052;Spain;Consumer;18.08.2024
C12053;Italy;Consumer;17.02.2026
C12054;Romania;Consumer;09.06.2024
C12055;Germany;Consumer;03.09.2024
C12056;Romania;Consumer;19.04.2023
C12057;Romania;Corporate;27.05.2023
C12058;;Small Business;18.09.2023
C12059;United Kingdom;Corporate;18.01.2024
C12060;United Kingdom;Corporate;08.01.2024
C12061;Italy;Consumer;30.04.2025
C12062;Italy;Consumer;04.12.2024
C12063;Romania;Consumer;06.01.2023
C12064;France;Consumer;21.10.2024
C12065;Romania;Small Business;15.04.2023
C12066;Romania;Small Business;23.11.2024
C12067;Germany;Consumer;05.03.2023
C12068;Romania;Small Business;08.04.2023
C12069;Romania;Small Business;20.11.2025
C12070;Romania;Consumer;13.01.2023
C12071;Romania;Consumer;13.08.2024
C12072;Spain;Corporate;20.11.2025
C12073;Romania;Small Business;04.09.2023
C12074;Germany;Consumer;18.08.2024
C12075;Netherlands;Consumer;11.02.2026
C12076;Germany;Small Business;09.04.2023
C12077;Romania;Small Business;03.07.2024
C12078;Spain;Consumer;06.06.2023
C12079;Romania;Corporate;25.03.2024
C12080;Romania;Consumer;23.05.2026
C12081;Germany;Corporate;25.11.2024
C12082;Romania;Consumer;13.03.2025
C12083;France;Small Business;26.12.2023
C12084;Romania;Corporate;15.04.2023
C12085;United Kingdom;Small Business;22.12.2024
C12086;United Kingdom;Consumer;03.08.2025
C12087;Netherlands;Small Business;17.08.2023
C12088;Romania;Consumer;25.06.2023
C12089;Romania;Consumer;01.02.2025
C12090;Spain;Small Business;08.05.2024
C12091;United Kingdom;Consumer;08.04.2026
C12092;Romania;Consumer;31.03.2024
C12093;Romania;Consumer;15.05.2024
C12094;France;Consumer;27.12.2024
C12095;Germany;Consumer;01.06.2026
C12096;Germany;Small Business;29.05.2025
C12097;Italy;Consumer;30.04.2025
C12098;Romania;Consumer;18.10.2025
C12099;Romania;Consumer;07.11.2025
C12100;United Kingdom;Consumer;03.11.2024
C12101;Italy;Consumer;01.01.2024
C12102;Romania;Consumer;18.07.2023
C12103;United Kingdom;Small Business;24.12.2024
C12104;Romania;Corporate;07.06.2025
C12105;Romania;Consumer;12.04.2024
C12106;Spain;Consumer;02.09.2024
C12107;Romania;Consumer;22.07.2024
C12108;Romania;Consumer;21.01.2025
C12109;France;Consumer;10.11.2025
C12110;Romania;Consumer;20.07.2024
C12111;Romania;Small Business;24.10.2024
C12112;France;Consumer;15.06.2024
C12113;Romania;Small Business;21.01.2024
C12114;United Kingdom;Consumer;13.06.2025
C12115;Romania;Consumer;26.02.2025
C12116;Romania;Corporate;30.10.2024
C12117;United Kingdom;Consumer;12.01.2024
C12118;Romania;Consumer;12.01.2026
C12119;Italy;Consumer;23.10.2025
C12120;Spain;Small Business;06.08.2025
C12121;Italy;Consumer;06.11.2025
C12122;Romania;Consumer;30.08.2024
C12123;Romania;Consumer;12.03.2025
C12124;Italy;Consumer;01.10.2023
C12125;Romania;Consumer;26.09.2025
C12126;United Kingdom;Consumer;23.01.2023
C12127;Italy;Consumer;10.10.2024
C12128;Romania;Consumer;20.09.2023
C12129;Romania;Small Business;29.01.2025
C12130;United Kingdom;Consumer;25.12.2023
C12131;Germany;Consumer;15.05.2026
C12132;Romania;Consumer;31.05.2023
C12133;Germany;Consumer;15.11.2025
C12134;France;Consumer;03.05.2025
C12135;Romania;Consumer;24.06.2026
C12136;Romania;Small Business;21.02.2024
C12137;United Kingdom;Consumer;18.06.2025
C12138;France;Consumer;08.02.2023
C12139;Spain;Small Business;13.05.2025
C12140;Romania;Consumer;11.07.2024
C12141;Italy;Consumer;15.07.2025
C12142;France;Small Business;27.09.2025
C12143;United Kingdom;Consumer;12.09.2024
C12144;Romania;Consumer;09.03.2024
C12145;Romania;Consumer;28.06.2025
C12146;Germany;Consumer;25.02.2026
C12147;Romania;Consumer;24.12.2025
C12148;Romania;Small Business;20.07.2024
C12149;Spain;Small Business;08.02.2026
C12150;Romania;Consumer;08.04.2025
C12151;Spain;Small Business;02.05.2025
C12152;Germany;Small Business;28.05.2025
C12153;Italy;Consumer;26.10.2025
C12154;Romania;Consumer;03.01.2026
C12155;United Kingdom;Consumer;11.05.2024
C12156;Germany;Consumer;09.08.2025
C12157;Spain;Small Business;03.06.2025
C12158;Romania;Small Business;24.01.2025
C12159;Romania;Small Business;13.10.2023
C12160;Spain;Consumer;16.08.2024
C12161;Romania;Consumer;19.09.2023
C12162;United Kingdom;Consumer;24.06.2023
C12163;Romania;Consumer;19.04.2026
C12164;Romania;Consumer;12.07.2025
C12165;Germany;Consumer;01.12.2024
C12166;Germany;Consumer;17.07.2024
C12167;Germany;Consumer;02.04.2023
C12168;Romania;Consumer;23.03.2024
C12169;France;Consumer;09.09.2023
C12170;Netherlands;Small Business;17.11.2024
C12171;Romania;Consumer;11.08.2024
C12172;Romania;Consumer;14.05.2026
C12173;Romania;Consumer;15.12.2025
C12174;France;Consumer;05.02.2025
C12175;Romania;Consumer;17.02.2026
C12176;United Kingdom;Small Business;25.02.2024
C12177;Romania;Consumer;25.05.2023
C12178;Germany;Consumer;16.12.2024
C12179;Italy;Consumer;21.03.2023
C12180;Germany;Consumer;18.04.2026
C12181;Romania;Corporate;05.06.2023
C12182;Romania;Small Business;28.12.2025
C12183;Germany;Consumer;06.05.2025
C12184;Romania;Consumer;11.11.2023
C12185;Italy;Consumer;10.11.2024
C12186;Romania;Consumer;25.11.2024
C12187;Romania;Consumer;30.07.2025
C12188;Romania;Small Business;28.06.2024
C12189;Germany;Small Business;27.01.2025
C12190;Spain;Consumer;14.06.2024
C12191;Romania;Small Business;03.05.2023
C12192;ROMANIA;Consumer;25.06.2025
C12193;Romania;Consumer;25.11.2023
C12194;Netherlands;Consumer;22.12.2023
C12195;Italy;Consumer;28.02.2024
C12196;Romania;Consumer;23.12.2024
C12197;United Kingdom;Corporate;22.06.2025
C12198;France;Consumer;05.11.2025
C12199;France;Consumer;31.01.2025
C12200;Germany;Consumer;22.05.2024
C12201;France;Consumer;23.04.2026
C12202;Germany;Consumer;29.08.2024
C12203;Romania;Consumer;05.07.2023
C12204;Romania;Consumer;12.04.2026
C12205;Romania;Consumer;06.01.2024
C12206;Romania;Consumer;08.10.2023
C12207;Romania;Consumer;25.03.2024
C12208;Italy;Corporate;14.03.2024
C12209;Italy;Consumer;03.09.2023
C12210;Romania;Small Business;14.02.2023
C12211;Romania;Small Business;28.08.2023
C12212;United Kingdom;Consumer;14.01.2024
C12213;Germany;Small Business;29.08.2023
C12214;Romania;Consumer;12.09.2023
C12215;France;Corporate;18.04.2026
C12216;Romania;Consumer;05.10.2023
C12217;Romania;Consumer;14.11.2025
C12218;France;Small Business;31.12.2024
C12219;Germany;Corporate;10.07.2024
C12220;Romania;Consumer;23.09.2025
C12221;United Kingdom;Corporate;22.01.2023
C12222;Spain;Small Business;08.08.2025
C12223;Romania;Small Business;14.06.2024
C12224;United Kingdom;Small Business;23.11.2025
C12225;Romania;Small Business;12.05.2026
C12226;Romania;Consumer;22.07.2025
C12227;Romania;Small Business;27.05.2023
C12228;Romania;Consumer;31.05.2026
C12229;Romania;Corporate;27.08.2025
C12230;France;Small Business;24.01.2023
C12231;Romania;Consumer;31.08.2023
C12232;Italy;Consumer;14.06.2026
C12233;Romania;Consumer;03.12.2025
C12234;Italy;Consumer;06.06.2024
C12235;Germany;Consumer;05.05.2026
C12236;Romania;Small Business;01.09.2024
C12237;United Kingdom;Small Business;11.01.2026
C12238;France;Small Business;06.01.2025
C12239;Germany;Consumer;22.04.2025
C12240;Romania;Corporate;11.01.2023
C12241;Germany;Small Business;22.05.2026
C12242;Germany;Small Business;20.08.2023
C12243;Romania;Consumer;30.09.2023
C12244;France;Small Business;23.07.2024
C12245;Romania;Consumer;21.08.2025
C12246;Romania;Consumer;08.09.2025
C12247;Germany;Consumer;10.03.2025
C12248;Netherlands;Small Business;15.01.2026
C12249;Romania;Consumer;03.06.2025
C12250;Romania;Corporate;08.07.2023
C12251;Romania;Small Business;26.09.2025
C12252;United Kingdom;Consumer;02.12.2023
C12253;Romania;Consumer;25.10.2024
C12254;Romania;Consumer;14.02.2025
C12255;Romania;Consumer;15.05.2024
C12256;Italy;Small Business;05.04.2024
C12257;Romania;Consumer;08.12.2023
C12258;Germany;Consumer;16.01.2024
C12259;Romania;Consumer;12.06.2026
C12260;Romania;Consumer;04.05.2024
C12261;Romania;Consumer;26.08.2024
C12262;Romania;Consumer;14.06.2025
C12263;Romania;Consumer;14.11.2023
C12264;Romania;Consumer;11.09.2023
C12265;Romania;Small Business;26.09.2023
C12266;Romania;Consumer;20.03.2023
C12267;Romania;Consumer;29.07.2024
C12268;Romania;Consumer;05.01.2023
C12269;Romania;Corporate;28.04.2024
C12270;Romania;Consumer;03.11.2024
C12271;United Kingdom;Consumer;26.11.2023
C12272;Spain;Consumer;16.11.2023
C12273;United Kingdom;Consumer;05.02.2025
C12274;Romania;Small Business;17.12.2024
C12275;Netherlands;Small Business;03.10.2025
C12276;Netherlands;Consumer;29.01.2026
C12277;Romania;Small Business;13.11.2023
C12278;Romania;Consumer;10.01.2024
C12279;United Kingdom;Consumer;31.10.2024
C12280;Netherlands;Consumer;23.08.2023
C12281;France;Consumer;18.07.2025
C12282;United Kingdom;Small Business;03.01.2023
C12283;United Kingdom;Consumer;13.04.2024
C12284;Netherlands;Consumer;06.06.2026
C12285;Romania;Corporate;25.07.2025
C12286;Romania;Consumer;21.10.2024
C12287;Italy;Consumer;05.01.2023
C12288;Romania;Consumer;20.10.2025
C12289;Romania;Small Business;22.07.2024
C12290;Romania;Small Business;30.12.2025
C12291;Romania;Consumer;27.09.2025
C12292;Romania;Consumer;23.06.2026
C12293;Germany;Consumer;31.05.2023
C12294;Romania;Small Business;01.01.2026
C12295;Germany;Consumer;27.06.2025
C12296;Romania;Consumer;11.01.2024
C12297;Spain;Consumer;13.12.2025
C12298;;Consumer;21.12.2024
C12299;Netherlands;Consumer;21.04.2025
C12300;Romania;Corporate;13.05.2026
C12301;Romania;Small Business;01.01.2025
C12302;France;Consumer;19.03.2025
C12303;Italy;Small Business;09.01.2026
C12304;Romania;Consumer;08.09.2025
C12305;United Kingdom;Corporate;28.03.2025
C12306;United Kingdom;Corporate;02.03.2026
C12307;Romania;Consumer;07.03.2026
C12308;Germany;Consumer;22.02.2025
C12309;Romania;Consumer;06.05.2023
C12310;Romania;Consumer;02.06.2025
C12311;Italy;Consumer;29.02.2024
C12312;Germany;Consumer;20.01.2025
C12313;France;Consumer;26.04.2024
C12314;United Kingdom;Small Business;08.03.2024
C12315;Netherlands;Corporate;28.05.2026
C12316;Romania;Consumer;14.11.2023
C12317;Romania;Consumer;24.07.2023
C12318;Romania;Small Business;19.03.2025
C12319;United Kingdom;Consumer;02.04.2025
C12320;Germany;Corporate;05.06.2026
C12321;United Kingdom;Consumer;15.03.2023
C12322;Romania;Consumer;14.03.2026
C12323;Romania;Consumer;07.12.2025
C12324;Italy;Consumer;25.09.2023
C12325;Italy;Consumer;10.11.2025
C12326;Romania;Small Business;11.12.2025
C12327;United Kingdom;Consumer;27.05.2023
C12328;Germany;Consumer;27.01.2023
C12329;France;Consumer;23.04.2025
C12330;Romania;Consumer;22.01.2025
C12331;Germany;Consumer;06.01.2026
C12332;Romania;Consumer;02.04.2026
C12333;Romania;Consumer;13.05.2023
C12334;France;Small Business;09.05.2026
C12335;Romania;Corporate;24.12.2025
C12336;Romania;Consumer;08.02.2025
C12337;Romania;Small Business;05.04.2024
C12338;Romania;Corporate;15.03.2025
C12339;United Kingdom;Consumer;21.12.2024
C12340;Romania;Consumer;12.05.2024
C12341;France;Consumer;10.04.2023
C12342;Italy;Consumer;12.07.2025
C12343;Romania;Consumer;25.01.2024
C12344;France;Consumer;10.11.2023
C12345;Romania;Consumer;23.04.2024
C12346;Romania;Consumer;13.02.2023
C12347;Romania;Consumer;14.05.2024
C12348;;Consumer;01.12.2025
C12349;Romania;Consumer;22.07.2025
C12350;Romania;Consumer;19.03.2023
C12351;Italy;Consumer;26.02.2024
C12352;Germany;Consumer;28.04.2025
C12353;Spain;Small Business;03.04.2026
C12354;Germany;Consumer;11.07.2024
C12355;United Kingdom;Small Business;15.06.2026
C12356;Romania;Small Business;25.02.2023
C12357;Germany;Consumer;07.03.2026
C12358;Romania;Consumer;23.07.2023
C12359;Spain;Consumer;19.07.2025
C12360;Spain;Consumer;09.05.2023
C12361;Romania;Small Business;16.06.2026
C12362;United Kingdom;Small Business;01.10.2023
C12363;United Kingdom;Consumer;14.04.2024
C12364;Germany;Consumer;21.03.2025
C12365;Romania;Small Business;29.12.2024
C12366;United Kingdom;Consumer;08.01.2024
C12367;France;Consumer;29.02.2024
C12368;Romania;Small Business;11.12.2025
C12369;Germany;Consumer;05.08.2024
C12370;Romania;Small Business;18.08.2025
C12371;Spain;Small Business;23.02.2023
C12372;Romania;Consumer;21.05.2025
C12373;Romania;Consumer;04.05.2024
C12374;Romania;Consumer;03.02.2025
C12375;Italy;Small Business;16.12.2025
C12376;United Kingdom;Consumer;07.06.2025
C12377;Romania;Consumer;27.03.2024
C12378;Romania;Small Business;17.10.2023
C12379;France;Consumer;06.02.2026
C12380;Romania;Consumer;28.11.2023
C12381;Romania;Small Business;15.02.2023
C12382;Netherlands;Consumer;16.01.2024
C12383;Romania;Consumer;14.01.2023
C12384;Germany;Consumer;03.08.2025
C12385;Romania;Consumer;09.02.2026
C12386;France;Consumer;05.07.2024
C12387;France;Consumer;22.02.2025
C12388;Romania;Corporate;09.05.2026
C12389;United Kingdom;Consumer;26.03.2026
C12390;Spain;Consumer;21.02.2023
C12391;France;Small Business;30.03.2023
C12392;Romania;Consumer;03.05.2024
C12393;;Corporate;23.12.2023
C12394;Italy;Consumer;17.07.2023
C12395;Romania;Consumer;12.07.2023
C12396;Romania;Consumer;07.11.2025
C12397;Romania;Consumer;05.09.2023
C12398;Italy;Corporate;03.09.2024
C12399;Romania;Corporate;27.02.2023
C12400;Romania;Consumer;02.03.2025
C12401;United Kingdom;Consumer;03.08.2025
C12402;Romania;Consumer;30.12.2023
C12403;Romania;Consumer;11.04.2023
C12404;Romania;Consumer;25.05.2024
C12405;Romania;Consumer;27.09.2025
C12406;Netherlands;Consumer;02.06.2023
C12407;Romania;Consumer;14.11.2025
C12408;Italy;Small Business;11.03.2026
C12409;Romania;Consumer;14.02.2025
C12410;Romania;Consumer;13.12.2025
C12411;Romania;Consumer;25.12.2023
C12412;Germany;Small Business;03.03.2025
C12413;Romania;Small Business;01.07.2025
C12414;Romania;Consumer;13.06.2025
C12415;Spain;Small Business;05.09.2023
C12416;Romania;Small Business;10.03.2026
C12417;Spain;Consumer;20.05.2025
C12418;Romania;Consumer;30.05.2023
C12419;Romania;Corporate;26.03.2025
C12420;Germany;Consumer;06.03.2026
C12421;Romania;Consumer;31.01.2023
C12422;Romania;Consumer;05.02.2026
C12423;Romania;Consumer;26.02.2024
C12424;Romania;Small Business;15.01.2024
C12425;ROMANIA;Small Business;14.09.2024
C12426;Romania;Small Business;02.07.2025
C12427;Netherlands;Consumer;12.05.2023
C12428;Romania;Small Business;03.12.2023
C12429;Romania;Consumer;27.10.2025
C12430;Romania;Small Business;27.10.2023
C12431;Germany;Consumer;21.03.2024
C12432;Italy;Consumer;29.03.2025
C12433;Italy;Corporate;16.11.2023
C12434;Romania;Corporate;05.03.2023
C12435;Romania;Consumer;04.11.2024
C12436;Italy;Consumer;04.05.2023
C12437;Romania;Consumer;07.05.2024
C12438;Germany;Small Business;22.04.2025
C12439;Romania;Consumer;01.08.2025
C12440;Romania;Consumer;29.04.2026
C12441;Romania;Consumer;17.01.2026
C12442;Romania;Small Business;13.02.2023
C12443;Italy;Corporate;12.09.2024
C12444;Germany;Corporate;30.01.2023
C12445;Spain;Small Business;19.10.2025
C12446;United Kingdom;Consumer;06.04.2023
C12447;Romania;Consumer;18.09.2025
C12448;Germany;Consumer;03.01.2023
C12449;Romania;Consumer;22.05.2023
C12450;Italy;Small Business;30.03.2026
C12451;Romania;Consumer;26.08.2023
C12452;Spain;Small Business;27.08.2024
C12453;Germany;Consumer;26.10.2024
C12454;United Kingdom;Consumer;02.06.2025
C12455;Germany;Small Business;08.04.2026
C12456;Germany;Consumer;15.06.2024
C12457;United Kingdom;Consumer;09.02.2025
C12458;United Kingdom;Small Business;26.06.2026
C12459;Romania;Consumer;19.05.2023
C12460;Germany;Consumer;04.09.2024
C12461;Romania;Consumer;23.01.2024
C12462;United Kingdom;Corporate;13.04.2026
C12463;Germany;Consumer;23.02.2025
C12464;Romania;Consumer;08.04.2025
C12465;France;Consumer;27.08.2023
C12466;Romania;Consumer;24.04.2026
C12467;Germany;Corporate;27.03.2023
C12468;;Consumer;23.09.2024
C12469;United Kingdom;Small Business;26.01.2026
C12470;France;Small Business;15.12.2023
C12471;Romania;Consumer;02.03.2024
C12472;Romania;Small Business;18.02.2023
C12473;United Kingdom;Corporate;23.04.2025
C12474;Romania;Corporate;09.09.2023
C12475;Romania;Consumer;26.02.2025
C12476;Romania;Consumer;19.04.2023
C12477;Romania;Consumer;13.09.2024
C12478;Netherlands;Consumer;02.09.2024
C12479;Romania;Consumer;01.10.2024
C12480;Romania;Consumer;29.01.2024
C12481;Spain;Small Business;06.08.2023
C12482;Netherlands;Small Business;16.09.2025
C12483;Romania;Consumer;02.03.2026
C12484;Italy;Corporate;20.12.2023
C12485;Romania;Consumer;02.08.2024
C12486;France;Consumer;20.05.2023
C12487;Romania;Small Business;13.07.2023
C12488;Romania;Consumer;25.03.2024
C12489;Romania;Consumer;17.06.2025
C12490;United Kingdom;Corporate;08.05.2025
C12491;Romania;Corporate;16.07.2025
C12492;Romania;Small Business;24.04.2023
C12493;United Kingdom;Consumer;27.02.2023
C12494;Romania;Consumer;18.12.2023
C12495;Italy;Consumer;29.02.2024
C12496;Romania;Consumer;17.10.2024
C12497;Romania;Corporate;15.01.2025
C12498;Romania;Consumer;28.08.2023
C12499;Romania;Small Business;14.11.2025
C12500;Romania;Consumer;10.08.2025
C12501;Germany;Consumer;01.02.2024
C12502;United Kingdom;Consumer;04.04.2025
C12503;Romania;Consumer;18.01.2024
C12504;Romania;Consumer;19.03.2023
C12505;France;Corporate;28.07.2025
C12506;Romania;Consumer;20.04.2023
C12507;United Kingdom;Small Business;07.10.2023
C12508;Italy;Consumer;22.01.2024
C12509;Romania;Small Business;17.02.2026
C12510;United Kingdom;Small Business;17.01.2025
C12511;Spain;Consumer;05.10.2025
C12512;Germany;Small Business;04.03.2026
C12513;Netherlands;Small Business;13.02.2026
C12514;Romania;Corporate;16.02.2025
C12515;Germany;Corporate;30.05.2024
C12516;Romania;Consumer;31.07.2023
C12517;Romania;Consumer;21.01.2025
C12518;Netherlands;Consumer;16.01.2025
C12519;Romania;Consumer;25.05.2026
C12520;Netherlands;Consumer;31.08.2023
C12521;United Kingdom;Consumer;23.08.2025
C12522;Spain;Small Business;06.12.2023
C12523;Netherlands;Consumer;11.04.2023
C12524;Germany;Consumer;26.05.2024
C12525;Netherlands;Corporate;14.05.2026
C12526;France;Consumer;13.08.2024
C12527;Germany;Consumer;26.08.2023
C12528;United Kingdom;Small Business;05.06.2025
C12529;Romania;Consumer;30.12.2023
C12530;Romania;Consumer;23.10.2023
C12531;Romania;Small Business;11.11.2023
C12532;Romania;Consumer;15.04.2023
C12533;Romania;Consumer;30.05.2025
C12534;Germany;Corporate;14.02.2024
C12535;United Kingdom;Consumer;26.01.2024
C12536;United Kingdom;Consumer;24.02.2024
C12537;Italy;Consumer;05.06.2025
C12538;Netherlands;Consumer;20.01.2026
C12539;Italy;Consumer;05.08.2025
C12540;United Kingdom;Consumer;25.12.2024
C12541;Romania;Consumer;30.06.2025
C12542;Spain;Corporate;17.10.2023
C12543;Romania;Consumer;12.03.2026
C12544;ROMANIA;Consumer;20.02.2025
C12545;Romania;Small Business;02.05.2026
C12546;Germany;Consumer;08.12.2023
C12547;United Kingdom;Small Business;07.07.2023
C12548;Romania;Consumer;01.07.2025
C12549;France;Small Business;14.02.2024
C12550;Romania;Corporate;23.09.2023
C12551;Romania;Consumer;02.10.2025
C12552;Romania;Consumer;11.11.2024
C12553;Romania;Consumer;24.09.2025
C12554;France;Consumer;07.11.2023
C12555;Romania;Consumer;01.04.2023
C12556;Romania;Small Business;06.06.2024
C12557;Romania;Consumer;12.05.2026
C12558;France;Consumer;17.01.2025
C12559;Netherlands;Small Business;28.12.2025
C12560;United Kingdom;Consumer;11.12.2025
C12561;Germany;Consumer;21.02.2026
C12562;Spain;Corporate;08.08.2024
C12563;Romania;Small Business;18.09.2023
C12564;Romania;Corporate;22.02.2026
C12565;Germany;Consumer;01.10.2024
C12566;Romania;Consumer;13.02.2024
C12567;Romania;Consumer;16.07.2024
C12568;Romania;Corporate;25.09.2025
C12569;Romania;Small Business;04.04.2024
C12570;Germany;Small Business;27.11.2025
C12571;Romania;Consumer;18.10.2023
C12572;Romania;Consumer;10.02.2024
C12573;Italy;Small Business;28.06.2023
C12574;United Kingdom;Consumer;16.01.2026
C12575;Romania;Consumer;15.01.2026
C12576;Romania;Small Business;22.09.2023
C12577;Romania;Small Business;07.11.2024
C12578;;Consumer;06.10.2025
C12579;Romania;Small Business;05.02.2025
C12580;Romania;Consumer;03.04.2025
C12581;Italy;Consumer;30.11.2023
C12582;Italy;Consumer;07.02.2023
C12583;France;Consumer;11.03.2026
C12584;United Kingdom;Consumer;09.04.2026
C12585;United Kingdom;Consumer;25.02.2023
C12586;France;Consumer;06.05.2025
C12587;Italy;Consumer;17.11.2023
C12588;France;Consumer;14.02.2024
C12589;France;Small Business;10.06.2024
C12590;ROMANIA;Consumer;25.10.2023
C12591;Germany;Consumer;29.01.2025
C12592;Romania;Consumer;29.01.2025
C12593;Romania;Consumer;30.03.2026
C12594;ROMANIA;Consumer;28.11.2025
C12595;Romania;Small Business;15.06.2025
C12596;Romania;Consumer;18.05.2026
C12597;Romania;Consumer;30.06.2024
C12598;Romania;Consumer;29.03.2023
C12599;Netherlands;Consumer;26.01.2026
C12600;Romania;Small Business;02.03.2024
C12601;Romania;Consumer;23.07.2024
C12602;Romania;Small Business;14.05.2024
C12603;Romania;Small Business;08.03.2026
C12604;United Kingdom;Consumer;15.04.2024
C12605;United Kingdom;Consumer;22.05.2025
C12606;Romania;Small Business;02.05.2025
C12607;Germany;Small Business;29.11.2024
C12608;Romania;Consumer;03.04.2023
C12609;United Kingdom;Consumer;11.02.2026
C12610;Spain;Consumer;01.03.2024
C12611;Spain;Consumer;08.10.2023
C12612;Romania;Small Business;24.05.2024
C12613;France;Consumer;07.03.2025
C12614;France;Consumer;21.11.2024
C12615;Italy;Consumer;01.12.2025
C12616;Romania;Consumer;08.11.2025
C12617;Romania;Small Business;04.03.2024
C12618;Romania;Consumer;16.11.2025
C12619;Romania;Small Business;20.05.2025
C12620;United Kingdom;Consumer;01.01.2026
C12621;Romania;Consumer;01.01.2023
C12622;Romania;Consumer;24.10.2024
C12623;Italy;Consumer;09.03.2025
C12624;Germany;Small Business;05.11.2023
C12625;Netherlands;Consumer;16.04.2025
C12626;France;Corporate;15.07.2025
C12627;Italy;Consumer;27.06.2023
C12628;France;Small Business;03.05.2026
C12629;Romania;Consumer;21.04.2026
C12630;Romania;Small Business;31.12.2023
C12631;Spain;Consumer;12.09.2023
C12632;Romania;Consumer;11.09.2023
C12633;Romania;Corporate;16.02.2023
C12634;Germany;Small Business;29.01.2023
C12635;Romania;Consumer;03.02.2024
C12636;Romania;Small Business;30.04.2025
C12637;Romania;Consumer;26.11.2024
C12638;Romania;Small Business;09.04.2025
C12639;United Kingdom;Consumer;21.06.2023
C12640;Romania;Small Business;23.06.2026
C12641;Germany;Consumer;12.09.2023
C12642;Romania;Small Business;13.04.2024
C12643;Germany;Corporate;24.04.2025
C12644;Romania;Corporate;12.06.2023
C12645;Romania;Small Business;10.07.2024
C12646;France;Small Business;06.04.2026
C12647;Romania;Consumer;25.10.2023
C12648;France;Consumer;01.03.2025
C12649;Romania;Consumer;12.02.2025
C12650;Romania;Consumer;09.04.2023
C12651;Romania;Consumer;09.03.2023
C12652;Italy;Small Business;06.07.2023
C12653;Romania;Consumer;21.01.2023
C12654;Romania;Consumer;09.11.2024
C12655;Germany;Consumer;29.11.2023
C12656;Romania;Small Business;02.02.2025
C12657;France;Consumer;05.01.2024
C12658;Netherlands;Consumer;22.03.2024
C12659;Germany;Consumer;14.05.2023
C12660;Romania;Consumer;11.10.2025
C12661;Romania;Consumer;27.05.2023
C12662;Netherlands;Consumer;10.03.2026
C12663;Germany;Corporate;03.08.2023
C12664;Romania;Small Business;17.06.2026
C12665;Netherlands;Consumer;13.07.2025
C12666;Netherlands;Consumer;16.11.2025
C12667;Romania;Consumer;25.10.2025
C12668;Romania;Small Business;22.07.2024
C12669;United Kingdom;Corporate;20.08.2023
C12670;Italy;Consumer;13.05.2025
C12671;Germany;Consumer;18.04.2025
C12672;Romania;Corporate;26.10.2025
C12673;Romania;Consumer;26.10.2023
C12674;Romania;Corporate;11.11.2025
C12675;Romania;Consumer;27.01.2026
C12676;France;Small Business;21.07.2025
C12677;Romania;Consumer;10.12.2023
C12678;Romania;Small Business;15.06.2023
C12679;Italy;Corporate;24.11.2025
C12680;Romania;Consumer;14.07.2024
C12681;Romania;Small Business;27.01.2024
C12682;Spain;Consumer;16.07.2023
C12683;Romania;Consumer;22.09.2024
C12684;Italy;Consumer;11.09.2023
C12685;Romania;Consumer;02.12.2025
C12686;Romania;Consumer;08.03.2024
C12687;United Kingdom;Consumer;22.07.2024
C12688;Romania;Consumer;23.04.2025
C12689;Germany;Consumer;11.06.2025
C12690;Romania;Consumer;30.05.2023
C12691;Germany;Consumer;08.04.2023
C12692;Romania;Small Business;29.12.2023
C12693;France;Consumer;11.08.2025
C12694;Germany;Corporate;31.12.2025
C12695;Germany;Consumer;25.05.2026
C12696;Romania;Consumer;16.12.2023
C12697;Germany;Consumer;01.09.2025
C12698;Germany;Consumer;03.08.2023
C12699;Romania;Consumer;30.08.2023
C12700;United Kingdom;Consumer;11.11.2024
C12701;Romania;Consumer;05.05.2023
C12702;Romania;Consumer;12.02.2023
C12703;France;Small Business;23.06.2026
C12704;Romania;Consumer;22.10.2025
C12705;Romania;Consumer;12.05.2025
C12706;United Kingdom;Consumer;11.10.2023
C12707;United Kingdom;Consumer;08.04.2023
C12708;Romania;Corporate;19.06.2023
C12709;Romania;Consumer;21.06.2024
C12710;Romania;Consumer;28.10.2025
C12711;Germany;Consumer;27.01.2025
C12712;Romania;Corporate;11.12.2025
C12713;United Kingdom;Consumer;06.03.2026
C12714;France;Small Business;26.07.2025
C12715;Spain;Small Business;08.05.2023
C12716;Romania;Consumer;27.10.2023
C12717;Romania;Small Business;06.03.2024
C12718;Romania;Consumer;03.11.2024
C12719;Romania;Consumer;08.10.2025
C12720;Romania;Consumer;21.05.2026
C12721;Italy;Consumer;08.06.2026
C12722;Romania;Consumer;01.09.2024
C12723;Romania;Small Business;19.06.2026
C12724;Germany;Small Business;26.04.2026
C12725;Netherlands;Small Business;01.08.2023
C12726;Romania;Consumer;13.05.2025
C12727;France;Consumer;14.07.2024
C12728;Italy;Consumer;14.12.2025
C12729;Romania;Small Business;12.01.2026
C12730;United Kingdom;Consumer;03.09.2023
C12731;Romania;Consumer;09.02.2025
C12732;Romania;Small Business;01.05.2025
C12733;Romania;Small Business;24.12.2025
C12734;Romania;Consumer;11.07.2025
C12735;United Kingdom;Consumer;28.09.2025
C12736;Italy;Consumer;17.12.2025
C12737;Romania;Small Business;16.04.2026
C12738;Germany;Small Business;10.09.2023
C12739;Romania;Small Business;03.10.2025
C12740;Romania;Consumer;04.05.2024
C12741;United Kingdom;Consumer;05.01.2025
C12742;Romania;Consumer;18.04.2025
C12743;France;Consumer;07.04.2025
C12744;Romania;Corporate;09.09.2023
C12745;France;Consumer;13.11.2025
C12746;Romania;Consumer;01.07.2025
C12747;Romania;Consumer;13.08.2025
C12748;France;Consumer;25.02.2025
C12749;Germany;Consumer;25.01.2025
C12750;Romania;Consumer;21.12.2023
C12751;Italy;Consumer;02.02.2025
C12752;Romania;Corporate;25.12.2023
C12753;Romania;Small Business;28.01.2026
C12754;Romania;Corporate;06.03.2023
C12755;Germany;Consumer;13.01.2023
C12756;Germany;Corporate;18.07.2025
C12757;Italy;Consumer;05.07.2025
C12758;Germany;Consumer;14.12.2024
C12759;Romania;Consumer;22.12.2024
C12760;Romania;Consumer;14.02.2023
C12761;Romania;Small Business;05.12.2025
C12762;France;Consumer;17.12.2025
C12763;Romania;Consumer;20.09.2023
C12764;Germany;Consumer;20.01.2023
C12765;Germany;Consumer;01.11.2024
C12766;France;Small Business;19.11.2023
C12767;Romania;Consumer;12.06.2023
C12768;Romania;Consumer;24.05.2023
C12769;Spain;Small Business;21.04.2025
C12770;Germany;Small Business;03.04.2024
C12771;Romania;Consumer;01.09.2025
C12772;France;Consumer;06.02.2024
C12773;Spain;Corporate;06.03.2025
C12774;Romania;Consumer;14.12.2023
C12775;Spain;Consumer;08.12.2024
C12776;Romania;Consumer;10.06.2025
C12777;Netherlands;Consumer;14.03.2024
C12778;Romania;Corporate;07.02.2026
C12779;Romania;Corporate;27.03.2025
C12780;Romania;Consumer;15.09.2023
C12781;France;Small Business;21.02.2026
C12782;Netherlands;Small Business;28.09.2024
C12783;Romania;Consumer;09.07.2025
C12784;Romania;Small Business;17.03.2024
C12785;Romania;Corporate;30.01.2023
C12786;Romania;Consumer;19.12.2024
C12787;France;Consumer;11.10.2024
C12788;Romania;Small Business;12.07.2025
C12789;Netherlands;Small Business;28.05.2025
C12790;Spain;Consumer;05.10.2024
C12791;Romania;Consumer;08.01.2023
C12792;Germany;Small Business;24.01.2025
C12793;;Consumer;26.04.2026
C12794;Italy;Small Business;09.03.2026
C12795;United Kingdom;Small Business;14.04.2023
C12796;Romania;Consumer;20.01.2026
C12797;Romania;Small Business;04.07.2023
C12798;France;Consumer;14.04.2023
C12799;Romania;Consumer;03.02.2023
C12800;United Kingdom;Consumer;13.10.2024
C12801;France;Consumer;14.08.2023
C12802;Romania;Small Business;05.03.2025
C12803;Romania;Small Business;18.08.2024
C12804;Romania;Consumer;23.12.2025
C12805;Italy;Small Business;26.09.2023
C12806;Romania;Consumer;05.12.2023
C12807;Romania;Consumer;22.10.2024
C12808;Spain;Consumer;28.06.2023
C12809;United Kingdom;Small Business;07.08.2024
C12810;Germany;Consumer;31.01.2025
C12811;Italy;Small Business;26.02.2025
C12812;Romania;Consumer;19.08.2024
C12813;Netherlands;Consumer;09.05.2023
C12814;Italy;Consumer;25.11.2023
C12815;Romania;Consumer;02.04.2023
C12816;Romania;Corporate;18.04.2026
C12817;Romania;Consumer;11.01.2025
C12818;United Kingdom;Consumer;10.02.2024
C12819;United Kingdom;Consumer;21.01.2024
C12820;Germany;Small Business;12.03.2023
C12821;Netherlands;Consumer;26.08.2024
C12822;Romania;Small Business;17.03.2023
C12823;France;Consumer;14.06.2025
C12824;United Kingdom;Consumer;14.09.2023
C12825;Germany;Small Business;08.05.2023
C12826;Romania;Consumer;29.05.2023
C12827;United Kingdom;Consumer;06.02.2023
C12828;United Kingdom;Small Business;18.05.2024
C12829;Romania;Small Business;17.03.2023
C12830;France;Consumer;13.04.2023
C12831;Romania;Consumer;07.10.2023
C12832;Romania;Consumer;17.12.2024
C12833;Italy;Consumer;08.10.2023
C12834;Romania;Consumer;05.06.2024
C12835;United Kingdom;Consumer;01.07.2024
C12836;United Kingdom;Consumer;01.02.2025
C12837;Romania;Small Business;01.03.2023
C12838;Romania;Consumer;16.06.2026
C12839;Romania;Consumer;29.04.2023
C12840;Romania;Consumer;19.06.2026
C12841;United Kingdom;Consumer;30.12.2023
C12842;Romania;Consumer;16.06.2024
C12843;Netherlands;Small Business;27.03.2023
C12844;Romania;Consumer;13.04.2024
C12845;Romania;Small Business;20.02.2026
C12846;Spain;Consumer;19.05.2025
C12847;Germany;Consumer;06.03.2025
C12848;United Kingdom;Consumer;14.04.2024
C12849;United Kingdom;Consumer;27.03.2026
C12850;Italy;Corporate;20.09.2025
C12851;Romania;Small Business;18.11.2023
C12852;Romania;Consumer;06.02.2025
C12853;Netherlands;Consumer;20.05.2024
C12854;Romania;Small Business;12.09.2023
C12855;United Kingdom;Consumer;16.04.2025
C12856;United Kingdom;Corporate;13.06.2024
C12857;Germany;Consumer;05.05.2023
C12858;France;Consumer;07.01.2026
C12859;Netherlands;Consumer;12.02.2025
C12860;Romania;Consumer;07.12.2024
C12861;United Kingdom;Consumer;29.06.2026
C12862;United Kingdom;Consumer;24.06.2025
C12863;Romania;Corporate;03.06.2026
C12864;Italy;Consumer;24.06.2025
C12865;Romania;Consumer;05.08.2023
C12866;Romania;Consumer;07.09.2024
C12867;Italy;Consumer;11.10.2024
C12868;Spain;Consumer;13.01.2024
C12869;Romania;Small Business;30.01.2024
C12870;France;Small Business;30.01.2025
C12871;Romania;Small Business;09.06.2024
C12872;Romania;Corporate;25.05.2023
C12873;Romania;Consumer;11.01.2025
C12874;Italy;Consumer;01.02.2025
C12875;Romania;Consumer;08.11.2025
C12876;Romania;Small Business;12.05.2023
C12877;France;Consumer;06.08.2024
C12878;Romania;Small Business;24.02.2026
C12879;Romania;Corporate;04.12.2023
C12880;Romania;Consumer;07.08.2025
C12881;France;Consumer;14.03.2024
C12882;United Kingdom;Consumer;20.08.2023
C12883;France;Consumer;26.06.2025
C12884;Romania;Consumer;28.09.2025
C12885;Romania;Consumer;13.03.2026
C12886;France;Small Business;15.07.2025
C12887;Romania;Small Business;27.01.2024
C12888;Romania;Consumer;18.07.2025
C12889;Romania;Consumer;11.02.2023
C12890;Romania;Small Business;03.03.2024
C12891;Romania;Consumer;29.09.2023
C12892;Spain;Small Business;29.10.2024
C12893;Germany;Consumer;30.05.2025
C12894;Germany;Corporate;17.01.2025
C12895;Romania;Small Business;20.08.2023
C12896;United Kingdom;Small Business;26.04.2024
C12897;Germany;Small Business;26.04.2023
C12898;Spain;Consumer;16.12.2024
C12899;Romania;Consumer;06.08.2025
C12900;France;Small Business;08.11.2023
C12901;Romania;Consumer;04.11.2024
C12902;Germany;Consumer;21.01.2026
C12903;Spain;Consumer;26.05.2023
C12904;United Kingdom;Consumer;10.05.2026
C12905;United Kingdom;Consumer;28.02.2024
C12906;Italy;Consumer;21.02.2024
C12907;Spain;Consumer;30.06.2025
C12908;Romania;Consumer;12.03.2024
C12909;Romania;Small Business;02.06.2024
C12910;Germany;Consumer;03.10.2023
C12911;Netherlands;Corporate;22.06.2023
C12912;Germany;Corporate;08.01.2026
C12913;Romania;Consumer;05.05.2023
C12914;Germany;Consumer;28.07.2023
C12915;Romania;Consumer;18.11.2025
C12916;Romania;Small Business;16.10.2025
C12917;Romania;Consumer;03.10.2023
C12918;Romania;Consumer;28.11.2025
C12919;United Kingdom;Consumer;14.07.2025
C12920;Romania;Small Business;08.02.2024
C12921;Romania;Consumer;12.04.2023
C12922;Germany;Consumer;18.09.2025
C12923;Romania;Small Business;18.05.2025
C12924;Romania;Consumer;31.07.2024
C12925;Romania;Small Business;16.12.2023
C12926;Romania;Small Business;20.03.2024
C12927;United Kingdom;Consumer;15.12.2023
C12928;Romania;Consumer;13.02.2026
C12929;Romania;Consumer;18.09.2023
C12930;Romania;Corporate;01.08.2024
C12931;Romania;Small Business;28.03.2025
C12932;Romania;Consumer;12.03.2023
C12933;Romania;Small Business;02.10.2024
C12934;Romania;Consumer;20.03.2025
C12935;Romania;Consumer;04.11.2024
C12936;Italy;Consumer;19.04.2025
C12937;Romania;Small Business;14.09.2024
C12938;Romania;Consumer;20.03.2025
C12939;Germany;Consumer;01.06.2026
C12940;Romania;Consumer;04.04.2024
C12941;France;Small Business;31.03.2024
C12942;Romania;Small Business;15.05.2025
C12943;Romania;Consumer;25.04.2023
C12944;Spain;Consumer;07.01.2024
C12945;Romania;Consumer;01.08.2023
C12946;Romania;Consumer;15.08.2024
C12947;Germany;Consumer;05.06.2023
C12948;Netherlands;Consumer;04.10.2023
C12949;Romania;Consumer;26.06.2024
C12950;United Kingdom;Small Business;21.02.2025
C12951;Romania;Consumer;02.07.2024
C12952;United Kingdom;Consumer;31.10.2025
C12953;Romania;Consumer;17.10.2025
C12954;United Kingdom;Small Business;05.05.2023
C12955;Romania;Consumer;06.06.2025
C12956;Germany;Consumer;04.02.2023
C12957;Romania;Consumer;10.08.2023
C12958;United Kingdom;Consumer;29.08.2025
C12959;France;Corporate;13.01.2025
C12960;Italy;Consumer;16.02.2024
C12961;Netherlands;Consumer;15.07.2023
C12962;Romania;Consumer;18.02.2024
C12963;United Kingdom;Consumer;21.09.2025
C12964;Romania;Small Business;21.12.2024
C12965;Spain;Consumer;16.06.2023
C12966;United Kingdom;Consumer;13.09.2024
C12967;Romania;Consumer;14.09.2023
C12968;Romania;Consumer;05.06.2023
C12969;France;Consumer;21.04.2023
C12970;Italy;Small Business;28.08.2025
C12971;France;Consumer;24.07.2023
C12972;Germany;;13.08.2023
C12973;Romania;Consumer;10.01.2026
C12974;Spain;Small Business;20.11.2025
C12975;United Kingdom;Consumer;02.10.2024
C12976;Germany;Consumer;02.09.2025
C12977;Germany;Consumer;30.01.2023
C12978;United Kingdom;Consumer;02.08.2023
C12979;United Kingdom;Consumer;27.03.2024
C12980;Germany;Small Business;25.08.2025
C12981;Italy;Consumer;26.04.2023
C12982;Italy;Corporate;23.04.2025
C12983;Romania;Consumer;31.03.2023
C12984;Romania;Small Business;06.06.2026
C12985;Germany;Consumer;24.09.2023
C12986;United Kingdom;Consumer;27.06.2025
C12987;Germany;Small Business;05.03.2025
C12988;Italy;Consumer;12.05.2024
C12989;Romania;Consumer;31.08.2025
C12990;Romania;Small Business;02.03.2025
C12991;Italy;Small Business;28.07.2024
C12992;Spain;Small Business;24.04.2025
C12993;Romania;Consumer;02.01.2024
C12994;Romania;Consumer;09.08.2025
C12995;Romania;Consumer;13.06.2025
C12996;Romania;Consumer;20.08.2024
C12997;Germany;Consumer;19.04.2025
C12998;Romania;Small Business;22.11.2025
C12999;Romania;Small Business;30.03.2025
C13000;United Kingdom;Consumer;02.01.2024
C13001;United Kingdom;Consumer;20.12.2023
C13002;United Kingdom;Consumer;14.05.2026
C13003;;Consumer;28.10.2025
C13004;Romania;Small Business;01.02.2024
C13005;Romania;Consumer;03.07.2025
C13006;Spain;Consumer;17.02.2023
C13007;Romania;Corporate;02.06.2025
C13008;Germany;Corporate;13.09.2023
C13009;Germany;Consumer;02.02.2024
C13010;Italy;Consumer;29.03.2026
C13011;Romania;Consumer;27.06.2023
C13012;Romania;Consumer;05.10.2025
C13013;Italy;Consumer;29.05.2024
C13014;Romania;Consumer;14.07.2024
C13015;Germany;Small Business;12.08.2024
C13016;Romania;Consumer;28.02.2026
C13017;Netherlands;Consumer;30.09.2024
C13018;United Kingdom;Small Business;11.11.2023
C13019;Romania;Consumer;10.01.2023
C13020;Italy;Consumer;26.10.2023
C13021;United Kingdom;Consumer;22.07.2023
C13022;Germany;Consumer;14.06.2023
C13023;Romania;Consumer;20.06.2026
C13024;Romania;Consumer;18.07.2024
C13025;United Kingdom;Consumer;28.06.2026
C13026;Romania;Small Business;18.10.2024
C13027;Italy;Small Business;07.10.2023
C13028;Romania;Consumer;05.07.2023
C13029;United Kingdom;Small Business;27.08.2025
C13030;Romania;Consumer;27.05.2023
C13031;United Kingdom;Consumer;08.03.2023
C13032;Romania;Consumer;13.05.2024
C13033;Romania;Consumer;07.02.2024
C13034;Romania;Consumer;24.10.2023
C13035;Germany;Corporate;17.10.2024
C13036;Romania;Consumer;02.01.2025
C13037;France;Consumer;07.07.2024
C13038;Romania;Consumer;31.10.2024
C13039;Germany;Small Business;02.05.2025
C13040;Germany;Consumer;27.07.2023
C13041;Romania;Corporate;16.04.2024
C13042;Romania;Consumer;17.01.2023
C13043;Romania;Small Business;21.05.2026
C13044;Germany;Consumer;02.04.2025
C13045;Netherlands;Consumer;21.10.2025
C13046;Romania;Consumer;13.09.2025
C13047;United Kingdom;Consumer;08.01.2023
C13048;United Kingdom;Consumer;15.09.2024
C13049;United Kingdom;Consumer;14.01.2026
C13050;Germany;Consumer;04.01.2025
C13051;Netherlands;Consumer;01.02.2025
C13052;Germany;Consumer;12.05.2026
C13053;Italy;Small Business;14.08.2025
C13054;Romania;Small Business;06.09.2025
C13055;France;Corporate;16.10.2025
C13056;Netherlands;Consumer;01.03.2024
C13057;Spain;Consumer;26.05.2026
C13058;Romania;Corporate;20.12.2025
C13059;Italy;Corporate;12.02.2023
C13060;Romania;Corporate;30.11.2024
C13061;United Kingdom;Consumer;12.11.2023
C13062;Romania;Consumer;27.10.2024
C13063;United Kingdom;Corporate;28.10.2025
C13064;Romania;Consumer;01.06.2025
C13065;ROMANIA;Consumer;17.10.2025
C13066;Romania;Corporate;02.07.2024
C13067;Romania;Small Business;09.04.2023
C13068;Romania;Consumer;28.01.2026
C13069;Italy;Consumer;11.04.2023
C13070;France;Small Business;02.08.2023
C13071;France;Consumer;10.07.2025
C13072;France;Small Business;22.06.2024
C13073;Romania;Consumer;30.08.2024
C13074;Germany;Consumer;24.03.2023
C13075;Germany;Small Business;07.08.2023
C13076;Romania;Corporate;19.06.2025
C13077;Germany;Consumer;23.12.2024
C13078;United Kingdom;Consumer;11.12.2023
C13079;United Kingdom;Consumer;25.05.2024
C13080;France;Consumer;26.06.2024
C13081;Romania;Corporate;23.03.2026
C13082;France;Consumer;04.02.2026
C13083;Romania;Corporate;04.09.2024
C13084;Italy;Small Business;25.12.2024
C13085;Romania;Consumer;03.01.2023
C13086;Germany;Consumer;05.04.2025
C13087;Germany;Corporate;07.01.2025
C13088;Romania;Consumer;20.02.2026
C13089;Romania;Small Business;12.07.2024
C13090;Romania;Consumer;17.12.2024
C13091;Germany;Consumer;12.03.2023
C13092;Spain;Consumer;18.11.2025
C13093;Romania;Consumer;14.01.2024
C13094;Germany;Small Business;24.08.2025
C13095;Italy;Consumer;02.11.2023
C13096;Romania;Consumer;19.03.2024
C13097;Italy;Consumer;29.11.2023
C13098;Romania;Consumer;20.02.2026
C13099;Romania;Corporate;04.10.2025
C13100;Romania;Small Business;17.06.2025
C13101;Romania;Consumer;24.01.2024
C13102;United Kingdom;Corporate;25.07.2025
C13103;Italy;Consumer;16.09.2024
C13104;Romania;Consumer;01.07.2025
C13105;Spain;Consumer;05.12.2023
C13106;Romania;Small Business;19.11.2024
C13107;Romania;Consumer;27.04.2026
C13108;Italy;Small Business;11.04.2023
C13109;Italy;Consumer;14.09.2025
C13110;Germany;Consumer;09.06.2025
C13111;Romania;Consumer;24.06.2024
C13112;Romania;Consumer;07.03.2026
C13113;Romania;Consumer;16.07.2025
C13114;France;Small Business;04.11.2024
C13115;Romania;Consumer;06.02.2024
C13116;United Kingdom;Consumer;25.05.2025
C13117;Romania;Small Business;15.04.2023
C13118;Romania;Consumer;25.11.2023
C13119;Romania;Small Business;03.07.2024
C13120;Germany;Consumer;14.10.2023
C13121;Germany;Small Business;21.12.2024
C13122;Netherlands;Consumer;17.01.2026
C13123;Italy;Consumer;21.03.2024
C13124;United Kingdom;Consumer;03.06.2024
C13125;Romania;Consumer;27.05.2024
C13126;Spain;Consumer;13.07.2025
C13127;Italy;Consumer;30.06.2025
C13128;Italy;Consumer;27.10.2023
C13129;Romania;Consumer;16.02.2026
C13130;Romania;Small Business;06.04.2025
C13131;France;Consumer;14.02.2026
C13132;Romania;Consumer;21.01.2026
C13133;Romania;Consumer;04.01.2025
C13134;Romania;Consumer;16.06.2025
C13135;Germany;Small Business;14.03.2025
C13136;Romania;Small Business;16.02.2025
C13137;United Kingdom;Consumer;10.11.2024
C13138;United Kingdom;Consumer;22.10.2023
C13139;Germany;Consumer;18.04.2024
C13140;Romania;Small Business;18.06.2025
C13141;Spain;Small Business;30.07.2025
C13142;Romania;Consumer;19.08.2024
C13143;Romania;Small Business;22.05.2023
C13144;Romania;Consumer;21.06.2023
C13145;Romania;Consumer;14.02.2026
C13146;United Kingdom;Consumer;10.06.2023
C13147;Romania;Consumer;29.12.2023
C13148;Italy;Consumer;22.03.2023
C13149;;Consumer;07.10.2023
C13150;Netherlands;Consumer;07.12.2025
C13151;United Kingdom;Consumer;16.12.2023
C13152;Romania;Consumer;01.12.2025
C13153;Germany;Consumer;01.11.2025
C13154;Romania;Small Business;12.06.2025
C13155;Spain;Consumer;10.12.2023
C13156;France;Consumer;26.06.2026
C13157;Germany;Consumer;16.02.2025
C13158;Romania;Consumer;09.09.2025
C13159;Netherlands;Consumer;13.03.2024
C13160;United Kingdom;Consumer;26.04.2025
C13161;Germany;Consumer;17.04.2025
C13162;Romania;Consumer;24.01.2025
C13163;Romania;Small Business;16.06.2025
C13164;United Kingdom;Consumer;27.06.2026
C13165;Germany;Consumer;14.01.2026
C13166;Italy;Consumer;01.02.2024
C13167;Germany;Small Business;08.02.2026
C13168;Germany;Small Business;22.03.2024
C13169;Romania;Small Business;14.11.2023
C13170;France;Corporate;11.09.2023
C13171;Romania;Consumer;16.06.2025
C13172;Italy;Consumer;14.08.2024
C13173;Romania;Small Business;22.11.2025
C13174;United Kingdom;Consumer;04.12.2025
C13175;Italy;Small Business;17.11.2024
C13176;France;Consumer;27.09.2023
C13177;Romania;Consumer;23.05.2023
C13178;United Kingdom;Consumer;11.05.2026
C13179;Romania;Consumer;27.01.2024
C13180;Romania;Consumer;17.01.2023
C13181;France;Consumer;21.05.2024
C13182;France;Consumer;24.10.2025
C13183;Romania;Consumer;27.04.2023
C13184;Spain;Small Business;01.06.2025
C13185;Romania;Small Business;14.06.2024
C13186;Spain;Small Business;01.03.2026
C13187;France;Consumer;26.07.2024
C13188;Spain;Consumer;27.10.2024
C13189;Italy;Consumer;05.08.2024
C13190;Netherlands;Consumer;18.05.2025
C13191;United Kingdom;Consumer;01.04.2023
C13192;Romania;Small Business;05.03.2023
C13193;Romania;Consumer;12.01.2025
C13194;France;Consumer;18.05.2024
C13195;Romania;Consumer;02.08.2023
C13196;Spain;Consumer;10.09.2025
C13197;Romania;Consumer;14.08.2025
C13198;Italy;Small Business;20.05.2023
C13199;Germany;Small Business;23.08.2023
C13200;Italy;Small Business;25.09.2025
C13201;Spain;Small Business;02.09.2024
C13202;Romania;Consumer;29.01.2024
C13203;United Kingdom;Small Business;06.11.2024
C13204;Romania;Small Business;26.03.2024
C13205;France;Consumer;30.04.2023
C13206;France;Small Business;06.04.2025
C13207;Romania;Corporate;07.06.2025
C13208;Romania;Consumer;10.04.2023
C13209;Romania;Consumer;15.11.2023
C13210;Romania;Consumer;08.03.2025
C13211;France;Small Business;24.08.2025
C13212;Romania;Small Business;11.03.2026
C13213;Spain;Consumer;09.02.2025
C13214;Netherlands;Consumer;30.04.2023
C13215;Spain;Consumer;26.03.2024
C13216;Germany;Consumer;19.11.2023
C13217;Romania;Small Business;14.06.2026
C13218;France;Consumer;18.01.2023
C13219;United Kingdom;Consumer;24.04.2024
C13220;Netherlands;Consumer;22.10.2024
C13221;Romania;Consumer;17.01.2024
C13222;Romania;Small Business;21.07.2025
C13223;Netherlands;Consumer;17.06.2023
C13224;Italy;Consumer;28.03.2026
C13225;Romania;Small Business;25.05.2024
C13226;United Kingdom;Consumer;14.04.2024
C13227;Romania;Consumer;24.03.2026
C13228;Germany;Consumer;09.07.2023
C13229;Romania;Small Business;07.02.2023
C13230;Romania;Consumer;14.10.2024
C13231;Romania;Consumer;19.02.2024
C13232;Romania;Consumer;02.08.2025
C13233;Romania;Small Business;15.10.2024
C13234;Romania;Consumer;08.03.2025
C13235;Romania;Small Business;23.02.2026
C13236;Germany;Small Business;27.04.2026
C13237;United Kingdom;Small Business;04.10.2023
C13238;United Kingdom;Consumer;23.09.2025
C13239;Romania;Consumer;12.06.2023
C13240;Romania;Small Business;05.09.2024
C13241;Italy;Small Business;11.12.2024
C13242;Italy;Small Business;11.01.2026
C13243;Netherlands;Corporate;23.04.2023
C13244;Spain;Consumer;06.01.2026
C13245;United Kingdom;Consumer;31.10.2023
C13246;Italy;Small Business;30.12.2025
C13247;Romania;Consumer;15.04.2025
C13248;France;Small Business;27.05.2024
C13249;Spain;Small Business;20.06.2023
C13250;France;Consumer;17.03.2024
C13251;Romania;Consumer;02.08.2025
C13252;;Small Business;22.09.2023
C13253;Romania;Corporate;04.05.2025
C13254;Romania;Consumer;19.10.2023
C13255;Italy;Consumer;14.04.2023
C13256;United Kingdom;Small Business;25.02.2025
C13257;Romania;Small Business;02.11.2025
C13258;United Kingdom;Small Business;12.05.2026
C13259;Romania;Consumer;02.10.2024
C13260;Germany;Consumer;12.02.2025
C13261;Romania;Consumer;19.05.2025
C13262;Germany;Small Business;10.06.2024
C13263;United Kingdom;Consumer;16.02.2023
C13264;France;Consumer;06.11.2023
C13265;France;Consumer;28.04.2024
C13266;Romania;Consumer;11.04.2025
C13267;United Kingdom;Consumer;25.01.2024
C13268;Romania;Small Business;27.09.2023
C13269;Romania;Consumer;01.03.2026
C13270;Germany;Consumer;02.10.2025
C13271;United Kingdom;Consumer;30.04.2023
C13272;Spain;Small Business;13.02.2024
C13273;Romania;Consumer;02.05.2024
C13274;Italy;Consumer;23.01.2023
C13275;Romania;Consumer;14.04.2026
C13276;Germany;Corporate;07.02.2026
C13277;Italy;Small Business;25.09.2024
C13278;United Kingdom;Consumer;06.02.2023
C13279;Italy;Consumer;01.06.2025
C13280;France;Consumer;26.09.2025
C13281;Romania;Corporate;21.11.2025
C13282;Netherlands;Consumer;21.07.2025
C13283;Spain;Small Business;20.01.2026
C13284;Romania;Small Business;13.10.2024
C13285;Romania;Small Business;27.07.2023
C13286;Romania;;29.05.2025
C13287;Italy;Consumer;04.10.2023
C13288;Spain;Consumer;14.03.2025
C13289;Italy;Corporate;11.07.2023
C13290;Romania;Small Business;20.02.2023
C13291;Romania;Consumer;22.07.2024
C13292;Germany;Small Business;25.01.2025
C13293;Romania;Consumer;17.07.2023
C13294;Romania;Consumer;28.09.2025
C13295;Romania;Consumer;10.04.2025
C13296;Romania;Small Business;18.10.2025
C13297;Romania;Consumer;07.04.2024
C13298;France;Consumer;21.04.2025
C13299;Romania;Consumer;15.05.2026
C13300;Romania;Consumer;21.08.2023
C13301;Germany;Consumer;07.11.2025
C13302;Netherlands;Consumer;13.03.2025
C13303;France;Small Business;13.07.2025
C13304;United Kingdom;Corporate;09.03.2025
C13305;France;Consumer;28.05.2025
C13306;United Kingdom;Corporate;21.09.2025
C13307;United Kingdom;Small Business;20.02.2023
C13308;Germany;Small Business;10.02.2023
C13309;Germany;Consumer;17.04.2023
C13310;Romania;Small Business;01.04.2026
C13311;Romania;Consumer;05.07.2024
C13312;Romania;Consumer;18.06.2026
C13313;Romania;Small Business;13.03.2026
C13314;Romania;Consumer;16.03.2024
C13315;Germany;Small Business;30.04.2023
C13316;Germany;Consumer;11.12.2025
C13317;Romania;Consumer;20.06.2024
C13318;Romania;Consumer;16.01.2024
C13319;Romania;Small Business;10.10.2025
C13320;United Kingdom;Consumer;07.09.2024
C13321;Romania;Small Business;13.02.2024
C13322;Romania;Small Business;20.05.2024
C13323;Romania;Consumer;31.03.2026
C13324;Germany;Consumer;21.01.2024
C13325;Romania;Corporate;07.04.2026
C13326;Germany;Corporate;21.01.2025
C13327;Germany;Consumer;14.03.2023
C13328;Spain;Consumer;25.05.2023
C13329;United Kingdom;Consumer;25.02.2025
C13330;Romania;Small Business;24.06.2023
C13331;Romania;Consumer;05.07.2023
C13332;France;Consumer;16.07.2024
C13333;Romania;Consumer;16.04.2026
C13334;Spain;Corporate;19.02.2026
C13335;Germany;Consumer;01.04.2026
C13336;Romania;Small Business;04.04.2023
C13337;Romania;Consumer;22.10.2025
C13338;Spain;Consumer;11.04.2026
C13339;Netherlands;Consumer;19.02.2025
C13340;Italy;Corporate;22.06.2026
C13341;Romania;Small Business;21.10.2025
C13342;France;Consumer;05.05.2025
C13343;Romania;Consumer;01.06.2024
C13344;Romania;Consumer;30.03.2024
C13345;United Kingdom;Consumer;17.11.2023
C13346;Netherlands;Corporate;08.01.2025
C13347;Romania;Consumer;06.07.2024
C13348;Germany;Small Business;15.01.2024
C13349;Romania;Consumer;18.08.2023
C13350;Romania;Small Business;20.10.2024
C13351;Romania;Small Business;26.01.2023
C13352;Italy;Small Business;21.04.2024
C13353;Romania;Consumer;22.03.2023
C13354;United Kingdom;Small Business;04.03.2024
C13355;Romania;Small Business;26.04.2025
C13356;Romania;Consumer;24.03.2025
C13357;Romania;Corporate;27.01.2023
C13358;Romania;Small Business;22.06.2025
C13359;Germany;Consumer;20.01.2024
C13360;United Kingdom;Consumer;30.08.2024
C13361;Spain;Consumer;13.05.2025
C13362;Romania;Consumer;16.02.2023
C13363;Germany;Small Business;12.08.2023
C13364;Spain;Small Business;30.07.2023
C13365;Romania;Consumer;28.02.2024
C13366;Italy;Consumer;21.01.2023
C13367;Spain;Consumer;10.02.2023
C13368;Italy;Consumer;15.10.2024
C13369;Germany;Small Business;24.05.2023
C13370;United Kingdom;Consumer;09.07.2024
C13371;Germany;Consumer;16.10.2023
C13372;Germany;Consumer;11.06.2023
C13373;Netherlands;Small Business;04.09.2024
C13374;Romania;Consumer;25.08.2024
C13375;France;Consumer;31.07.2025
C13376;Germany;Corporate;11.06.2023
C13377;Romania;Small Business;15.05.2026
C13378;United Kingdom;Small Business;25.01.2024
C13379;France;Consumer;14.02.2023
C13380;Germany;Consumer;12.07.2025
C13381;Italy;Consumer;23.11.2024
C13382;Romania;Consumer;14.04.2025
C13383;Spain;Consumer;09.03.2026
C13384;United Kingdom;Consumer;04.03.2026
C13385;France;Consumer;03.04.2026
C13386;Romania;Corporate;29.11.2024
C13387;Romania;Small Business;13.02.2023
C13388;Spain;Consumer;13.02.2025
C13389;Romania;Consumer;13.04.2023
C13390;Romania;Consumer;11.07.2024
C13391;France;Consumer;14.08.2025
C13392;France;Consumer;18.03.2023
C13393;Italy;Corporate;02.06.2024
C13394;France;Corporate;10.06.2024
C13395;Spain;Corporate;31.10.2023
C13396;Germany;Consumer;26.11.2024
C13397;United Kingdom;Small Business;28.10.2025
C13398;Italy;Small Business;18.06.2026
C13399;United Kingdom;Consumer;02.03.2026
C13400;Romania;Consumer;29.04.2026
C13401;Romania;Consumer;17.09.2023
C13402;Germany;Consumer;24.05.2023
C13403;France;Small Business;22.08.2023
C13404;Germany;Small Business;03.06.2026
C13405;France;Corporate;06.10.2023
C13406;Italy;Consumer;20.08.2025
C13407;Romania;Consumer;01.06.2024
C13408;United Kingdom;Consumer;20.05.2025
C13409;Germany;Consumer;18.08.2025
C13410;Romania;Corporate;26.02.2026
C13411;Germany;Consumer;19.02.2024
C13412;Germany;Consumer;31.05.2023
C13413;France;Consumer;24.05.2024
C13414;Romania;Small Business;10.04.2024
C13415;Romania;Consumer;16.01.2026
C13416;Germany;Consumer;16.06.2025
C13417;Italy;Small Business;13.05.2023
C13418;Germany;Consumer;22.07.2024
C13419;Romania;Consumer;23.06.2025
C13420;Spain;Consumer;03.08.2025
C13421;Romania;Consumer;30.10.2025
C13422;Romania;Consumer;14.10.2023
C13423;Romania;Consumer;03.02.2026
C13424;France;Consumer;26.02.2026
C13425;Italy;Consumer;07.10.2023
C13426;Romania;Consumer;22.04.2025
C13427;France;Consumer;16.05.2025
C13428;United Kingdom;Small Business;27.01.2026
C13429;Italy;Small Business;20.04.2023
C13430;Spain;Small Business;03.01.2026
C13431;France;Small Business;15.02.2023
C13432;Romania;Consumer;06.09.2024
C13433;Romania;Consumer;10.01.2024
C13434;Spain;Consumer;07.03.2025
C13435;Germany;Small Business;26.08.2024
C13436;Germany;Consumer;22.12.2025
C13437;Spain;Corporate;09.04.2023
C13438;Italy;Consumer;07.10.2024
C13439;United Kingdom;Consumer;23.10.2024
C13440;Italy;;11.10.2024
C13441;Romania;Consumer;09.04.2023
C13442;France;Corporate;15.08.2024
C13443;Netherlands;Consumer;28.01.2026
C13444;Romania;Small Business;05.02.2025
C13445;Romania;Consumer;20.05.2023
C13446;France;Consumer;04.07.2025
C13447;Germany;Small Business;30.03.2026
C13448;Romania;Consumer;24.10.2025
C13449;Romania;Consumer;30.04.2023
C13450;Romania;Consumer;08.02.2023
C13451;Romania;Small Business;20.03.2024
C13452;Italy;Small Business;26.03.2026
C13453;United Kingdom;Consumer;05.07.2024
C13454;France;Small Business;22.05.2026
C13455;Romania;Small Business;06.05.2023
C13456;Romania;Consumer;29.08.2025
C13457;Romania;Corporate;17.08.2025
C13458;Italy;Consumer;09.05.2026
C13459;Spain;Small Business;29.10.2024
C13460;Romania;Consumer;11.02.2025
C13461;Netherlands;;03.01.2023
C13462;Romania;;29.01.2026
C13463;Romania;Consumer;16.03.2025
C13464;France;Small Business;13.06.2025
C13465;Romania;Small Business;08.03.2024
C13466;Spain;Consumer;10.04.2023
C13467;Romania;Consumer;16.07.2025
C13468;France;Small Business;24.07.2025
C13469;Romania;Consumer;18.08.2023
C13470;Romania;Consumer;18.11.2025
C13471;Romania;Consumer;02.01.2023
C13472;Spain;Consumer;13.04.2025
C13473;Germany;Small Business;21.04.2023
C13474;United Kingdom;Consumer;17.08.2025
C13475;Romania;Consumer;15.07.2024
C13476;Romania;Consumer;22.02.2024
C13477;Romania;Small Business;12.08.2025
C13478;France;Consumer;22.10.2025
C13479;Romania;Consumer;09.02.2025
C13480;Romania;Small Business;24.07.2025
C13481;Germany;Consumer;20.01.2023
C13482;Germany;Small Business;14.11.2025
C13483;Romania;Consumer;24.01.2025
C13484;Romania;Small Business;20.07.2023
C13485;Romania;Consumer;07.09.2024
C13486;France;Consumer;11.03.2025
C13487;Romania;Consumer;13.10.2025
C13488;United Kingdom;Consumer;23.10.2024
C13489;Romania;Small Business;24.11.2023
C13490;Spain;Consumer;21.11.2023
C13491;Spain;Small Business;06.07.2025
C13492;Romania;Consumer;05.01.2026
C13493;Romania;Small Business;17.03.2025
C13494;Romania;Corporate;05.03.2025
C13495;Italy;Consumer;18.09.2024
C13496;Germany;Consumer;01.06.2024
C13497;United Kingdom;Small Business;16.09.2024
C13498;Romania;Small Business;17.01.2023
C13499;Romania;Consumer;08.01.2025
C13500;United Kingdom;Consumer;28.08.2023
C13501;United Kingdom;Small Business;22.02.2026
C13502;Italy;Consumer;13.12.2025
C13503;Italy;Corporate;22.09.2024
C13504;United Kingdom;Small Business;26.02.2025
C13505;Germany;Small Business;18.02.2023
C13506;Spain;Small Business;07.01.2025
C13507;France;Corporate;20.12.2025
C13508;Italy;Consumer;01.11.2024
C13509;Netherlands;Corporate;03.01.2026
C13510;Romania;Consumer;09.04.2023
C13511;United Kingdom;Consumer;28.05.2026
C13512;United Kingdom;Consumer;19.03.2024
C13513;Romania;Consumer;04.02.2023
C13514;United Kingdom;Consumer;01.03.2025
C13515;Romania;Consumer;23.02.2025
C13516;Romania;Consumer;10.06.2023
C13517;Romania;Consumer;18.03.2024
C13518;France;Consumer;21.03.2026
C13519;United Kingdom;Small Business;30.08.2023
C13520;Germany;Consumer;03.04.2023
C13521;Romania;Small Business;14.11.2025
C13522;Germany;Small Business;17.05.2025
C13523;Romania;Small Business;28.09.2024
C13524;Romania;Consumer;20.01.2024
C13525;Romania;Consumer;16.01.2026
C13526;Italy;Consumer;07.01.2026
C13527;Romania;Consumer;02.01.2023
C13528;Germany;Small Business;26.08.2024
C13529;Italy;Consumer;20.03.2024
C13530;Romania;Corporate;12.08.2024
C13531;Italy;Consumer;08.05.2026
C13532;Romania;Small Business;01.02.2023
C13533;Romania;Consumer;14.02.2025
C13534;Romania;Corporate;25.03.2023
C13535;Germany;Small Business;08.01.2023
C13536;Spain;Consumer;22.01.2024
C13537;United Kingdom;Consumer;18.09.2025
C13538;United Kingdom;Consumer;17.03.2024
C13539;Romania;Consumer;06.04.2024
C13540;Spain;Consumer;25.02.2026
C13541;Romania;Corporate;18.12.2023
C13542;Romania;Consumer;06.09.2025
C13543;Netherlands;Consumer;27.11.2025
C13544;Romania;Consumer;06.04.2025
C13545;Romania;Consumer;19.05.2026
C13546;Romania;Small Business;09.06.2026
C13547;Romania;Consumer;21.03.2023
C13548;France;Consumer;06.08.2023
C13549;ROMANIA;Consumer;13.05.2024
C13550;Spain;Corporate;29.04.2025
C13551;Romania;Consumer;23.12.2023
C13552;United Kingdom;Small Business;24.03.2025
C13553;United Kingdom;Consumer;19.02.2026
C13554;United Kingdom;Small Business;08.01.2023
C13555;Germany;Consumer;12.09.2024
C13556;Germany;Small Business;23.02.2026
C13557;United Kingdom;Corporate;24.02.2023
C13558;Italy;Consumer;25.02.2026
C13559;Romania;Consumer;05.03.2023
C13560;Romania;Corporate;16.11.2023
C13561;United Kingdom;Consumer;04.12.2024
C13562;Romania;Small Business;27.02.2026
C13563;Romania;Small Business;01.08.2023
C13564;Netherlands;Consumer;17.11.2024
C13565;Romania;Consumer;24.05.2023
C13566;Romania;Consumer;09.03.2024
C13567;United Kingdom;Consumer;29.11.2023
C13568;Romania;Consumer;29.06.2024
C13569;Romania;Small Business;24.06.2025
C13570;Romania;Consumer;08.07.2025
C13571;Romania;Small Business;07.05.2025
C13572;Romania;Consumer;05.02.2023
C13573;Italy;Consumer;28.09.2025
C13574;Romania;Consumer;05.04.2025
C13575;Romania;Consumer;22.03.2023
C13576;Germany;Consumer;23.04.2026
C13577;Romania;Corporate;04.09.2025
C13578;Romania;Consumer;01.06.2025
C13579;Romania;Consumer;18.09.2024
C13580;Romania;Small Business;11.10.2025
C13581;Romania;Small Business;04.02.2024
C13582;Romania;Consumer;13.07.2025
C13583;Italy;Consumer;17.02.2025
C13584;Netherlands;Consumer;17.02.2025
C13585;Italy;Consumer;17.10.2025
C13586;Romania;Consumer;10.08.2023
C13587;France;Consumer;13.05.2023
C13588;Germany;Consumer;09.12.2024
C13589;Romania;Small Business;27.10.2025
C13590;Spain;Consumer;20.11.2023
C13591;France;Consumer;27.12.2024
C13592;Romania;Small Business;06.05.2026
C13593;ROMANIA;Consumer;02.03.2025
C13594;Romania;Small Business;11.04.2023
C13595;Romania;Small Business;26.01.2026
C13596;Romania;Small Business;30.05.2026
C13597;Romania;Small Business;24.06.2025
C13598;Netherlands;Consumer;18.02.2025
C13599;Germany;Corporate;14.01.2025
C13600;Romania;Small Business;06.03.2025
C13601;France;Consumer;04.03.2024
C13602;Italy;Consumer;02.04.2025
C13603;Spain;Consumer;13.10.2024
C13604;Spain;Consumer;07.10.2025
C13605;Spain;Consumer;03.12.2025
C13606;United Kingdom;Consumer;24.06.2025
C13607;Romania;Consumer;24.06.2026
C13608;Spain;Consumer;26.07.2024
C13609;Romania;Consumer;22.08.2025
C13610;Romania;Consumer;13.03.2024
C13611;Romania;Consumer;05.10.2025
C13612;Romania;Consumer;08.12.2023
C13613;United Kingdom;Consumer;11.06.2025
C13614;Spain;Corporate;19.01.2023
C13615;Germany;Consumer;05.09.2025
C13616;Germany;Consumer;06.01.2024
C13617;Romania;Corporate;07.11.2023
C13618;United Kingdom;Small Business;02.03.2024
C13619;Romania;Consumer;24.06.2024
C13620;Romania;Consumer;13.06.2023
C13621;United Kingdom;Small Business;10.12.2024
C13622;Germany;Consumer;08.06.2023
C13623;Romania;Consumer;02.12.2024
C13624;Romania;Consumer;15.04.2024
C13625;Romania;Consumer;01.02.2025
C13626;United Kingdom;Consumer;13.07.2023
C13627;Romania;Corporate;27.05.2026
C13628;Romania;Corporate;20.01.2023
C13629;Italy;Consumer;27.12.2025
C13630;France;Small Business;25.03.2024
C13631;Romania;Small Business;22.11.2025
C13632;United Kingdom;Corporate;30.01.2025
C13633;Romania;Small Business;25.11.2025
C13634;Romania;Small Business;09.12.2024
C13635;United Kingdom;Consumer;09.10.2025
C13636;Romania;Consumer;16.04.2025
C13637;Romania;Consumer;16.05.2025
C13638;Italy;Small Business;30.12.2024
C13639;France;Corporate;24.11.2023
C13640;Spain;Corporate;19.12.2025
C13641;Italy;Small Business;27.12.2025
C13642;Romania;Small Business;11.07.2025
C13643;United Kingdom;Consumer;23.12.2023
C13644;Romania;Consumer;03.06.2024
C13645;United Kingdom;Consumer;13.07.2025
C13646;Romania;Consumer;27.08.2023
C13647;Romania;Small Business;22.05.2023
C13648;Romania;Small Business;28.05.2024
C13649;France;Consumer;29.11.2024
C13650;Romania;Consumer;14.02.2026
C13651;Germany;Consumer;11.02.2024
C13652;Italy;Small Business;03.10.2023
C13653;France;Small Business;17.06.2025
C13654;Romania;Consumer;21.01.2026
C13655;Romania;Small Business;27.12.2025
C13656;Spain;Consumer;18.03.2025
C13657;Germany;Consumer;20.01.2023
C13658;Romania;Consumer;13.04.2025
C13659;Spain;Small Business;26.05.2023
C13660;Romania;Corporate;01.10.2025
C13661;Romania;Consumer;26.03.2026
C13662;;Small Business;18.02.2025
C13663;Romania;Small Business;02.11.2023
C13664;Romania;Corporate;17.01.2024
C13665;United Kingdom;Consumer;27.08.2025
C13666;Romania;Consumer;02.11.2025
C13667;United Kingdom;Consumer;10.05.2023
C13668;France;Corporate;02.08.2025
C13669;Italy;Consumer;10.05.2026
C13670;Romania;Consumer;10.02.2023
C13671;France;Corporate;04.07.2024
C13672;Romania;Consumer;27.07.2025
C13673;United Kingdom;Consumer;06.11.2024
C13674;Romania;Corporate;11.05.2026
C13675;United Kingdom;Consumer;12.05.2025
C13676;Romania;Consumer;15.04.2024
C13677;United Kingdom;Consumer;04.03.2025
C13678;Romania;Consumer;25.06.2025
C13679;Romania;Consumer;24.09.2025
C13680;United Kingdom;Consumer;19.12.2023
C13681;Romania;Consumer;14.03.2026
C13682;United Kingdom;Consumer;26.06.2026
C13683;United Kingdom;Small Business;03.10.2023
C13684;United Kingdom;Consumer;23.09.2023
C13685;France;Small Business;05.05.2024
C13686;France;Corporate;25.01.2024
C13687;Spain;Small Business;26.08.2023
C13688;Romania;Consumer;03.08.2023
C13689;Germany;Consumer;24.06.2025
C13690;France;Consumer;03.05.2026
C13691;Romania;Consumer;03.05.2023
C13692;Romania;Consumer;30.12.2024
C13693;Romania;Corporate;24.12.2023
C13694;Germany;Consumer;12.11.2023
C13695;Romania;Consumer;31.12.2024
C13696;United Kingdom;Small Business;21.06.2023
C13697;United Kingdom;Corporate;17.04.2023
C13698;United Kingdom;Small Business;21.01.2026
C13699;Romania;Consumer;23.07.2024
C13700;;Consumer;21.03.2023
C13701;United Kingdom;Consumer;23.01.2026
C13702;Romania;Consumer;31.03.2025
C13703;Romania;Small Business;31.07.2025
C13704;Romania;Small Business;17.02.2025
C13705;Spain;Consumer;27.08.2024
C13706;Romania;Corporate;11.09.2025
C13707;Romania;Consumer;15.03.2024
C13708;Romania;Consumer;20.05.2025
C13709;Romania;Small Business;30.01.2026
C13710;Romania;Consumer;03.12.2025
C13711;France;Consumer;08.12.2024
C13712;Romania;Consumer;20.01.2023
C13713;Italy;Consumer;03.07.2024
C13714;Romania;Consumer;25.04.2025
C13715;Romania;Small Business;14.04.2023
C13716;France;Consumer;08.06.2024
C13717;United Kingdom;Corporate;01.06.2024
C13718;Italy;Small Business;08.08.2024
C13719;Romania;Small Business;16.12.2024
C13720;Germany;Small Business;23.12.2023
C13721;United Kingdom;Small Business;27.01.2025
C13722;Romania;Consumer;31.07.2024
C13723;France;Corporate;26.03.2026
C13724;Romania;Consumer;19.02.2024
C13725;Romania;Consumer;22.03.2026
C13726;France;Consumer;12.05.2026
C13727;United Kingdom;Consumer;31.01.2024
C13728;Italy;Small Business;03.06.2024
C13729;Italy;Corporate;11.06.2025
C13730;Romania;Small Business;08.08.2024
C13731;United Kingdom;Consumer;28.06.2025
C13732;Netherlands;Consumer;27.11.2023
C13733;Romania;Consumer;06.05.2026
C13734;Romania;Consumer;09.06.2025
C13735;Spain;Consumer;18.04.2023
C13736;Romania;Small Business;07.11.2023
C13737;Spain;Small Business;26.02.2025
C13738;Germany;Consumer;09.01.2024
C13739;Italy;Consumer;03.06.2024
C13740;United Kingdom;Consumer;05.04.2025
C13741;United Kingdom;Consumer;19.03.2024
C13742;France;Consumer;27.02.2026
C13743;Romania;Consumer;26.02.2025
C13744;United Kingdom;Small Business;19.06.2024
C13745;Spain;Consumer;23.12.2023
C13746;Spain;Consumer;13.01.2024
C13747;Netherlands;Consumer;15.02.2023
C13748;United Kingdom;Consumer;20.04.2023
C13749;United Kingdom;Small Business;19.09.2025
C13750;Germany;Consumer;07.09.2025
C13751;Germany;Small Business;21.04.2023
C13752;United Kingdom;Consumer;05.12.2024
C13753;Romania;Consumer;23.02.2024
C13754;Romania;Consumer;09.06.2025
C13755;United Kingdom;Corporate;29.01.2025
C13756;Romania;Consumer;17.10.2025
C13757;Romania;Small Business;06.03.2025
C13758;ROMANIA;Small Business;13.09.2023
C13759;France;Consumer;30.04.2025
C13760;Netherlands;Consumer;01.12.2025
C13761;United Kingdom;Small Business;22.06.2026
C13762;Spain;Small Business;16.06.2025
C13763;Italy;Consumer;27.05.2024
C13764;Romania;Corporate;11.10.2024
C13765;Romania;Consumer;23.03.2025
C13766;Romania;Small Business;26.06.2023
C13767;Romania;Consumer;29.11.2023
C13768;Germany;Consumer;02.09.2024
C13769;Romania;Consumer;04.05.2024
C13770;Spain;Corporate;05.04.2025
C13771;United Kingdom;Consumer;11.03.2026
C13772;Romania;Small Business;23.03.2026
C13773;Netherlands;Consumer;13.10.2024
C13774;Spain;Consumer;04.12.2024
C13775;France;Consumer;30.07.2024
C13776;France;Small Business;18.02.2026
C13777;Netherlands;Consumer;05.01.2026
C13778;Germany;Small Business;11.03.2023
C13779;Italy;Small Business;12.10.2025
C13780;Romania;Corporate;08.02.2023
C13781;Germany;Small Business;29.06.2025
C13782;Germany;Consumer;08.03.2024
C13783;Romania;Consumer;03.11.2024
C13784;Romania;Consumer;25.09.2025
C13785;Romania;Consumer;27.10.2023
C13786;Romania;Small Business;19.06.2023
C13787;Romania;Consumer;25.12.2024
C13788;Romania;Consumer;05.12.2025
C13789;France;Consumer;28.05.2023
C13790;United Kingdom;Small Business;09.05.2024
C13791;United Kingdom;Consumer;15.11.2024
C13792;Romania;Small Business;18.10.2023
C13793;Italy;Consumer;22.12.2025
C13794;Romania;Consumer;02.02.2025
C13795;Romania;Corporate;19.10.2024
C13796;Germany;Consumer;27.06.2023
C13797;Spain;Consumer;29.03.2023
C13798;Netherlands;Corporate;31.07.2023
C13799;France;Consumer;09.02.2023
C13800;United Kingdom;Consumer;13.11.2024
C13801;Germany;Corporate;02.01.2026
C13802;United Kingdom;Consumer;25.08.2025
C13803;Romania;Corporate;14.10.2023
C13804;Romania;Small Business;08.09.2023
C13805;Netherlands;Consumer;01.11.2024
C13806;Netherlands;Consumer;19.09.2025
C13807;Romania;Consumer;18.09.2025
C13808;Romania;Consumer;27.10.2024
C13809;Romania;Consumer;20.11.2023
C13810;Germany;Small Business;08.09.2024
C13811;Romania;Corporate;29.07.2025
C13812;United Kingdom;Corporate;27.01.2026
C13813;Romania;Corporate;07.04.2023
C13814;Romania;Consumer;14.09.2025
C13815;Romania;Consumer;13.08.2025
C13816;France;Consumer;30.09.2023
C13817;Romania;Consumer;23.03.2023
C13818;Romania;Corporate;30.01.2024
C13819;United Kingdom;Small Business;20.12.2023
C13820;France;Small Business;25.05.2023
C13821;Romania;Consumer;24.11.2023
C13822;France;Consumer;07.09.2023
C13823;Romania;Consumer;11.02.2026
C13824;United Kingdom;Consumer;20.04.2023
C13825;Romania;Consumer;12.11.2024
C13826;Spain;Small Business;21.02.2024
C13827;Netherlands;Consumer;11.12.2025
C13828;France;Small Business;28.08.2024
C13829;Spain;Small Business;12.01.2025
C13830;Romania;Consumer;20.05.2024
C13831;United Kingdom;Consumer;26.10.2025
C13832;Romania;Small Business;02.05.2025
C13833;Romania;Corporate;04.12.2024
C13834;Germany;Consumer;20.05.2024
C13835;France;Small Business;28.07.2024
C13836;United Kingdom;Consumer;19.11.2023
C13837;Italy;Consumer;19.04.2025
C13838;Germany;Consumer;12.01.2024
C13839;Spain;Consumer;01.01.2024
C13840;Italy;Consumer;18.08.2024
C13841;Italy;Small Business;18.03.2026
C13842;Romania;Consumer;14.07.2024
C13843;Germany;Consumer;04.03.2026
C13844;France;Small Business;03.11.2024
C13845;Netherlands;Consumer;03.04.2023
C13846;Romania;Consumer;15.01.2025
C13847;Romania;Consumer;15.03.2026
C13848;Romania;Consumer;30.01.2026
C13849;Romania;Consumer;21.08.2023
C13850;France;Small Business;08.12.2023
C13851;Romania;Small Business;19.05.2025
C13852;Romania;Consumer;11.07.2024
C13853;ROMANIA;Consumer;16.11.2025
C13854;Romania;Small Business;26.10.2024
C13855;Romania;Consumer;04.11.2023
C13856;United Kingdom;Consumer;28.02.2024
C13857;Germany;Consumer;24.05.2023
C13858;Netherlands;Small Business;01.01.2024
C13859;France;Small Business;22.08.2025
C13860;Netherlands;Consumer;11.10.2023
C13861;Romania;Consumer;18.07.2024
C13862;France;Small Business;18.08.2023
C13863;Germany;Consumer;13.09.2024
C13864;United Kingdom;Consumer;17.05.2026
C13865;Romania;Small Business;30.08.2025
C13866;Romania;Consumer;02.09.2025
C13867;Romania;Consumer;20.11.2023
C13868;Italy;Small Business;28.01.2024
C13869;France;Small Business;04.05.2023
C13870;Romania;Consumer;21.03.2026
C13871;United Kingdom;Consumer;07.05.2026
C13872;France;Consumer;08.03.2024
C13873;Germany;Consumer;11.06.2025
C13874;Romania;Consumer;27.09.2023
C13875;Italy;Consumer;12.04.2025
C13876;United Kingdom;Consumer;02.05.2023
C13877;United Kingdom;Consumer;29.02.2024
C13878;United Kingdom;Consumer;16.05.2024
C13879;United Kingdom;Consumer;24.06.2026
C13880;Romania;Consumer;19.08.2024
C13881;Spain;Corporate;11.10.2023
C13882;Romania;Consumer;02.03.2023
C13883;Italy;Small Business;16.08.2023
C13884;Italy;Consumer;06.11.2023
C13885;United Kingdom;Small Business;11.02.2024
C13886;Germany;Consumer;23.06.2023
C13887;Romania;Small Business;31.07.2025
C13888;Romania;Corporate;08.05.2024
C13889;United Kingdom;Consumer;30.10.2023
C13890;Romania;Corporate;01.11.2024
C13891;Romania;Small Business;04.02.2024
C13892;Netherlands;Small Business;22.05.2025
C13893;Romania;Consumer;06.11.2024
C13894;Romania;Consumer;04.04.2026
C13895;Romania;Small Business;09.04.2025
C13896;United Kingdom;Consumer;13.04.2024
C13897;Romania;Consumer;10.07.2023
C13898;France;Consumer;10.05.2023
C13899;Germany;Consumer;15.04.2025
C13900;Romania;Small Business;12.02.2023
C13901;Germany;Small Business;01.05.2024
C13902;Romania;Small Business;27.01.2023
C13903;Italy;Small Business;17.03.2024
C13904;Romania;Small Business;01.02.2026
C13905;Romania;Corporate;11.04.2023
C13906;Romania;Consumer;28.05.2026
C13907;Romania;Small Business;27.05.2026
C13908;Germany;Small Business;06.01.2026
C13909;Romania;Small Business;16.08.2023
C13910;Spain;Small Business;08.05.2023
C13911;Romania;Consumer;18.03.2026
C13912;Germany;Consumer;12.04.2024
C13913;United Kingdom;Consumer;27.07.2024
C13914;Romania;Small Business;13.04.2023
C13915;United Kingdom;Consumer;18.03.2023
C13916;Italy;Consumer;21.11.2024
C13917;France;Consumer;01.06.2024
C13918;Spain;Consumer;12.06.2025
C13919;United Kingdom;Consumer;30.11.2025
C13920;Romania;Consumer;14.03.2023
C13921;Spain;Consumer;23.05.2026
C13922;Romania;Consumer;22.03.2026
C13923;Germany;Small Business;01.01.2025
C13924;France;Consumer;22.04.2024
C13925;Italy;Small Business;01.08.2023
C13926;Spain;Consumer;27.10.2023
C13927;Romania;Consumer;13.06.2025
C13928;United Kingdom;Consumer;15.06.2023
C13929;Romania;Consumer;17.05.2026
C13930;France;Consumer;05.07.2023
C13931;United Kingdom;Consumer;20.08.2025
C13932;Romania;Consumer;20.12.2025
C13933;Italy;Small Business;13.01.2024
C13934;Romania;Consumer;04.09.2024
C13935;Germany;Consumer;06.01.2025
C13936;Netherlands;Small Business;15.10.2025
C13937;United Kingdom;Consumer;07.03.2023
C13938;Germany;Consumer;17.10.2023
C13939;Romania;Consumer;11.07.2023
C13940;Romania;Small Business;10.02.2024
C13941;Romania;Consumer;08.05.2025
C13942;Romania;Corporate;10.06.2024
C13943;Romania;Consumer;20.09.2024
C13944;Germany;Consumer;02.08.2024
C13945;United Kingdom;Small Business;07.01.2023
C13946;Romania;Consumer;05.05.2023
C13947;Germany;Corporate;17.10.2023
C13948;Spain;Small Business;27.02.2023
C13949;Romania;Consumer;15.11.2025
C13950;United Kingdom;Consumer;24.06.2026
C13951;Romania;Consumer;10.09.2024
C13952;Germany;Consumer;30.04.2025
C13953;France;Consumer;13.03.2023
C13954;Romania;Consumer;11.03.2023
C13955;Romania;Small Business;10.02.2025
C13956;Italy;Small Business;12.09.2025
C13957;Romania;Corporate;31.03.2026
C13958;United Kingdom;Consumer;05.04.2024
C13959;United Kingdom;Consumer;18.06.2024
C13960;Romania;Consumer;13.10.2025
C13961;France;Consumer;29.06.2023
C13962;Germany;Consumer;26.04.2026
C13963;Romania;Consumer;15.01.2024
C13964;Spain;Small Business;03.02.2023
C13965;Germany;Consumer;05.10.2025
C13966;France;Small Business;15.05.2026
C13967;Romania;Consumer;06.09.2024
C13968;Romania;Consumer;13.07.2023
C13969;France;Corporate;15.01.2024
C13970;United Kingdom;Consumer;12.11.2024
C13971;Romania;Consumer;10.03.2025
C13972;France;Corporate;09.06.2025
C13973;Germany;Consumer;02.07.2025
C13974;Romania;Consumer;04.11.2023
C13975;France;Consumer;06.08.2023
C13976;United Kingdom;Small Business;28.04.2026
C13977;Germany;Consumer;24.06.2023
C13978;France;Consumer;12.10.2024
C13979;Germany;Corporate;01.01.2024
C13980;Spain;Consumer;22.07.2025
C13981;France;Consumer;20.02.2024
C13982;Romania;Corporate;09.05.2023
C13983;Romania;Consumer;11.02.2024
C13984;Spain;Corporate;07.08.2023
C13985;Italy;Corporate;23.05.2026
C13986;Romania;Corporate;17.09.2023
C13987;Romania;Consumer;15.10.2025
C13988;Romania;Consumer;26.10.2024
C13989;Italy;Small Business;04.06.2026
C13990;Spain;Consumer;26.10.2024
C13991;France;Consumer;13.05.2023
C13992;Romania;Consumer;07.04.2023
C13993;Italy;Consumer;11.10.2023
C13994;Romania;Small Business;14.11.2024
C13995;Romania;Corporate;22.02.2026
C13996;Romania;Consumer;23.02.2025
C13997;Germany;Consumer;10.04.2024
C13998;Germany;Consumer;21.03.2025
C13999;Romania;Consumer;08.11.2023
C14000;Romania;Consumer;29.04.2023
C14001;France;Small Business;25.07.2025
C14002;Romania;Consumer;12.12.2025
C14003;Germany;Small Business;20.02.2025
C14004;Romania;Consumer;16.09.2024
C14005;Romania;Consumer;07.08.2024
C14006;Romania;Small Business;14.04.2024
C14007;United Kingdom;Consumer;22.05.2026
C14008;Romania;Consumer;05.10.2024
C14009;Romania;Consumer;17.01.2026
C14010;Italy;Consumer;21.02.2023
C14011;Romania;Consumer;25.03.2024
C14012;France;Small Business;02.10.2023
C14013;Romania;Consumer;29.05.2023
C14014;Spain;Consumer;28.06.2026
C14015;Romania;Consumer;08.03.2023
C14016;Germany;Small Business;06.12.2024
C14017;United Kingdom;Consumer;05.10.2023
C14018;Germany;Small Business;11.04.2023
C14019;France;Consumer;07.06.2026
C14020;Romania;Small Business;09.01.2024
C14021;Romania;Small Business;24.08.2023
C14022;Italy;Small Business;25.05.2025
C14023;Italy;Small Business;25.03.2026
C14024;Germany;Consumer;08.03.2024
C14025;Germany;Consumer;25.10.2025
C14026;France;Consumer;28.11.2024
C14027;France;Consumer;18.10.2025
C14028;Italy;Consumer;29.04.2026
C14029;Italy;Small Business;15.02.2025
C14030;Romania;Consumer;20.04.2024
C14031;United Kingdom;Corporate;21.08.2024
C14032;Germany;Small Business;08.01.2026
C14033;Romania;Consumer;26.03.2024
C14034;Italy;Consumer;19.08.2024
C14035;Germany;Consumer;16.09.2025
C14036;Romania;Consumer;18.12.2025
C14037;United Kingdom;Consumer;24.07.2024
C14038;Romania;Consumer;23.02.2026
C14039;Romania;Small Business;05.01.2026
C14040;Germany;Consumer;13.08.2024
C14041;France;Consumer;20.12.2023
C14042;Germany;Consumer;16.08.2023
C14043;Romania;Consumer;03.06.2023
C14044;Germany;Consumer;03.09.2023
C14045;Romania;Small Business;29.03.2023
C14046;Spain;Consumer;04.01.2024
C14047;Romania;Consumer;19.06.2026
C14048;Italy;Corporate;12.10.2023
C14049;Romania;Consumer;05.05.2024
C14050;Romania;Consumer;10.05.2024
C14051;Romania;Small Business;25.10.2024
C14052;France;Small Business;08.10.2024
C14053;Spain;Consumer;11.01.2025
C14054;Germany;Consumer;22.04.2023
C14055;Romania;Small Business;06.03.2026
C14056;Romania;Consumer;30.05.2026
C14057;Germany;Consumer;04.01.2023
C14058;Romania;Small Business;15.03.2025
C14059;Spain;Small Business;26.06.2023
C14060;Germany;Consumer;14.11.2024
C14061;France;Consumer;11.01.2023
C14062;Italy;Consumer;22.08.2025
C14063;Romania;Small Business;12.06.2026
C14064;Romania;Small Business;07.06.2023
C14065;Italy;Small Business;07.06.2024
C14066;Romania;Consumer;05.09.2023
C14067;Germany;Corporate;08.09.2023
C14068;Italy;Consumer;08.10.2025
C14069;Romania;Consumer;01.06.2023
C14070;Italy;Small Business;08.06.2023
C14071;Romania;Consumer;17.04.2024
C14072;Germany;Consumer;30.01.2024
C14073;Romania;Consumer;30.05.2026
C14074;Germany;Small Business;18.05.2024
C14075;Romania;Consumer;01.12.2024
C14076;Romania;Consumer;12.05.2023
C14077;Romania;Consumer;27.03.2024
C14078;Romania;Small Business;20.09.2023
C14079;;Corporate;10.04.2024
C14080;Romania;Consumer;23.01.2024
C14081;Romania;Small Business;30.05.2023
C14082;Romania;Consumer;08.12.2024
C14083;Romania;Consumer;21.10.2024
C14084;Romania;Consumer;23.10.2024
C14085;Romania;Consumer;25.06.2024
C14086;Germany;Consumer;31.10.2024
C14087;France;Consumer;19.07.2025
C14088;United Kingdom;Consumer;30.11.2023
C14089;Romania;Small Business;02.09.2023
C14090;Italy;Consumer;14.05.2025
C14091;United Kingdom;;25.06.2023
C14092;United Kingdom;Small Business;24.03.2024
C14093;Romania;Consumer;11.01.2025
C14094;Romania;Small Business;04.08.2025
C14095;Romania;Consumer;24.08.2024
C14096;Romania;Consumer;26.09.2024
C14097;United Kingdom;Small Business;26.02.2023
C14098;Romania;Consumer;05.10.2025
C14099;Romania;Consumer;30.10.2023
C14100;Romania;Small Business;09.12.2025
C14101;Romania;Small Business;02.04.2025
C14102;Romania;Consumer;15.03.2026
C14103;Romania;Consumer;21.01.2026
C14104;Germany;Small Business;27.04.2024
C14105;Romania;Corporate;17.05.2024
C14106;Germany;Consumer;27.02.2026
C14107;Spain;Small Business;01.02.2026
C14108;Italy;Consumer;23.06.2025
C14109;Germany;Consumer;24.03.2026
C14110;Romania;Corporate;08.03.2025
C14111;United Kingdom;Small Business;01.02.2023
C14112;Spain;Consumer;07.12.2024
C14113;Germany;Small Business;17.04.2024
C14114;Romania;Consumer;26.01.2023
C14115;France;Consumer;10.12.2024
C14116;Romania;Small Business;15.12.2024
C14117;France;Consumer;22.07.2025
C14118;Romania;Consumer;20.09.2025
C14119;Romania;Consumer;16.02.2024
C14120;France;Consumer;15.06.2026
C14121;United Kingdom;Corporate;17.07.2024
C14122;Germany;Consumer;06.07.2024
C14123;Italy;Consumer;19.08.2023
C14124;Italy;Small Business;17.06.2026
C14125;Romania;Small Business;17.05.2024
C14126;Netherlands;Small Business;07.08.2023
C14127;Romania;Corporate;16.12.2025
C14128;Romania;Small Business;07.05.2026
C14129;Italy;Small Business;01.10.2023
C14130;Romania;Consumer;22.01.2025
C14131;Italy;Consumer;28.02.2026
C14132;Romania;Consumer;25.04.2025
C14133;Romania;Small Business;11.07.2024
C14134;Romania;Small Business;02.01.2025
C14135;Germany;Small Business;10.05.2023
C14136;Italy;Consumer;08.06.2026
C14137;Romania;Small Business;16.10.2024
C14138;Romania;Consumer;26.02.2023
C14139;Romania;Consumer;07.03.2024
C14140;Romania;Consumer;07.06.2024
C14141;United Kingdom;Consumer;23.06.2026
C14142;United Kingdom;Corporate;21.01.2026
C14143;Romania;Consumer;23.01.2024
C14144;Romania;Consumer;02.08.2023
C14145;United Kingdom;Small Business;24.02.2023
C14146;Romania;Consumer;27.12.2024
C14147;Romania;Consumer;22.07.2024
C14148;United Kingdom;Consumer;30.10.2024
C14149;Romania;Consumer;15.12.2023
C14150;Romania;Small Business;27.10.2025
C14151;Romania;Consumer;21.10.2024
C14152;France;Consumer;17.03.2026
C14153;Romania;Consumer;02.11.2023
C14154;France;Consumer;27.11.2023
C14155;Romania;Consumer;17.01.2025
C14156;Romania;Consumer;03.06.2025
C14157;France;Small Business;12.01.2024
C14158;Romania;Consumer;29.11.2024
C14159;Romania;Corporate;14.10.2024
C14160;Romania;Small Business;25.04.2025
C14161;United Kingdom;Consumer;22.03.2025
C14162;Romania;Consumer;13.09.2023
C14163;France;Small Business;26.05.2023
C14164;Romania;Consumer;14.12.2023
C14165;Romania;Small Business;11.06.2023
C14166;Romania;Consumer;02.12.2024
C14167;Romania;Consumer;15.10.2024
C14168;Italy;Small Business;04.01.2023
C14169;Romania;Small Business;18.11.2025
C14170;Spain;Consumer;03.07.2025
C14171;Romania;Small Business;18.08.2024
C14172;Germany;Consumer;25.07.2023
C14173;Romania;Consumer;03.04.2026
C14174;France;Small Business;29.10.2023
C14175;Romania;Consumer;03.01.2026
C14176;Germany;Consumer;26.04.2025
C14177;Spain;Consumer;06.03.2025
C14178;United Kingdom;Corporate;02.12.2025
C14179;Romania;Consumer;10.02.2026
C14180;France;Small Business;12.12.2023
C14181;Romania;Small Business;13.06.2026
C14182;Romania;Small Business;13.06.2023
C14183;Germany;Consumer;15.09.2025
C14184;France;Consumer;07.05.2024
C14185;Romania;Corporate;10.03.2025
C14186;France;Consumer;01.12.2025
C14187;United Kingdom;Consumer;27.07.2024
C14188;Romania;Consumer;15.04.2023
C14189;Romania;Small Business;04.11.2025
C14190;United Kingdom;Corporate;17.06.2023
C14191;Romania;Consumer;17.06.2025
C14192;Romania;Consumer;15.07.2024
C14193;Romania;Small Business;26.08.2024
C14194;Italy;Consumer;01.12.2023
C14195;Romania;Small Business;30.09.2024
C14196;Romania;Consumer;27.08.2023
C14197;Romania;Consumer;20.10.2023
C14198;Romania;Consumer;26.08.2024
C14199;Netherlands;Consumer;03.10.2025
C14200;Germany;Consumer;17.10.2024
C14201;United Kingdom;Small Business;25.01.2026
C14202;France;Consumer;17.12.2023
C14203;Romania;Small Business;22.01.2023
C14204;France;Consumer;29.01.2024
C14205;Netherlands;Consumer;23.05.2023
C14206;France;Consumer;29.10.2024
C14207;United Kingdom;Consumer;18.06.2026
C14208;Romania;Consumer;15.09.2024
C14209;Italy;Small Business;16.08.2023
C14210;Romania;Consumer;14.01.2025
C14211;France;Consumer;28.07.2025
C14212;Romania;Consumer;15.01.2026
C14213;Germany;Small Business;05.09.2024
C14214;Italy;Consumer;25.06.2024
C14215;Germany;Consumer;27.10.2024
C14216;Romania;Consumer;30.09.2023
C14217;United Kingdom;Consumer;19.05.2023
C14218;Spain;Consumer;11.09.2025
C14219;United Kingdom;Small Business;25.06.2023
C14220;Italy;Consumer;29.05.2025
C14221;Italy;Consumer;07.01.2025
C14222;Italy;Consumer;24.08.2024
C14223;Romania;Consumer;26.04.2024
C14224;Romania;Corporate;14.10.2025
C14225;Italy;Small Business;28.07.2023
C14226;Spain;Consumer;25.05.2026
C14227;Romania;Corporate;15.06.2023
C14228;Romania;Consumer;02.11.2025
C14229;Romania;Consumer;28.06.2024
C14230;France;Corporate;01.06.2024
C14231;Italy;Small Business;05.10.2024
C14232;Germany;Consumer;07.09.2024
C14233;Romania;Consumer;10.06.2023
C14234;Romania;Corporate;19.07.2023
C14235;Italy;Consumer;27.07.2025
C14236;Romania;Consumer;06.06.2025
C14237;Romania;Consumer;16.05.2024
C14238;Romania;Corporate;24.07.2024
C14239;France;Consumer;03.05.2024
C14240;Germany;Consumer;30.12.2025
C14241;Romania;Consumer;30.03.2023
C14242;Romania;Consumer;11.04.2025
C14243;Spain;Small Business;29.01.2024
C14244;Romania;Consumer;06.08.2023
C14245;Romania;Small Business;20.07.2023
C14246;Romania;Small Business;08.06.2024
C14247;Romania;Consumer;05.07.2023
C14248;France;Small Business;13.05.2025
C14249;France;Consumer;23.02.2024
C14250;Romania;Consumer;30.12.2025
C14251;Italy;Consumer;06.07.2023
C14252;Romania;Consumer;03.05.2024
C14253;Italy;Consumer;04.05.2025
C14254;Romania;Consumer;13.01.2024
C14255;Romania;Consumer;10.08.2023
C14256;Italy;Small Business;01.06.2024
C14257;Spain;Consumer;28.02.2026
C14258;France;Consumer;05.11.2025
C14259;United Kingdom;Corporate;03.01.2025
C14260;France;Consumer;24.06.2026
C14261;United Kingdom;;07.09.2025
C14262;Romania;Small Business;03.09.2025
C14263;Romania;Consumer;21.05.2024
C14264;United Kingdom;Consumer;24.09.2024
C14265;Germany;Small Business;15.04.2026
C14266;Italy;Corporate;27.03.2026
C14267;Romania;Small Business;07.07.2025
C14268;Romania;Small Business;05.05.2023
C14269;Romania;Consumer;16.07.2023
C14270;Italy;Consumer;05.08.2024
C14271;Romania;;03.12.2024
C14272;Italy;Consumer;06.03.2025
C14273;Romania;Consumer;13.12.2023
C14274;Romania;Consumer;22.09.2025
C14275;France;Small Business;29.11.2025
C14276;Romania;Small Business;25.09.2025
C14277;ROMANIA;Consumer;12.07.2023
C14278;Romania;Consumer;23.09.2024
C14279;Germany;Consumer;25.01.2026
C14280;Germany;Consumer;21.01.2024
C14281;Italy;Corporate;24.05.2025
C14282;Romania;Consumer;24.12.2025
C14283;Romania;Corporate;18.09.2024
C14284;United Kingdom;Consumer;21.12.2025
C14285;Netherlands;Small Business;24.03.2025
C14286;Italy;Consumer;06.10.2024
C14287;Italy;Small Business;31.05.2023
C14288;Germany;Consumer;04.07.2025
C14289;Germany;Small Business;01.02.2024
C14290;Italy;Small Business;31.12.2023
C14291;Italy;Consumer;19.03.2026
C14292;France;Corporate;21.03.2024
C14293;France;Consumer;04.04.2024
C14294;Italy;Consumer;19.04.2026
C14295;Romania;Consumer;05.01.2024
C14296;Romania;Consumer;28.07.2025
C14297;Netherlands;Small Business;25.10.2024
C14298;Germany;Small Business;03.04.2023
C14299;Romania;Consumer;12.01.2025
C14300;Germany;Small Business;07.08.2024
C14301;United Kingdom;Consumer;15.07.2025
C14302;Italy;Consumer;19.05.2024
C14303;France;Small Business;03.11.2023
C14304;Romania;Consumer;22.10.2023
C14305;Romania;Consumer;04.11.2024
C14306;Romania;Consumer;23.06.2026
C14307;Italy;Consumer;29.07.2024
C14308;Romania;Consumer;23.06.2023
C14309;United Kingdom;Consumer;15.11.2025
C14310;Germany;Consumer;06.02.2024
C14311;United Kingdom;Corporate;25.06.2024
C14312;Germany;Consumer;18.12.2025
C14313;United Kingdom;Small Business;22.05.2023
C14314;United Kingdom;Small Business;18.06.2023
C14315;Romania;Consumer;15.09.2023
C14316;Romania;Consumer;24.04.2024
C14317;Germany;Consumer;30.12.2025
C14318;Romania;Small Business;20.03.2025
C14319;France;Small Business;16.09.2025
C14320;Romania;Consumer;05.03.2024
C14321;Italy;Consumer;10.06.2024
C14322;Romania;Consumer;05.06.2024
C14323;France;Consumer;25.05.2023
C14324;Romania;Consumer;02.12.2024
C14325;Germany;Consumer;28.02.2024
C14326;Romania;Consumer;30.04.2026
C14327;United Kingdom;Small Business;01.06.2025
C14328;Romania;Consumer;16.01.2026
C14329;France;Consumer;06.09.2023
C14330;Germany;Consumer;23.05.2023
C14331;Spain;Small Business;11.07.2024
C14332;United Kingdom;Consumer;27.12.2024
C14333;Germany;Consumer;15.12.2024
C14334;Italy;Consumer;13.04.2025
C14335;Romania;Small Business;28.11.2025
C14336;United Kingdom;Consumer;20.02.2024
C14337;Romania;Small Business;08.01.2024
C14338;France;Small Business;04.12.2023
C14339;Romania;Small Business;08.04.2024
C14340;Romania;Small Business;01.02.2025
C14341;United Kingdom;Consumer;21.10.2025
C14342;Romania;Consumer;13.06.2024
C14343;Romania;Corporate;17.06.2024
C14344;Romania;Small Business;28.02.2026
C14345;Italy;Corporate;13.03.2024
C14346;Romania;Consumer;28.07.2023
C14347;Romania;Corporate;15.03.2024
C14348;;Consumer;22.02.2023
C14349;Spain;Consumer;11.04.2024
C14350;Romania;Consumer;21.02.2026
C14351;Germany;Consumer;30.10.2025
C14352;Romania;Consumer;17.02.2026
C14353;Spain;Consumer;18.01.2024
C14354;Romania;Consumer;15.06.2024
C14355;Romania;Corporate;18.12.2025
C14356;Romania;Corporate;19.08.2025
C14357;Germany;Small Business;25.08.2023
C14358;Romania;Corporate;15.12.2025
C14359;France;Small Business;22.11.2023
C14360;Germany;Corporate;10.11.2024
C14361;Germany;Consumer;15.04.2025
C14362;Italy;Consumer;15.10.2025
C14363;Romania;Small Business;29.07.2025
C14364;Romania;Consumer;29.12.2023
C14365;Romania;Small Business;01.04.2024
C14366;France;Consumer;10.07.2025
C14367;Romania;Consumer;22.04.2026
C14368;France;Consumer;12.01.2026
C14369;Germany;Small Business;19.05.2026
C14370;Germany;Consumer;11.05.2025
C14371;Germany;Consumer;13.09.2024
C14372;Romania;Consumer;05.09.2025
C14373;Romania;Consumer;07.04.2023
C14374;France;Consumer;09.04.2026
C14375;Romania;Small Business;18.03.2026
C14376;Germany;Consumer;05.10.2024
C14377;Spain;Corporate;29.10.2024
C14378;Romania;Consumer;06.11.2024
C14379;Romania;Corporate;27.06.2023
C14380;Romania;Small Business;20.09.2023
C14381;Romania;Small Business;23.07.2025
C14382;Spain;Small Business;11.02.2023
C14383;Netherlands;Consumer;26.05.2025
C14384;Romania;Consumer;25.01.2024
C14385;Spain;Consumer;28.06.2023
C14386;Romania;Consumer;30.01.2025
C14387;Netherlands;Consumer;17.12.2023
C14388;Italy;Consumer;24.07.2024
C14389;Romania;Small Business;07.01.2026
C14390;Germany;Consumer;09.06.2025
C14391;France;Consumer;22.05.2026
C14392;Romania;Consumer;21.05.2024
C14393;Romania;Consumer;01.06.2024
C14394;United Kingdom;Consumer;26.05.2025
C14395;Romania;Small Business;21.06.2023
C14396;Romania;Consumer;29.12.2025
C14397;Romania;Corporate;25.03.2024
C14398;France;Consumer;09.10.2024
C14399;Romania;Consumer;27.03.2023
C14400;Germany;Consumer;19.01.2024
C14401;Romania;Consumer;28.06.2023
C14402;Romania;Consumer;19.02.2025
C14403;United Kingdom;Consumer;20.06.2025
C14404;Romania;Small Business;11.01.2023
C14405;United Kingdom;Small Business;07.11.2025
C14406;Romania;Consumer;03.03.2024
C14407;United Kingdom;Corporate;13.12.2025
C14408;Romania;Small Business;20.04.2025
C14409;Italy;Consumer;26.09.2025
C14410;Romania;Consumer;05.05.2024
C14411;Italy;Consumer;23.01.2024
C14412;Romania;Small Business;10.07.2025
C14413;Romania;Consumer;17.03.2025
C14414;Germany;Consumer;28.12.2024
C14415;Romania;Consumer;11.04.2024
C14416;Romania;Consumer;22.02.2025
C14417;France;Consumer;11.05.2024
C14418;France;Consumer;09.02.2026
C14419;Germany;Corporate;23.06.2025
C14420;Netherlands;Consumer;21.05.2024
C14421;Romania;Consumer;12.12.2025
C14422;Romania;Consumer;01.04.2023
C14423;France;Consumer;26.11.2025
C14424;Romania;Small Business;13.06.2024
C14425;Romania;Corporate;22.10.2023
C14426;Romania;Small Business;25.11.2025
C14427;Romania;Consumer;19.04.2025
C14428;Romania;Small Business;05.04.2023
C14429;Romania;Small Business;07.12.2023
C14430;Germany;Consumer;29.07.2024
C14431;France;Corporate;12.03.2025
C14432;Spain;Small Business;26.10.2025
C14433;Romania;Small Business;28.10.2025
C14434;Romania;Consumer;04.10.2025
C14435;Germany;Consumer;27.04.2024
C14436;Romania;Small Business;11.04.2026
C14437;Romania;Consumer;19.04.2026
C14438;United Kingdom;Corporate;06.01.2024
C14439;France;Consumer;11.12.2024
C14440;Romania;Consumer;13.01.2026
C14441;United Kingdom;Small Business;18.11.2024
C14442;United Kingdom;Consumer;02.08.2025
C14443;Italy;Consumer;16.10.2025
C14444;Romania;Small Business;23.12.2024
C14445;France;Small Business;03.04.2024
C14446;France;Consumer;31.10.2024
C14447;Romania;Consumer;28.11.2025
C14448;United Kingdom;Consumer;12.02.2024
C14449;United Kingdom;Consumer;13.12.2025
C14450;Romania;Small Business;17.09.2023
C14451;Romania;Small Business;12.08.2024
C14452;Romania;Consumer;17.04.2023
C14453;France;Consumer;25.12.2025
C14454;Romania;Consumer;28.06.2025
C14455;Germany;Consumer;31.05.2023
C14456;Romania;Consumer;11.10.2023
C14457;United Kingdom;Small Business;04.11.2024
C14458;United Kingdom;Corporate;24.09.2024
C14459;Germany;Consumer;24.05.2023
C14460;Germany;Small Business;09.02.2026
C14461;Romania;Consumer;11.08.2024
C14462;Romania;Consumer;06.05.2025
C14463;France;Consumer;18.08.2025
C14464;Romania;Consumer;04.08.2023
C14465;France;Consumer;01.03.2024
C14466;United Kingdom;Corporate;26.07.2025
C14467;Italy;Consumer;14.09.2025
C14468;Romania;Consumer;02.10.2023
C14469;Germany;Consumer;12.02.2024
C14470;Romania;Corporate;22.09.2025
C14471;Spain;Consumer;14.03.2024
C14472;United Kingdom;Corporate;10.04.2023
C14473;United Kingdom;Corporate;27.09.2024
C14474;France;Consumer;30.06.2023
C14475;Romania;Consumer;27.01.2025
C14476;Germany;Consumer;07.04.2026
C14477;France;Consumer;09.05.2023
C14478;Romania;Consumer;24.12.2023
C14479;Spain;Small Business;23.12.2024
C14480;Italy;Corporate;12.07.2023
C14481;Netherlands;Consumer;13.11.2024
C14482;France;Consumer;02.10.2023
C14483;Romania;Consumer;22.03.2025
C14484;Germany;Consumer;05.04.2024
C14485;Romania;Consumer;26.03.2026
C14486;France;Corporate;04.12.2025
C14487;Romania;Consumer;21.06.2026
C14488;Italy;Consumer;14.07.2023
C14489;Romania;Small Business;24.04.2026
C14490;Romania;Consumer;21.01.2023
C14491;Romania;Corporate;07.10.2023
C14492;United Kingdom;Corporate;08.01.2026
C14493;Romania;Consumer;05.01.2026
C14494;Romania;Consumer;18.01.2024
C14495;Romania;Small Business;09.12.2025
C14496;Romania;Consumer;09.04.2023
C14497;Spain;Consumer;04.03.2024
C14498;Germany;Corporate;05.02.2023
C14499;Romania;Consumer;21.10.2024
C14500;Romania;Consumer;21.02.2026
C14501;Romania;Consumer;21.02.2025
C14502;Romania;Consumer;29.10.2024
C14503;ROMANIA;Small Business;10.09.2023
C14504;Romania;Small Business;17.02.2025
C14505;Romania;Consumer;18.02.2024
C14506;Romania;Consumer;25.02.2025
C14507;France;Small Business;16.06.2023
C14508;Romania;Consumer;28.10.2024
C14509;United Kingdom;Consumer;26.09.2024
C14510;United Kingdom;Consumer;08.09.2025
C14511;Italy;Consumer;06.03.2026
C14512;Romania;Consumer;02.03.2026
C14513;France;Consumer;11.03.2024
C14514;Italy;Consumer;29.03.2025
C14515;Netherlands;Consumer;13.04.2025
C14516;France;Small Business;12.12.2025
C14517;Romania;Consumer;26.10.2025
C14518;Spain;Small Business;13.01.2023
C14519;France;Consumer;18.10.2025
C14520;Romania;Consumer;04.09.2024
C14521;Romania;Consumer;27.04.2026
C14522;Spain;Consumer;09.02.2025
C14523;Romania;Consumer;08.05.2024
C14524;France;Consumer;14.09.2023
C14525;Romania;Consumer;26.04.2026
C14526;United Kingdom;Consumer;24.07.2023
C14527;Romania;Consumer;26.04.2023
C14528;United Kingdom;Small Business;23.06.2023
C14529;Germany;Consumer;04.12.2024
C14530;Spain;Corporate;30.12.2023
C14531;Romania;Consumer;11.01.2025
C14532;Romania;Consumer;16.11.2025
C14533;Romania;Consumer;07.01.2024
C14534;Romania;Small Business;05.02.2023
C14535;Netherlands;Consumer;03.04.2024
C14536;Romania;Corporate;07.02.2025
C14537;Romania;Small Business;18.07.2025
C14538;France;Consumer;28.03.2023
C14539;Romania;Consumer;25.01.2026
C14540;Romania;Consumer;26.01.2025
C14541;United Kingdom;Consumer;06.09.2024
C14542;Romania;Corporate;18.11.2023
C14543;Italy;Small Business;08.05.2026
C14544;United Kingdom;Consumer;20.07.2023
C14545;Romania;Consumer;26.07.2024
C14546;Germany;Consumer;17.08.2024
C14547;Italy;Small Business;28.11.2024
C14548;Romania;Consumer;22.10.2023
C14549;France;Small Business;18.04.2026
C14550;Romania;Consumer;27.04.2024
C14551;Germany;Corporate;27.06.2025
C14552;France;Consumer;16.09.2023
C14553;Romania;Consumer;09.04.2026
C14554;Romania;Corporate;09.08.2024
C14555;Romania;Small Business;27.02.2025
C14556;United Kingdom;Consumer;04.04.2025
C14557;Germany;Small Business;09.10.2024
C14558;Romania;Consumer;25.03.2025
C14559;Romania;Consumer;11.12.2024
C14560;Spain;Consumer;02.08.2025
C14561;Romania;Consumer;25.08.2024
C14562;Romania;Small Business;02.11.2025
C14563;Romania;Consumer;19.12.2024
C14564;Germany;Consumer;28.06.2026
C14565;Romania;Small Business;28.12.2024
C14566;Italy;Consumer;22.01.2025
C14567;United Kingdom;Consumer;20.09.2024
C14568;Romania;Consumer;21.05.2024
C14569;Germany;Small Business;02.10.2025
C14570;Romania;Consumer;20.03.2025
C14571;Romania;Corporate;13.05.2024
C14572;United Kingdom;Small Business;26.10.2025
C14573;Romania;Small Business;19.05.2023
C14574;Italy;Small Business;21.03.2023
C14575;Germany;Consumer;31.03.2025
C14576;Romania;Corporate;07.08.2024
C14577;Netherlands;Consumer;12.10.2025
C14578;Germany;Consumer;27.04.2025
C14579;Romania;Consumer;22.09.2025
C14580;Germany;Small Business;05.12.2023
C14581;;Consumer;18.11.2023
C14582;Romania;Small Business;17.11.2023
C14583;Romania;Corporate;05.04.2025
C14584;Romania;Consumer;10.05.2025
C14585;Romania;Consumer;28.06.2026
C14586;Romania;Consumer;04.10.2023
C14587;Germany;;14.05.2023
C14588;Italy;Small Business;07.05.2026
C14589;France;Consumer;29.10.2024
C14590;Romania;Consumer;12.04.2024
C14591;Romania;Consumer;25.01.2024
C14592;Romania;Consumer;01.02.2026
C14593;Romania;Consumer;06.10.2025
C14594;United Kingdom;Consumer;12.08.2023
C14595;Romania;Small Business;19.02.2024
C14596;Italy;Consumer;15.01.2026
C14597;Romania;Consumer;25.07.2025
C14598;United Kingdom;Consumer;06.11.2025
C14599;Italy;Small Business;24.07.2023
C14600;United Kingdom;Small Business;09.01.2025
C14601;Italy;Consumer;27.03.2023
C14602;France;Consumer;28.07.2024
C14603;Germany;Small Business;13.05.2023
C14604;Romania;Small Business;09.12.2023
C14605;Romania;Consumer;29.11.2023
C14606;Italy;Small Business;29.08.2023
C14607;Romania;Consumer;19.12.2025
C14608;Spain;Consumer;18.04.2024
C14609;Romania;Small Business;11.07.2023
C14610;France;Consumer;15.06.2026
C14611;Romania;Consumer;12.02.2023
C14612;Spain;Small Business;09.07.2023
C14613;Romania;Corporate;25.12.2025
C14614;Romania;Consumer;29.07.2024
C14615;Italy;Small Business;23.04.2024
C14616;Romania;Consumer;25.01.2024
C14617;Romania;Small Business;21.01.2025
C14618;Italy;Small Business;02.04.2024
C14619;Italy;Small Business;17.04.2023
C14620;Romania;Corporate;14.05.2026
C14621;Germany;Corporate;03.03.2026
C14622;Romania;Corporate;13.08.2023
C14623;Romania;Consumer;05.10.2024
C14624;United Kingdom;Consumer;01.08.2024
C14625;Romania;Consumer;25.04.2023
C14626;Romania;Consumer;23.05.2024
C14627;Romania;Small Business;19.03.2025
C14628;Italy;Consumer;13.05.2023
C14629;Germany;Corporate;11.04.2024
C14630;Romania;Consumer;26.03.2024
C14631;Spain;Consumer;14.03.2025
C14632;Italy;Consumer;04.06.2024
C14633;Romania;Consumer;06.09.2025
C14634;Netherlands;Consumer;10.10.2024
C14635;Romania;Consumer;01.06.2025
C14636;Romania;Consumer;01.03.2025
C14637;Romania;Small Business;08.11.2025
C14638;Romania;Consumer;06.07.2023
C14639;United Kingdom;Small Business;18.06.2026
C14640;Germany;Small Business;20.08.2025
C14641;Italy;Consumer;10.09.2023
C14642;Romania;Consumer;04.02.2023
C14643;Romania;Small Business;02.02.2023
C14644;Romania;Small Business;11.06.2025
C14645;Romania;Consumer;23.06.2024
C14646;Spain;Small Business;22.08.2023
C14647;United Kingdom;Consumer;10.02.2024
C14648;France;Consumer;24.07.2024
C14649;France;Consumer;22.02.2023
C14650;Romania;Small Business;17.12.2024
C14651;Romania;Consumer;16.02.2023
C14652;Romania;Consumer;06.04.2025
C14653;Italy;Consumer;19.03.2023
C14654;Romania;Consumer;06.10.2025
C14655;Romania;Consumer;19.11.2023
C14656;United Kingdom;Consumer;20.10.2024
C14657;Romania;Small Business;07.05.2024
C14658;Germany;Small Business;10.10.2025
C14659;Romania;Consumer;03.05.2026
C14660;Germany;Consumer;01.07.2025
C14661;Romania;Consumer;30.05.2026
C14662;Italy;Small Business;15.10.2023
C14663;United Kingdom;Consumer;12.02.2024
C14664;Romania;Small Business;29.10.2025
C14665;France;Consumer;11.02.2023
C14666;France;Consumer;17.08.2023
C14667;United Kingdom;Consumer;02.07.2025
C14668;Spain;Consumer;25.05.2024
C14669;France;Consumer;18.11.2023
C14670;Romania;Consumer;23.01.2024
C14671;Romania;Consumer;06.09.2025
C14672;Romania;Corporate;04.09.2024
C14673;Germany;Consumer;07.01.2023
C14674;Spain;Small Business;21.10.2024
C14675;United Kingdom;Corporate;18.09.2025
C14676;Romania;Consumer;01.08.2023
C14677;Spain;Consumer;31.03.2023
C14678;United Kingdom;Consumer;11.03.2025
C14679;Romania;Small Business;27.01.2026
C14680;Spain;Corporate;01.04.2023
C14681;Romania;Corporate;11.04.2025
C14682;Germany;Consumer;20.09.2025
C14683;Romania;Corporate;26.07.2023
C14684;Spain;Consumer;29.11.2023
C14685;Romania;Consumer;09.10.2024
C14686;Romania;Consumer;18.02.2025
C14687;United Kingdom;Consumer;06.10.2024
C14688;Italy;Consumer;23.08.2023
C14689;Romania;Consumer;21.06.2024
C14690;Romania;Corporate;10.11.2024
C14691;Spain;Consumer;14.11.2024
C14692;France;Small Business;03.12.2024
C14693;Romania;Consumer;06.01.2024
C14694;;Consumer;12.02.2024
C14695;Romania;Consumer;27.06.2023
C14696;United Kingdom;Small Business;18.07.2025
C14697;Germany;Small Business;05.02.2024
C14698;France;Consumer;06.03.2023
C14699;Romania;Consumer;01.03.2023
C14700;France;Consumer;20.05.2026
C14701;Romania;Consumer;29.06.2024
C14702;Italy;Small Business;12.02.2025
C14703;Romania;Small Business;12.11.2024
C14704;Romania;Consumer;15.12.2025
C14705;Romania;Consumer;06.02.2026
C14706;;Consumer;23.09.2025
C14707;Romania;Corporate;07.06.2026
C14708;United Kingdom;Consumer;06.10.2023
C14709;Italy;Consumer;27.07.2024
C14710;Germany;Small Business;04.01.2024
C14711;Germany;Consumer;21.12.2023
C14712;Romania;Consumer;10.10.2025
C14713;France;Consumer;15.10.2023
C14714;Romania;Small Business;03.06.2025
C14715;Romania;Small Business;21.01.2023
C14716;Romania;Consumer;03.10.2025
C14717;Romania;Consumer;21.11.2025
C14718;Germany;Consumer;19.12.2024
C14719;Romania;Small Business;17.11.2024
C14720;Romania;Consumer;09.08.2024
C14721;Italy;Consumer;24.01.2025
C14722;Romania;Consumer;22.12.2024
C14723;Germany;Corporate;19.09.2024
C14724;Romania;Consumer;26.10.2024
C14725;Italy;Consumer;17.08.2024
C14726;United Kingdom;Consumer;10.07.2024
C14727;Romania;Small Business;16.02.2026
C14728;Italy;Small Business;10.01.2024
C14729;Romania;Corporate;20.05.2026
C14730;Romania;Consumer;12.02.2026
C14731;United Kingdom;Consumer;26.09.2025
C14732;United Kingdom;Consumer;13.06.2025
C14733;Romania;Small Business;09.02.2024
C14734;Romania;Small Business;27.07.2023
C14735;Romania;Consumer;04.10.2025
C14736;Germany;Consumer;14.06.2025
C14737;Spain;Consumer;27.11.2025
C14738;Romania;Small Business;30.11.2024
C14739;Netherlands;Consumer;20.02.2026
C14740;Romania;Consumer;15.04.2023
C14741;France;Consumer;20.05.2023
C14742;Spain;Consumer;30.03.2023
C14743;United Kingdom;Consumer;15.02.2024
C14744;Romania;Small Business;21.02.2023
C14745;Romania;Small Business;31.10.2025
C14746;Romania;Consumer;19.07.2023
C14747;Germany;Consumer;25.11.2025
C14748;Netherlands;Small Business;31.03.2025
C14749;Romania;Small Business;15.02.2025
C14750;Romania;Consumer;30.05.2023
C14751;Romania;Small Business;20.01.2023
C14752;Germany;Small Business;28.06.2023
C14753;Germany;Small Business;09.02.2024
C14754;Romania;Consumer;05.05.2026
C14755;France;Consumer;26.05.2024
C14756;Romania;Consumer;25.10.2023
C14757;United Kingdom;Small Business;29.12.2023
C14758;Romania;Small Business;03.03.2024
C14759;Romania;Corporate;11.01.2025
C14760;United Kingdom;Consumer;25.10.2025
C14761;United Kingdom;Consumer;21.03.2023
C14762;Romania;Small Business;15.09.2025
C14763;France;Small Business;26.01.2023
C14764;Germany;Small Business;15.02.2024
C14765;Romania;Consumer;20.01.2025
C14766;Spain;Corporate;14.05.2023
C14767;Spain;Corporate;25.03.2025
C14768;Romania;Corporate;16.04.2023
C14769;Spain;Consumer;19.09.2025
C14770;France;Small Business;04.06.2024
C14771;Romania;Consumer;18.02.2025
C14772;Germany;Consumer;16.06.2026
C14773;Romania;Consumer;29.08.2025
C14774;Germany;Consumer;31.03.2025
C14775;Spain;Corporate;26.08.2023
C14776;Romania;Consumer;13.09.2025
C14777;Germany;Consumer;26.04.2024
C14778;Romania;Small Business;28.03.2025
C14779;Germany;Consumer;09.04.2025
C14780;France;Consumer;24.10.2025
C14781;Romania;Consumer;02.12.2025
C14782;Germany;Consumer;13.05.2024
C14783;Romania;Consumer;14.04.2023
C14784;France;Small Business;08.07.2024
C14785;United Kingdom;Consumer;25.05.2024
C14786;United Kingdom;Consumer;03.03.2024
C14787;Romania;Consumer;15.09.2024
C14788;Germany;Corporate;05.01.2025
C14789;United Kingdom;Consumer;06.03.2025
C14790;United Kingdom;Small Business;23.04.2024
C14791;Germany;Consumer;25.02.2025
C14792;Italy;Consumer;14.06.2026
C14793;Romania;Consumer;10.04.2025
C14794;Romania;Consumer;08.02.2025
C14795;Netherlands;Consumer;31.12.2023
C14796;Romania;Consumer;04.03.2024
C14797;Spain;Small Business;07.03.2023
C14798;United Kingdom;Consumer;10.10.2024
C14799;Spain;Consumer;06.04.2023
C14800;Germany;Consumer;23.09.2025
C14801;Italy;Consumer;25.10.2025
C14802;United Kingdom;Small Business;19.07.2023
C14803;Germany;Corporate;23.03.2025
C14804;Romania;Small Business;03.07.2024
C14805;Romania;Consumer;03.01.2023
C14806;Romania;Corporate;03.07.2025
C14807;Spain;Small Business;13.01.2026
C14808;Romania;Consumer;12.08.2024
C14809;France;Consumer;06.03.2026
C14810;Germany;Consumer;12.03.2023
C14811;Romania;Small Business;17.01.2026
C14812;Netherlands;Consumer;19.05.2025
C14813;Romania;Consumer;06.05.2025
C14814;Germany;Consumer;03.10.2024
C14815;Romania;Consumer;04.02.2023
C14816;Romania;Small Business;31.07.2024
C14817;Romania;Consumer;28.04.2026
C14818;United Kingdom;Consumer;13.08.2024
C14819;Romania;Consumer;28.03.2023
C14820;ROMANIA;Corporate;22.09.2024
C14821;United Kingdom;Consumer;10.07.2023
C14822;Romania;Consumer;21.06.2024
C14823;Romania;Consumer;12.03.2025
C14824;Romania;Consumer;27.03.2023
C14825;France;Small Business;12.08.2024
C14826;Germany;Corporate;07.10.2024
C14827;Romania;Consumer;21.08.2025
C14828;Germany;Consumer;28.03.2023
C14829;Germany;Consumer;18.03.2025
C14830;United Kingdom;Consumer;04.03.2025
C14831;Romania;Consumer;06.01.2023
C14832;Romania;Consumer;02.06.2023
C14833;Romania;Consumer;31.03.2025
C14834;United Kingdom;Small Business;02.01.2026
C14835;United Kingdom;Corporate;31.12.2025
C14836;Romania;Consumer;07.09.2025
C14837;Romania;Small Business;23.12.2025
C14838;United Kingdom;Small Business;13.02.2025
C14839;Romania;Consumer;20.07.2023
C14840;Germany;Corporate;09.11.2024
C14841;Romania;Consumer;19.03.2024
C14842;Romania;Consumer;22.11.2023
C14843;Germany;Small Business;02.06.2023
C14844;Romania;Consumer;26.01.2023
C14845;Germany;Consumer;16.08.2025
C14846;Romania;Consumer;06.08.2023
C14847;Romania;Small Business;11.03.2025
C14848;Germany;Corporate;22.01.2024
C14849;Romania;Consumer;10.09.2024
C14850;United Kingdom;Consumer;22.05.2024
C14851;France;Consumer;18.01.2024
C14852;Spain;Corporate;05.09.2024
C14853;Romania;Consumer;01.10.2025
C14854;Romania;Corporate;05.10.2024
C14855;Romania;Consumer;06.10.2025
C14856;Italy;Consumer;08.03.2026
C14857;Romania;Consumer;18.09.2024
C14858;Romania;Consumer;21.10.2025
C14859;France;Consumer;08.06.2023
C14860;Romania;Corporate;23.12.2024
C14861;Germany;Consumer;16.08.2024
C14862;Romania;;08.01.2023
C14863;United Kingdom;Consumer;17.02.2026
C14864;France;Consumer;04.08.2025
C14865;Romania;Small Business;15.01.2025
C14866;United Kingdom;Small Business;06.06.2025
C14867;Germany;Corporate;20.08.2025
C14868;Romania;Consumer;19.09.2025
C14869;Italy;Consumer;11.01.2024
C14870;France;Consumer;17.06.2024
C14871;Spain;Consumer;13.03.2024
C14872;United Kingdom;Consumer;08.03.2026
C14873;Romania;Consumer;30.05.2023
C14874;Romania;Consumer;03.03.2026
C14875;Romania;Corporate;13.03.2024
C14876;Romania;Corporate;20.09.2025
C14877;Romania;Consumer;05.08.2023
C14878;Romania;Corporate;12.12.2025
C14879;Romania;Small Business;18.11.2024
C14880;;Consumer;10.06.2026
C14881;Romania;Corporate;17.05.2024
C14882;Germany;Corporate;23.06.2026
C14883;France;Consumer;02.12.2025
C14884;Germany;Small Business;11.01.2023
C14885;Romania;Consumer;03.05.2024
C14886;United Kingdom;Consumer;01.06.2024
C14887;France;Small Business;28.09.2023
C14888;Italy;Consumer;25.01.2026
C14889;Romania;Consumer;18.04.2023
C14890;Romania;Consumer;27.11.2023
C14891;Germany;Small Business;19.11.2023
C14892;Romania;Small Business;17.06.2024
C14893;France;Consumer;08.06.2025
C14894;United Kingdom;Consumer;09.01.2023
C14895;France;Consumer;10.03.2025
C14896;Netherlands;Consumer;02.03.2025
C14897;Germany;Consumer;20.03.2023
C14898;Spain;Corporate;31.12.2025
C14899;United Kingdom;Consumer;06.01.2025
C14900;Romania;Consumer;19.11.2023
C14901;France;Small Business;04.10.2025
C14902;United Kingdom;Consumer;23.08.2024
C14903;Netherlands;Consumer;13.05.2024
C14904;Romania;Consumer;03.08.2023
C14905;Romania;Consumer;17.09.2024
C14906;Italy;Small Business;07.10.2023
C14907;Romania;Consumer;25.07.2025
C14908;United Kingdom;Small Business;18.04.2024
C14909;Germany;Consumer;01.06.2023
C14910;Romania;Consumer;21.06.2025
C14911;Romania;Small Business;14.12.2025
C14912;France;Small Business;29.11.2025
C14913;Romania;Corporate;10.09.2024
C14914;France;Consumer;28.01.2024
C14915;France;Consumer;10.10.2023
C14916;United Kingdom;Consumer;22.05.2024
C14917;Romania;Consumer;10.05.2023
C14918;Romania;Corporate;06.02.2026
C14919;France;Consumer;14.11.2023
C14920;Romania;Consumer;22.09.2025
C14921;Romania;Consumer;06.05.2024
C14922;Spain;Consumer;30.05.2025
C14923;Romania;Small Business;08.03.2026
C14924;Romania;Consumer;03.06.2024
C14925;Netherlands;Corporate;16.05.2026
C14926;Romania;Consumer;11.03.2024
C14927;Romania;Small Business;21.11.2023
C14928;Romania;Consumer;12.07.2025
C14929;France;Consumer;29.06.2023
C14930;Italy;Consumer;30.04.2023
C14931;France;Consumer;14.04.2024
C14932;Netherlands;Corporate;24.11.2024
C14933;Romania;Small Business;20.08.2024
C14934;United Kingdom;Consumer;19.03.2023
C14935;Romania;Consumer;30.11.2024
C14936;Spain;Consumer;06.03.2025
C14937;Spain;Consumer;30.12.2023
C14938;Romania;Consumer;26.12.2024
C14939;Italy;Consumer;28.03.2024
C14940;United Kingdom;Consumer;18.03.2023
C14941;Romania;Corporate;07.08.2025
C14942;Germany;Consumer;19.06.2024
C14943;Netherlands;Small Business;09.06.2026
C14944;Romania;Corporate;03.09.2023
C14945;Romania;Consumer;10.01.2023
C14946;Netherlands;Consumer;15.10.2025
C14947;Romania;Consumer;05.01.2026
C14948;Romania;Small Business;11.03.2026
C14949;United Kingdom;Consumer;16.06.2026
C14950;Germany;Consumer;06.02.2024
C14951;Romania;Consumer;16.05.2025
C14952;Romania;Small Business;07.02.2023
C14953;Italy;Small Business;16.06.2024
C14954;Germany;Consumer;19.02.2026
C14955;United Kingdom;Small Business;20.03.2025
C14956;Italy;Consumer;13.12.2025
C14957;Romania;Consumer;22.04.2026
C14958;Italy;Consumer;13.10.2025
C14959;France;Small Business;27.05.2025
C14960;Spain;Small Business;30.03.2024
C14961;Romania;Consumer;09.11.2024
C14962;Romania;Consumer;12.04.2023
C14963;United Kingdom;Consumer;06.01.2025
C14964;Spain;Consumer;28.05.2026
C14965;Netherlands;Consumer;08.07.2023
C14966;Romania;Consumer;21.09.2024
C14967;Germany;Consumer;21.02.2026
C14968;Romania;Consumer;31.03.2024
C14969;United Kingdom;Consumer;21.01.2025
C14970;Italy;Consumer;18.09.2025
C14971;France;Consumer;02.10.2025
C14972;Romania;Consumer;05.05.2025
C14973;Netherlands;Small Business;22.03.2023
C14974;Romania;Consumer;23.02.2023
C14975;Germany;Consumer;20.08.2025
C14976;Germany;Consumer;07.05.2026
C14977;Germany;Consumer;08.12.2023
C14978;France;Small Business;10.12.2024
C14979;Germany;Consumer;02.04.2023
C14980;Romania;Consumer;29.08.2023
C14981;Romania;Consumer;21.01.2023
C14982;Germany;Consumer;21.01.2025
C14983;United Kingdom;Corporate;05.12.2024
C14984;Germany;Corporate;29.04.2023
C14985;Romania;Consumer;27.01.2025
C14986;Romania;Consumer;04.08.2024
C14987;France;Consumer;08.05.2023
C14988;Germany;Consumer;07.10.2023
C14989;Germany;Consumer;26.11.2024
C14990;Romania;Consumer;31.10.2025
C14991;Romania;Consumer;04.07.2024
C14992;Romania;Consumer;17.03.2025
C14993;Romania;Consumer;12.07.2024
C14994;United Kingdom;Consumer;04.01.2026
C14995;Romania;Small Business;29.05.2026
C14996;Romania;Consumer;23.06.2024
C14997;Netherlands;Small Business;13.01.2024
C14998;Romania;Consumer;04.01.2025
C14999;Germany;Consumer;02.02.2026
C15000;Romania;Consumer;03.02.2025
C07577;Germany;Consumer;17.03.2024
C10510;Romania;Small Business;06.08.2024
C04254;Germany;Small Business;17.06.2023
C05151;Germany;Consumer;08.01.2023
C00507;Romania;Corporate;05.10.2025
C01623;Romania;Small Business;02.09.2025
C13685;France;Small Business;05.05.2024
C02146;United Kingdom;Small Business;21.04.2025
C09297;Germany;Corporate;21.06.2025
C06901;Romania;Small Business;13.05.2023
C06332;Romania;Consumer;05.04.2023
C13898;France;Consumer;10.05.2023
C02317;Romania;Consumer;20.02.2023
C10735;Romania;Consumer;30.06.2024
C10442;Germany;Consumer;03.07.2025
C06800;Romania;Consumer;03.06.2025
C14769;Spain;Consumer;19.09.2025
C06993;Romania;Small Business;04.05.2023
C02115;Romania;Consumer;26.02.2025
C09995;Spain;Corporate;19.02.2024
C00503;Netherlands;Consumer;25.05.2024
C03400;United Kingdom;Small Business;16.06.2026
C07375;Romania;Consumer;13.09.2024
C05795;Romania;Consumer;17.12.2023
C13282;Netherlands;Consumer;21.07.2025
C01187;Romania;Small Business;16.08.2023
C04356;United Kingdom;Small Business;21.07.2025
C11527;United Kingdom;Consumer;13.07.2023
C02780;Romania;Small Business;01.05.2024
C11886;Romania;Consumer;24.08.2023
C06487;Germany;Small Business;01.12.2023
C05285;Germany;Consumer;11.12.2024
C04051;Romania;Consumer;09.07.2025
C10835;Romania;Small Business;24.03.2024
C08841;Spain;Consumer;19.05.2024
C02227;Italy;Consumer;16.04.2025
C04174;United Kingdom;Consumer;15.08.2024
C14802;United Kingdom;Small Business;19.07.2023
C03613;Romania;Corporate;19.07.2024
C13057;Spain;Consumer;26.05.2026
C10815;Germany;Small Business;28.02.2026
C08341;United Kingdom;Consumer;07.05.2025
C13028;Romania;Consumer;05.07.2023
C03373;Italy;Small Business;31.07.2024
C05330;Netherlands;Consumer;22.03.2023
C13920;Romania;Consumer;14.03.2023
C03848;United Kingdom;Consumer;11.11.2024
C05791;Romania;Consumer;22.03.2024
C03906;Romania;Consumer;11.10.2024
C00898;France;Consumer;23.10.2024
C12840;Romania;Consumer;19.06.2026
C12260;Romania;Consumer;04.05.2024
C14843;ROMANIA;Small Business;02.06.2023
C09669;Germany;Small Business;11.05.2026
C14060;Germany;Consumer;14.11.2024
C03462;Germany;Consumer;06.10.2023
C08762;Germany;Consumer;15.03.2024
C13919;United Kingdom;Consumer;30.11.2025
C05241;Germany;Consumer;10.08.2023
C05192;Germany;Consumer;01.01.2026