Return_ID;Order_ID;Return_Date;Returned_Quantity;Return_Reason
R000001;O0049055;11.03.2026;1;Wrong Item
R000002;O0013950;18.07.2025;1;Damaged
R000003;O0032360;16.03.2026;3;Wrong Item
R000004;O0043898;18.07.2025;2;Damaged
R000005;O0014189;04.02.2025;1;Customer Changed Mind
R000006;O0020416;13.05.2025;2;Customer Changed Mind
R000007;O0013632;06.11.2025;1;Customer Changed Mind
R000008;O0042903;11.10.2025;1;Other
R000009;O0055683;27.05.2026;2;Other
R000010;O0054914;24.08.2025;1;Customer Changed Mind
R000011;O0030284;01.10.2025;3;Other
R000012;O0027771;03.03.2026;2;Wrong Item
R000013;O0039899;08.03.2026;1;Wrong Item
R000014;O0040274;23.04.2025;1;Customer Changed Mind
R000015;O0022086;09.08.2025;3;Other
R000016;O0029940;04.03.2026;1;Damaged
R000017;O0033824;13.03.2025;2;Customer Changed Mind
R000018;O0007437;23.06.2026;3;Other
R000019;O0035446;06.03.2026;3;Other
R000020;O0013090;20.05.2025;3;Damaged
R000021;O0035802;05.04.2026;2;Customer Changed Mind
R000022;O0053965;11.07.2025;2;Damaged
R000023;O0056155;16.05.2025;1;Other
R000024;O0030594;23.04.2025;1;Customer Changed Mind
R000025;O0001692;27.03.2025;2;Damaged
R000026;O0013029;25.12.2025;2;Damaged
R000027;O0038545;10.11.2025;3;Late Delivery
R000028;O0042397;19.04.2026;1;Wrong Item
R000029;O0026253;07.04.2026;1;Customer Changed Mind
R000030;O0016220;08.04.2026;2;Wrong Item
R000031;O0006258;10.01.2026;1;Wrong Item
R000032;O0046174;12.07.2026;2;Customer Changed Mind
R000033;O0036185;24.03.2025;1;Customer Changed Mind
R000034;O0003877;04.04.2026;2;Late Delivery
R000035;O0029532;28.06.2025;3;Damaged
R000036;O0029677;08.04.2026;2;Damaged
R000037;O0042773;11.10.2025;1;Other
R000038;O0053759;06.07.2025;3;Customer Changed Mind
R000039;O0020084;21.12.2025;2;Customer Changed Mind
R000040;O0051049;09.01.2026;1;Customer Changed Mind
R000041;O0059429;18.04.2026;1;Other
R000042;O0035270;13.07.2026;2;Other
R000043;O0009038;03.06.2025;1;Customer Changed Mind
R000044;O0050433;07.02.2026;2;Wrong Item
R000045;O0004678;22.04.2026;3;Damaged
R000046;O0059458;05.11.2025;2;Customer Changed Mind
R000047;O0053847;26.04.2026;2;Customer Changed Mind
R000048;O0052139;27.02.2025;1;Wrong Item
R000049;O0033910;28.04.2025;3;Customer Changed Mind
R000050;O0056825;18.03.2026;2;Customer Changed Mind
R000051;O0031994;21.05.2026;1;Customer Changed Mind
R000052;O0030451;05.10.2025;2;Customer Changed Mind
R000053;O0048328;28.04.2025;2;Customer Changed Mind
R000054;O0013171;10.12.2025;3;Wrong Item
R000055;O0038576;22.08.2025;1;Customer Changed Mind
R000056;O0018025;10.02.2026;3;Other
R000057;O0055713;25.01.2026;1;Customer Changed Mind
R000058;O0024492;17.09.2025;1;Other
R000059;O0036529;02.03.2026;2;Customer Changed Mind
R000060;O0059614;09.08.2025;1;Late Delivery
R000061;O0057976;13.11.2025;1;Customer Changed Mind
R000062;O0031702;03.04.2025;2;Customer Changed Mind
R000063;O0002428;06.07.2025;2;Other
R000064;O0004611;10.09.2025;3;Customer Changed Mind
R000065;O0041205;09.01.2026;2;Damaged
R000066;O0054810;17.02.2026;1;Other
R000067;O0000027;20.01.2026;3;Wrong Item
R000068;O0051497;14.07.2025;3;Other
R000069;O0000615;15.02.2026;1;Customer Changed Mind
R000070;O0032663;19.08.2025;3;Customer Changed Mind
R000071;O0052074;13.05.2025;1;Late Delivery
R000072;O0005903;14.06.2026;2;Damaged
R000073;O0051917;16.11.2025;2;Other
R000074;O0009701;05.05.2026;3;Late Delivery
R000075;O0016957;09.05.2025;1;Customer Changed Mind
R000076;O0025198;14.07.2025;1;Other
R000077;O0049201;07.03.2026;3;Customer Changed Mind
R000078;O0014367;05.02.2026;3;Customer Changed Mind
R000079;O0008270;28.02.2025;3;Other
R000080;O0039624;10.10.2025;1;Customer Changed Mind
R000081;O0038195;21.04.2025;2;Customer Changed Mind
R000082;O0038918;13.10.2025;3;Late Delivery
R000083;O0035343;07.08.2025;2;Customer Changed Mind
R000084;O0014906;09.08.2025;1;Customer Changed Mind
R000085;O0006980;29.03.2025;1;Late Delivery
R000086;O0031236;05.04.2025;1;Late Delivery
R000087;O0028171;08.10.2025;1;Other
R000088;O0051337;19.07.2025;3;Customer Changed Mind
R000089;O0052855;16.06.2025;3;Other
R000090;O0056269;18.03.2026;3;Damaged
R000091;O0003648;04.07.2026;2;Damaged
R000092;O0023146;14.05.2025;3;Other
R000093;O0038005;21.07.2025;1;Damaged
R000094;O0023972;23.07.2025;3;Customer Changed Mind
R000095;O0004087;24.05.2026;3;Other
R000096;O0059807;30.09.2025;1;Damaged
R000097;O0014640;15.01.2026;3;Other
R000098;O0043192;06.01.2026;3;Wrong Item
R000099;O0004576;21.03.2026;2;Customer Changed Mind
R000100;O0000375;29.09.2025;2;Customer Changed Mind
R000101;O0001076;05.02.2025;2;Damaged
R000102;O0020194;20.12.2025;2;Other
R000103;O0039968;03.05.2025;1;Other
R000104;O0022983;05.05.2026;2;Customer Changed Mind
R000105;O0011276;10.09.2025;1;Damaged
R000106;O0019044;07.07.2025;2;Customer Changed Mind
R000107;O0029420;01.04.2026;2;Late Delivery
R000108;O0006687;22.06.2025;2;Other
R000109;O0049426;09.02.2026;3;Wrong Item
R000110;O0022502;11.04.2025;3;Customer Changed Mind
R000111;O0035486;05.03.2025;1;Damaged
R000112;O0035648;07.12.2025;2;Wrong Item
R000113;O0050679;12.03.2026;3;Late Delivery
R000114;O0028280;03.08.2025;2;Customer Changed Mind
R000115;O0012528;01.02.2026;1;Late Delivery
R000116;O0011425;14.11.2025;1;Other
R000117;O0051409;15.04.2025;3;Customer Changed Mind
R000118;O0001458;27.04.2025;3;Wrong Item
R000119;O0030603;23.03.2026;2;Customer Changed Mind
R000120;O0029860;31.03.2025;1;Customer Changed Mind
R000121;O0042331;05.06.2025;2;Wrong Item
R000122;O0022662;18.11.2025;2;Late Delivery
R000123;O0052997;28.06.2025;3;Damaged
R000124;O0034263;13.07.2026;3;Customer Changed Mind
R000125;O0048436;14.05.2025;2;Customer Changed Mind
R000126;O0015787;10.05.2026;3;Customer Changed Mind
R000127;O0058096;25.03.2025;3;Wrong Item
R000128;O0015022;14.03.2026;3;Customer Changed Mind
R000129;O0054523;26.07.2025;1;Customer Changed Mind
R000130;O0032599;19.02.2025;3;Customer Changed Mind
R000131;O0005910;22.01.2026;1;Damaged
R000132;O0041031;24.03.2026;1;Damaged
R000133;O0013697;29.09.2025;1;Wrong Item
R000134;O0029384;27.01.2026;1;Late Delivery
R000135;O0016386;22.01.2026;2;Late Delivery
R000136;O0019255;02.07.2025;2;Customer Changed Mind
R000137;O0030776;03.08.2025;2;Wrong Item
R000138;O0007317;24.06.2026;2;Customer Changed Mind
R000139;O0010537;13.07.2026;2;Other
R000140;O0055770;08.03.2026;1;Customer Changed Mind
R000141;O0023811;24.02.2026;3;Customer Changed Mind
R000142;O0006588;27.03.2025;2;Customer Changed Mind
R000143;O0052652;09.07.2026;3;Customer Changed Mind
R000144;O0059775;11.08.2025;3;Customer Changed Mind
R000145;O0055096;30.06.2026;3;Customer Changed Mind
R000146;O0013781;23.06.2025;3;Damaged
R000147;O0016623;14.03.2025;2;Damaged
R000148;O0059565;12.04.2026;3;Customer Changed Mind
R000149;O0040334;10.06.2025;1;Damaged
R000150;O0035855;17.05.2025;1;Customer Changed Mind
R000151;O0010392;18.09.2025;3;Damaged
R000152;O0047713;28.03.2026;1;Late Delivery
R000153;O0039528;18.04.2025;3;Late Delivery
R000154;O9999999;22.03.2026;1;Customer Changed Mind
R000155;O0047693;17.12.2025;2;Other
R000156;O0008338;25.09.2025;3;Wrong Item
R000157;O0022655;24.08.2025;2;Customer Changed Mind
R000158;O0028251;18.03.2025;1;Customer Changed Mind
R000159;O0053347;17.09.2025;2;Customer Changed Mind
R000160;O0034602;06.07.2026;2;Late Delivery
R000161;O0036046;09.07.2025;3;Customer Changed Mind
R000162;O0053458;10.05.2026;3;Damaged
R000163;O0041726;11.05.2025;3;Wrong Item
R000164;O0016224;14.06.2025;1;Damaged
R000165;O0004560;05.06.2025;1;Customer Changed Mind
R000166;O0035582;07.11.2025;2;Damaged
R000167;O0025794;19.08.2025;1;Damaged
R000168;O0030368;15.05.2026;3;Late Delivery
R000169;O0014840;29.01.2026;3;Customer Changed Mind
R000170;O0043849;11.09.2025;2;Damaged
R000171;O0059000;28.05.2025;2;Wrong Item
R000172;O0058721;03.07.2026;3;Late Delivery
R000173;O0021921;06.04.2025;3;Customer Changed Mind
R000174;O0007140;15.12.2025;3;Other
R000175;O0029370;12.01.2026;3;Late Delivery
R000176;O0026320;25.06.2026;1;Customer Changed Mind
R000177;O0009610;16.03.2025;2;Late Delivery
R000178;O0027747;30.06.2026;2;Customer Changed Mind
R000179;O0026629;27.02.2025;3;Other
R000180;O0023960;30.09.2025;3;Wrong Item
R000181;O0007598;13.01.2026;2;Customer Changed Mind
R000182;O0025734;28.07.2025;1;Wrong Item
R000183;O0042544;13.04.2026;2;Customer Changed Mind
R000184;O0056116;27.12.2025;1;Damaged
R000185;O0032938;10.10.2025;2;Customer Changed Mind
R000186;O0025884;26.04.2026;3;Wrong Item
R000187;O0014656;13.03.2025;3;Customer Changed Mind
R000188;O0016317;22.11.2025;2;Wrong Item
R000189;O0031769;06.02.2026;1;Other
R000190;O0057573;17.08.2025;2;Customer Changed Mind
R000191;O0017239;14.04.2025;1;Customer Changed Mind
R000192;O0059006;13.02.2026;1;Wrong Item
R000193;O0021081;30.03.2026;2;Wrong Item
R000194;O0042676;16.12.2025;1;Damaged
R000195;O0017505;01.04.2025;1;Customer Changed Mind
R000196;O0017249;27.10.2025;2;Customer Changed Mind
R000197;O0022101;25.11.2025;2;Other
R000198;O0050903;25.04.2025;1;Other
R000199;O0041678;29.06.2026;2;Late Delivery
R000200;O0025514;14.03.2025;3;Wrong Item
R000201;O0042950;16.04.2025;3;Damaged
R000202;O0021258;23.06.2026;2;Customer Changed Mind
R000203;O0025465;10.06.2025;1;Customer Changed Mind
R000204;O0004473;24.05.2026;3;Customer Changed Mind
R000205;O0054520;08.08.2025;1;Wrong Item
R000206;O0020968;25.06.2026;1;Wrong Item
R000207;O0021819;28.05.2025;1;Wrong Item
R000208;O0049616;28.09.2025;2;Customer Changed Mind
R000209;O0017652;12.10.2025;3;Late Delivery
R000210;O0031260;16.06.2025;2;Wrong Item
R000211;O0047444;11.07.2026;3;Other
R000212;O0030097;24.02.2026;3;Customer Changed Mind
R000213;O0038191;28.04.2026;1;Wrong Item
R000214;O0003723;17.07.2025;3;Damaged
R000215;O0058818;27.05.2026;1;Wrong Item
R000216;O0049280;10.01.2026;1;Late Delivery
R000217;O0002812;04.06.2026;2;Other
R000218;O0019906;05.11.2025;2;Customer Changed Mind
R000219;O0055398;25.08.2025;2;Customer Changed Mind
R000220;O0022353;25.06.2026;1;Customer Changed Mind
R000221;O0053316;02.04.2026;3;Customer Changed Mind
R000222;O0054407;22.03.2026;1;Customer Changed Mind
R000223;O0041190;02.07.2026;3;Wrong Item
R000224;O0021767;20.03.2026;3;Other
R000225;O0015004;20.09.2025;3;Customer Changed Mind
R000226;O0020533;24.04.2026;2;Wrong Item
R000227;O0054383;17.02.2026;1;Other
R000228;O0049177;04.04.2026;2;Customer Changed Mind
R000229;O0042892;23.05.2026;3;Damaged
R000230;O0047761;13.11.2025;2;Damaged
R000231;O0039106;25.02.2026;2;Wrong Item
R000232;O0027883;07.07.2025;2;Customer Changed Mind
R000233;O0014113;11.11.2025;1;Wrong Item
R000234;O0030664;18.08.2025;2;Other
R000235;O0022132;11.11.2025;3;Customer Changed Mind
R000236;O0036266;12.09.2025;1;Damaged
R000237;O0051589;13.06.2025;2;Damaged
R000238;O0003849;27.12.2025;1;Other
R000239;O0046968;10.04.2025;2;Damaged
R000240;O0050351;20.05.2025;1;Other
R000241;O0045742;14.07.2025;3;Damaged
R000242;O0030334;15.04.2025;2;Customer Changed Mind
R000243;O0005860;25.12.2025;3;Damaged
R000244;O0018483;19.02.2025;3;Other
R000245;O0043949;27.10.2025;1;Wrong Item
R000246;O0008339;18.05.2026;3;Wrong Item
R000247;O0048420;13.12.2025;3;Late Delivery
R000248;O0029521;13.07.2026;2;Customer Changed Mind
R000249;O0029726;26.08.2025;2;Customer Changed Mind
R000250;O0015603;24.05.2025;3;Other
R000251;O0010584;10.08.2025;2;Other
R000252;O0029072;25.03.2025;2;Wrong Item
R000253;O0006397;10.07.2026;1;Damaged
R000254;O0029779;16.04.2026;2;Damaged
R000255;O0003198;10.05.2026;1;Other
R000256;O0012489;15.02.2025;3;Late Delivery
R000257;O0046125;21.05.2026;2;Customer Changed Mind
R000258;O0013900;17.11.2025;1;Damaged
R000259;O0032435;24.08.2025;1;Late Delivery
R000260;O0018810;18.03.2026;1;Damaged
R000261;O0025820;25.12.2025;3;Damaged
R000262;O0054419;09.12.2025;2;Customer Changed Mind
R000263;O0024866;04.01.2026;3;Customer Changed Mind
R000264;O0008568;18.04.2026;1;Customer Changed Mind
R000265;O0028075;19.05.2026;3;Other
R000266;O0005954;24.04.2025;3;Wrong Item
R000267;O0027450;25.06.2026;1;Customer Changed Mind
R000268;O0053359;21.09.2025;2;Damaged
R000269;O0021905;07.03.2026;2;Damaged
R000270;O0022998;19.06.2026;1;Damaged
R000271;O0005176;13.06.2025;2;Customer Changed Mind
R000272;O0036912;29.04.2026;2;Damaged
R000273;O0058376;17.04.2025;2;Damaged
R000274;O0005994;11.08.2025;2;Wrong Item
R000275;O0043835;02.11.2025;3;Late Delivery
R000276;O0033212;01.02.2026;1;Customer Changed Mind
R000277;O0004441;03.02.2026;3;Late Delivery
R000278;O0055319;16.03.2026;2;Wrong Item
R000279;O0031534;29.04.2026;3;Late Delivery
R000280;O0010552;23.05.2026;3;Damaged
R000281;O0038760;11.06.2025;3;Damaged
R000282;O0030019;07.10.2025;1;Late Delivery
R000283;O0056373;04.04.2026;2;Damaged
R000284;O0016427;10.04.2025;1;Customer Changed Mind
R000285;O0007492;16.08.2025;1;Late Delivery
R000286;O0055880;26.08.2025;2;Wrong Item
R000287;O0048265;14.02.2026;2;Customer Changed Mind
R000288;O0034722;11.12.2025;3;Other
R000289;O0032340;11.06.2026;2;Wrong Item
R000290;O0006695;30.07.2025;3;Damaged
R000291;O0043419;19.03.2025;2;Customer Changed Mind
R000292;O0027718;07.05.2025;3;Damaged
R000293;O0021700;12.06.2026;1;Customer Changed Mind
R000294;O0036016;18.02.2026;2;Customer Changed Mind
R000295;O0038724;01.03.2025;2;Wrong Item
R000296;O0021563;21.12.2025;2;Customer Changed Mind
R000297;O0014971;09.04.2026;3;Customer Changed Mind
R000298;O0003951;21.12.2025;1;Customer Changed Mind
R000299;O0010598;22.02.2025;2;Damaged
R000300;O0053739;09.02.2025;3;Wrong Item
R000301;O0032900;02.10.2025;2;Other
R000302;O0055234;16.08.2025;3;Wrong Item
R000303;O0042432;23.02.2026;2;Late Delivery
R000304;O0041980;27.12.2025;2;Late Delivery
R000305;O0042750;02.08.2025;3;Late Delivery
R000306;O0059112;15.11.2025;1;Customer Changed Mind
R000307;O0037525;30.06.2025;3;Customer Changed Mind
R000308;O0059085;22.05.2026;1;Late Delivery
R000309;O0017320;22.07.2025;3;Late Delivery
R000310;O0033867;12.06.2025;1;Customer Changed Mind
R000311;O0024070;12.03.2025;1;Customer Changed Mind
R000312;O0005270;07.02.2026;3;Other
R000313;O0017639;01.12.2025;1;Customer Changed Mind
R000314;O0020844;30.07.2025;3;Late Delivery
R000315;O0041665;03.01.2026;3;Customer Changed Mind
R000316;O0027314;19.03.2026;1;Damaged
R000317;O0057845;30.05.2026;3;Wrong Item
R000318;O0045691;19.12.2025;2;Wrong Item
R000319;O0053237;07.09.2025;2;Customer Changed Mind
R000320;O0011638;27.06.2026;1;Customer Changed Mind
R000321;O0007381;13.10.2025;3;Customer Changed Mind
R000322;O0008596;14.05.2026;2;Wrong Item
R000323;O0006928;03.05.2026;1;Customer Changed Mind
R000324;O0003667;01.07.2025;3;Customer Changed Mind
R000325;O0032043;22.06.2025;3;Other
R000326;O0044878;15.10.2025;3;Damaged
R000327;O0042504;11.11.2025;2;Customer Changed Mind
R000328;O0017386;14.02.2026;2;Customer Changed Mind
R000329;O0048869;30.01.2026;3;Damaged
R000330;O0022221;06.05.2026;1;Customer Changed Mind
R000331;O0006915;22.12.2025;2;Customer Changed Mind
R000332;O0025577;18.04.2026;2;Damaged
R000333;O0033944;12.06.2025;1;Wrong Item
R000334;O0022179;14.08.2025;2;Wrong Item
R000335;O0005135;14.05.2025;2;Late Delivery
R000336;O0006947;16.04.2026;3;Damaged
R000337;O0000769;19.07.2025;1;Late Delivery
R000338;O0002278;23.05.2025;2;Damaged
R000339;O0030138;16.11.2025;1;Customer Changed Mind
R000340;O0027263;17.09.2025;2;Customer Changed Mind
R000341;O0052582;22.04.2025;3;Customer Changed Mind
R000342;O0031231;10.03.2025;1;Damaged
R000343;O0042139;14.07.2026;1;Wrong Item
R000344;O0021564;04.03.2025;2;Customer Changed Mind
R000345;O0003106;18.03.2025;1;Late Delivery
R000346;O0005207;07.07.2025;2;Damaged
R000347;O0050814;23.05.2026;3;Wrong Item
R000348;O0014869;04.06.2025;3;Other
R000349;O0048209;19.02.2026;1;Damaged
R000350;O0054555;15.02.2026;1;Damaged
R000351;O0035947;01.06.2026;1;Customer Changed Mind
R000352;O0049900;11.03.2026;2;Wrong Item
R000353;O0039285;16.02.2025;2;Customer Changed Mind
R000354;O0012323;06.07.2026;3;Damaged
R000355;O0036112;30.10.2025;1;Customer Changed Mind
R000356;O0043449;19.03.2026;1;Wrong Item
R000357;O0022257;17.07.2025;3;Customer Changed Mind
R000358;O0014262;12.06.2025;3;Late Delivery
R000359;O0004274;19.07.2025;3;Damaged
R000360;O0035520;26.05.2026;1;Damaged
R000361;O0012322;03.01.2026;2;Other
R000362;O0045586;12.12.2025;3;Damaged
R000363;O0026220;27.06.2026;3;Customer Changed Mind
R000364;O0038104;01.08.2025;2;Wrong Item
R000365;O0005651;29.04.2026;2;Late Delivery
R000366;O0030381;22.01.2026;1;Customer Changed Mind
R000367;O0048875;14.02.2025;2;Other
R000368;O0001829;15.12.2025;3;Late Delivery
R000369;O0033638;16.05.2025;3;Late Delivery
R000370;O0005388;08.07.2025;2;Customer Changed Mind
R000371;O0035214;30.05.2026;1;Customer Changed Mind
R000372;O0000320;11.12.2025;3;Customer Changed Mind
R000373;O0002587;03.02.2025;2;Damaged
R000374;O0057906;23.03.2025;2;Customer Changed Mind
R000375;O0019258;16.02.2026;1;Customer Changed Mind
R000376;O0024684;07.08.2025;2;Late Delivery
R000377;O0010438;17.12.2025;2;Damaged
R000378;O0041923;05.03.2026;3;Damaged
R000379;O0034243;11.09.2025;1;Other
R000380;O0052560;08.08.2025;3;Damaged
R000381;O0009473;03.06.2026;2;Wrong Item
R000382;O0037665;28.05.2026;1;Damaged
R000383;O0023052;30.04.2025;2;Late Delivery
R000384;O0051123;24.06.2026;1;Customer Changed Mind
R000385;O0014828;13.09.2025;3;Other
R000386;O0009082;22.07.2025;3;Customer Changed Mind
R000387;O0013048;27.08.2025;1;Other
R000388;O0005059;25.09.2025;2;Wrong Item
R000389;O0012478;16.02.2026;2;Customer Changed Mind
R000390;O0039189;15.05.2025;3;Other
R000391;O0037381;14.06.2026;2;Customer Changed Mind
R000392;O0058986;15.03.2025;2;Damaged
R000393;O0007717;21.04.2025;1;Damaged
R000394;O0028647;06.08.2025;1;Customer Changed Mind
R000395;O0018707;19.12.2025;2;Customer Changed Mind
R000396;O0059368;07.03.2026;1;Customer Changed Mind
R000397;O0019329;30.04.2026;1;Other
R000398;O0035583;06.03.2026;1;Wrong Item
R000399;O0056449;10.06.2026;2;Wrong Item
R000400;O0031010;24.01.2026;1;Other
R000401;O0041926;14.09.2025;2;Customer Changed Mind
R000402;O0051868;22.02.2026;3;Damaged
R000403;O0055498;13.02.2026;3;Customer Changed Mind
R000404;O0004218;31.05.2026;2;Other
R000405;O0023672;24.05.2026;3;Customer Changed Mind
R000406;O0048453;16.12.2025;1;Customer Changed Mind
R000407;O0003061;22.05.2026;1;Wrong Item
R000408;O0013974;19.12.2025;2;Customer Changed Mind
R000409;O0043684;11.02.2025;3;Wrong Item
R000410;O0022285;27.01.2026;1;Late Delivery
R000411;O0046318;08.07.2025;3;Customer Changed Mind
R000412;O0036052;06.07.2025;2;Customer Changed Mind
R000413;O0044961;16.11.2025;2;Customer Changed Mind
R000414;O0004809;24.05.2025;2;Wrong Item
R000415;O0055397;01.07.2025;3;Wrong Item
R000416;O0040488;27.06.2026;1;Damaged
R000417;O0050092;11.06.2026;3;Other
R000418;O0038257;03.05.2026;1;Other
R000419;O0004330;18.03.2026;1;Other
R000420;O0021675;02.03.2026;2;Wrong Item
R000421;O0018427;29.05.2026;1;Late Delivery
R000422;O0026645;02.09.2025;1;Customer Changed Mind
R000423;O0016940;31.03.2025;3;Other
R000424;O0005729;04.08.2025;3;Wrong Item
R000425;O0059886;31.05.2026;2;Other
R000426;O0000773;05.02.2025;3;Damaged
R000427;O0058498;08.11.2025;1;Wrong Item
R000428;O0016683;22.06.2026;-1;Customer Changed Mind
R000429;O0027421;27.11.2025;3;Customer Changed Mind
R000430;O0030224;06.04.2026;1;Damaged
R000431;O0011248;13.11.2025;2;Wrong Item
R000432;O0022321;01.02.2026;2;Other
R000433;O0022299;01.05.2026;3;Late Delivery
R000434;O0038141;26.03.2026;3;Wrong Item
R000435;O0032488;25.06.2025;3;Other
R000436;O0006460;23.09.2025;2;Damaged
R000437;O0023846;13.08.2025;1;Damaged
R000438;O0029684;17.04.2026;2;Customer Changed Mind
R000439;O0021084;10.09.2025;2;Damaged
R000440;O0003245;13.04.2025;3;Customer Changed Mind
R000441;O0002023;02.11.2025;2;Other
R000442;O0018644;14.03.2026;1;Wrong Item
R000443;O0047117;24.05.2025;3;Customer Changed Mind
R000444;O0050712;03.01.2026;3;Damaged
R000445;O0034468;07.03.2026;1;Wrong Item
R000446;O0035471;05.12.2025;3;Customer Changed Mind
R000447;O0058379;01.02.2025;2;Customer Changed Mind
R000448;O0002231;08.06.2025;3;Customer Changed Mind
R000449;O0024918;26.11.2025;1;Customer Changed Mind
R000450;O9999999;21.03.2026;2;Other
R000451;O0029293;22.03.2026;2;Other
R000452;O0007993;07.04.2026;1;Damaged
R000453;O0022904;17.06.2025;2;Customer Changed Mind
R000454;O0002056;20.05.2025;1;Customer Changed Mind
R000455;O0007022;11.10.2025;2;Damaged
R000456;O0028707;23.11.2025;2;Customer Changed Mind
R000457;O0026880;02.08.2025;3;Other
R000458;O0039852;25.03.2025;3;Customer Changed Mind
R000459;O0016003;29.08.2025;2;Damaged
R000460;O0014360;03.10.2025;2;Late Delivery
R000461;O0030116;20.09.2025;3;Other
R000462;O0045467;24.05.2026;1;Customer Changed Mind
R000463;O0021017;09.11.2025;3;Damaged
R000464;O0012619;14.04.2026;3;Damaged
R000465;O0033498;07.05.2025;1;Customer Changed Mind
R000466;O0024589;16.12.2025;2;Wrong Item
R000467;O0032849;28.12.2025;1;Other
R000468;O0006500;01.07.2025;3;Other
R000469;O0047430;05.06.2026;2;Other
R000470;O0033459;20.04.2025;2;Damaged
R000471;O0054487;07.07.2025;3;Customer Changed Mind
R000472;O0041010;10.03.2025;3;Late Delivery
R000473;O0007304;12.06.2026;1;Customer Changed Mind
R000474;O0050795;10.05.2026;3;Customer Changed Mind
R000475;O0058574;08.01.2026;2;Other
R000476;O0037331;11.04.2026;2;Customer Changed Mind
R000477;O0023216;27.06.2026;2;Late Delivery
R000478;O0026203;16.10.2025;2;Damaged
R000479;O0020302;24.06.2025;1;Customer Changed Mind
R000480;O0006517;12.11.2025;2;Late Delivery
R000481;O0054215;27.06.2025;1;Damaged
R000482;O0055043;22.11.2025;2;Wrong Item
R000483;O0056317;26.04.2026;1;Wrong Item
R000484;O0041744;19.12.2025;2;Customer Changed Mind
R000485;O0016626;16.07.2025;-1;Customer Changed Mind
R000486;O0052729;05.07.2025;1;Late Delivery
R000487;O0016159;18.06.2025;1;Damaged
R000488;O0025293;14.02.2026;3;Wrong Item
R000489;O0033778;01.01.2026;3;Damaged
R000490;O0034080;06.12.2025;2;Damaged
R000491;O0004657;14.03.2025;1;Damaged
R000492;O0056367;24.08.2025;3;Other
R000493;O0012728;11.10.2025;2;Other
R000494;O0019210;09.06.2026;2;Customer Changed Mind
R000495;O0007458;27.05.2025;2;Other
R000496;O0052274;23.03.2025;1;Late Delivery
R000497;O0056674;02.07.2025;1;Other
R000498;O0040057;24.08.2025;1;Other
R000499;O0042846;02.05.2025;2;Late Delivery
R000500;O0059827;19.06.2025;3;Customer Changed Mind
R000501;O0047945;24.12.2025;3;Wrong Item
R000502;O0041833;14.12.2025;1;Late Delivery
R000503;O0024562;23.12.2025;1;Other
R000504;O0055430;21.10.2025;1;Wrong Item
R000505;O0047094;13.05.2026;1;Customer Changed Mind
R000506;O0015964;23.06.2025;2;Damaged
R000507;O0047325;17.10.2025;3;Other
R000508;O0001533;24.11.2025;1;Other
R000509;O0001061;08.08.2025;1;Damaged
R000510;O0027552;14.10.2025;1;Wrong Item
R000511;O0028514;18.04.2026;3;Customer Changed Mind
R000512;O0043316;01.02.2026;3;Late Delivery
R000513;O0009363;07.07.2026;1;Customer Changed Mind
R000514;O0022834;26.02.2026;1;Customer Changed Mind
R000515;O0050238;27.07.2025;2;Customer Changed Mind
R000516;O0002400;22.03.2025;3;Wrong Item
R000517;O0007450;10.04.2026;1;Wrong Item
R000518;O0041162;10.05.2026;2;Customer Changed Mind
R000519;O0046263;22.04.2025;2;Damaged
R000520;O0030838;10.05.2025;1;Wrong Item
R000521;O0030257;21.03.2026;1;Late Delivery
R000522;O0025448;05.03.2026;3;Damaged
R000523;O0058920;18.06.2025;2;Other
R000524;O0015067;04.02.2026;3;Customer Changed Mind
R000525;O0026644;27.09.2025;1;Damaged
R000526;O0044763;21.05.2026;1;Late Delivery
R000527;O0025447;29.08.2025;3;Damaged
R000528;O0030514;09.02.2026;2;Customer Changed Mind
R000529;O0053313;07.08.2025;1;Other
R000530;O9999999;14.09.2025;3;Wrong Item
R000531;O0007259;28.12.2025;1;Customer Changed Mind
R000532;O0004086;24.09.2025;1;Other
R000533;O0042145;14.04.2026;2;Late Delivery
R000534;O0047501;22.08.2025;3;Customer Changed Mind
R000535;O0051786;10.06.2026;1;Customer Changed Mind
R000536;O0042701;18.12.2025;1;Damaged
R000537;O0008576;05.11.2025;2;Damaged
R000538;O0020387;24.09.2025;3;Wrong Item
R000539;O0027628;25.03.2025;2;Late Delivery
R000540;O0054085;25.05.2026;3;Other
R000541;O0021592;20.04.2026;3;Customer Changed Mind
R000542;O0010423;25.04.2025;2;Other
R000543;O0015823;13.02.2025;1;Damaged
R000544;O0011098;27.04.2026;2;Customer Changed Mind
R000545;O0040015;13.03.2026;2;Damaged
R000546;O0041433;12.11.2025;2;Damaged
R000547;O0022921;29.07.2025;2;Customer Changed Mind
R000548;O0022255;06.03.2025;2;Damaged
R000549;O0009073;01.04.2026;2;Wrong Item
R000550;O0027960;06.03.2025;2;Other
R000551;O0006572;26.09.2025;2;Damaged
R000552;O0047103;21.11.2025;1;Wrong Item
R000553;O0040538;17.03.2026;2;Damaged
R000554;O0033267;18.07.2025;1;Damaged
R000555;O0042268;10.11.2025;3;Damaged
R000556;O0017472;27.06.2026;1;Wrong Item
R000557;O0050562;01.03.2025;2;Wrong Item
R000558;O0056671;06.06.2026;2;Damaged
R000559;O0014874;15.06.2025;1;Customer Changed Mind
R000560;O0003890;15.01.2026;2;Customer Changed Mind
R000561;O0041270;03.04.2026;2;Damaged
R000562;O0055881;07.04.2026;2;Customer Changed Mind
R000563;O0031421;09.06.2025;3;Late Delivery
R000564;O0053066;20.08.2025;1;Damaged
R000565;O0003683;03.07.2025;3;Wrong Item
R000566;O0016214;18.09.2025;3;Other
R000567;O0046484;31.03.2025;1;Wrong Item
R000568;O0054429;19.01.2026;1;Wrong Item
R000569;O0058956;20.01.2026;2;Late Delivery
R000570;O0017728;06.03.2025;1;Other
R000571;O0027474;23.11.2025;3;Customer Changed Mind
R000572;O0048779;04.04.2025;1;Customer Changed Mind
R000573;O0045416;18.04.2026;2;Other
R000574;O0016786;17.11.2025;3;Late Delivery
R000575;O0034865;22.05.2025;1;Customer Changed Mind
R000576;O0048825;03.02.2026;3;Wrong Item
R000577;O0044015;09.01.2026;2;Wrong Item
R000578;O0001406;06.04.2026;3;Damaged
R000579;O0002470;21.07.2025;3;Customer Changed Mind
R000580;O0030338;13.08.2025;1;Customer Changed Mind
R000581;O0045417;04.03.2025;1;Damaged
R000582;O0055602;29.03.2025;1;Other
R000583;O0049921;14.07.2025;2;Other
R000584;O0052936;06.11.2025;1;Damaged
R000585;O0033912;01.01.2026;3;Damaged
R000586;O0009984;05.02.2026;2;Customer Changed Mind
R000587;O0054346;19.05.2025;1;Wrong Item
R000588;O0032376;02.08.2025;2;Customer Changed Mind
R000589;O0015668;15.08.2025;3;Customer Changed Mind
R000590;O0011386;29.11.2025;3;Late Delivery
R000591;O0019450;19.02.2025;3;Late Delivery
R000592;O0032345;24.02.2026;2;Wrong Item
R000593;O0051472;03.06.2025;1;Customer Changed Mind
R000594;O0003514;24.06.2026;3;Customer Changed Mind
R000595;O0033442;20.02.2025;1;Customer Changed Mind
R000596;O0000968;25.04.2025;3;Customer Changed Mind
R000597;O0021861;11.11.2025;1;Customer Changed Mind
R000598;O0027939;18.04.2025;1;Other
R000599;O0015475;03.01.2026;3;Customer Changed Mind
R000600;O0056218;11.04.2026;1;Wrong Item
R000601;O0029273;14.07.2025;2;Late Delivery
R000602;O0003768;17.05.2026;2;Other
R000603;O0008801;17.06.2025;2;Customer Changed Mind
R000604;O0057912;20.02.2025;3;Customer Changed Mind
R000605;O0020509;16.02.2026;2;Customer Changed Mind
R000606;O0008214;21.12.2025;2;Customer Changed Mind
R000607;O0028055;22.06.2025;3;Damaged
R000608;O0023697;10.02.2026;2;Late Delivery
R000609;O0021708;02.03.2025;2;Customer Changed Mind
R000610;O0018608;07.11.2025;2;Customer Changed Mind
R000611;O0052293;20.12.2025;2;Wrong Item
R000612;O0036179;14.07.2025;2;Other
R000613;O0045705;16.10.2025;2;Customer Changed Mind
R000614;O0016878;31.01.2026;3;Wrong Item
R000615;O0016758;28.04.2025;2;Customer Changed Mind
R000616;O0000956;23.03.2026;3;Damaged
R000617;O0031208;12.09.2025;3;Wrong Item
R000618;O0007764;16.08.2025;3;Damaged
R000619;O0013898;22.03.2026;3;Wrong Item
R000620;O0001735;28.02.2025;3;Wrong Item
R000621;O0028702;18.06.2026;3;Late Delivery
R000622;O0048286;08.05.2026;1;Wrong Item
R000623;O0028905;30.11.2025;3;Damaged
R000624;O0025242;14.05.2025;-1;Damaged
R000625;O0051899;09.02.2026;3;Customer Changed Mind
R000626;O0017009;07.06.2026;3;Customer Changed Mind
R000627;O0017221;27.04.2026;3;Customer Changed Mind
R000628;O0010317;25.12.2025;1;Other
R000629;O0021978;31.05.2025;1;Wrong Item
R000630;O0022344;26.07.2025;2;Other
R000631;O0044292;18.06.2026;2;Damaged
R000632;O0030105;23.05.2026;3;Customer Changed Mind
R000633;O0051040;13.07.2025;1;Damaged
R000634;O0055967;29.05.2025;2;Customer Changed Mind
R000635;O0037131;18.03.2026;2;Late Delivery
R000636;O0047984;12.04.2025;3;Customer Changed Mind
R000637;O0041655;25.02.2025;1;Wrong Item
R000638;O0009980;05.02.2025;2;Wrong Item
R000639;O0004040;08.03.2026;3;Customer Changed Mind
R000640;O0043874;18.07.2025;1;Customer Changed Mind
R000641;O0009956;28.02.2026;1;Late Delivery
R000642;O0013576;22.03.2026;3;Late Delivery
R000643;O0053638;22.02.2026;1;Other
R000644;O0054137;07.06.2026;1;Customer Changed Mind
R000645;O0059402;06.03.2025;2;Other
R000646;O0047213;29.05.2025;1;Customer Changed Mind
R000647;O0055208;19.08.2025;2;Late Delivery
R000648;O0015694;16.01.2026;2;Wrong Item
R000649;O0000115;15.09.2025;3;Damaged
R000650;O0028778;16.05.2025;2;Late Delivery
R000651;O0049848;04.01.2026;3;Customer Changed Mind
R000652;O0046134;15.07.2025;2;Other
R000653;O0035841;11.01.2026;1;Customer Changed Mind
R000654;O0049493;02.09.2025;1;Late Delivery
R000655;O0015174;03.03.2026;2;Customer Changed Mind
R000656;O0058700;05.03.2025;2;Wrong Item
R000657;O0012149;28.03.2025;1;Wrong Item
R000658;O0034812;19.07.2025;1;Wrong Item
R000659;O0059044;19.04.2025;2;Damaged
R000660;O0058446;28.06.2026;2;Damaged
R000661;O0057007;19.02.2026;3;Customer Changed Mind
R000662;O0036236;13.05.2026;3;Wrong Item
R000663;O0009788;20.05.2025;2;Customer Changed Mind
R000664;O0012977;29.05.2026;3;Other
R000665;O0012474;10.07.2026;2;Customer Changed Mind
R000666;O0004902;21.03.2026;3;Customer Changed Mind
R000667;O0058682;21.04.2025;1;Wrong Item
R000668;O0008228;04.02.2025;3;Customer Changed Mind
R000669;O0021906;16.08.2025;2;Customer Changed Mind
R000670;O0022163;17.03.2026;3;Wrong Item
R000671;O0038026;11.06.2025;2;Customer Changed Mind
R000672;O0013941;27.02.2026;2;Damaged
R000673;O0044350;08.02.2025;2;Late Delivery
R000674;O0045963;18.06.2025;1;Wrong Item
R000675;O0043059;11.10.2025;1;Damaged
R000676;O0053687;11.02.2026;2;Late Delivery
R000677;O0017824;30.03.2025;2;Customer Changed Mind
R000678;O0035176;27.08.2025;1;Other
R000679;O0041544;05.02.2026;3;Customer Changed Mind
R000680;O0012603;16.06.2026;1;Customer Changed Mind
R000681;O0049362;20.06.2025;1;Customer Changed Mind
R000682;O0034040;12.11.2025;3;Customer Changed Mind
R000683;O0029093;02.12.2025;3;Damaged
R000684;O0033534;15.06.2026;3;Customer Changed Mind
R000685;O0009275;11.03.2025;3;Customer Changed Mind
R000686;O0052796;29.08.2025;2;Damaged
R000687;O0012884;07.12.2025;3;Damaged
R000688;O0007979;15.02.2026;3;Customer Changed Mind
R000689;O0031386;11.06.2026;3;Damaged
R000690;O0048644;30.09.2025;2;Damaged
R000691;O0048383;05.06.2026;2;Customer Changed Mind
R000692;O0017222;08.02.2025;3;Damaged
R000693;O0057161;15.12.2025;2;Other
R000694;O0016977;26.06.2026;2;Customer Changed Mind
R000695;O0059146;20.12.2025;2;Wrong Item
R000696;O0038316;22.07.2025;3;Late Delivery
R000697;O0057973;03.10.2025;2;Wrong Item
R000698;O0016649;30.03.2025;1;Wrong Item
R000699;O0051704;18.05.2026;2;Customer Changed Mind
R000700;O0041278;26.12.2025;3;Customer Changed Mind
R000701;O0004167;14.06.2025;3;Wrong Item
R000702;O0004091;16.11.2025;2;Damaged
R000703;O0043067;12.10.2025;1;Damaged
R000704;O0057206;05.03.2026;2;Customer Changed Mind
R000705;O0044412;02.11.2025;2;Customer Changed Mind
R000706;O0005658;03.06.2025;1;Customer Changed Mind
R000707;O9999999;25.07.2025;1;Wrong Item
R000708;O0005914;15.04.2026;3;Wrong Item
R000709;O0049728;12.10.2025;3;Other
R000710;O0058936;04.12.2025;3;Damaged
R000711;O0027319;03.07.2026;-1;Customer Changed Mind
R000712;O0045685;31.10.2025;3;Other
R000713;O0006693;14.09.2025;3;Wrong Item
R000714;O0055557;23.04.2026;1;Late Delivery
R000715;O0014962;31.05.2026;3;Customer Changed Mind
R000716;O0042574;04.05.2026;2;Wrong Item
R000717;O0012784;10.10.2025;3;Damaged
R000718;O0010523;02.10.2025;1;Damaged
R000719;O0018935;26.02.2026;3;Other
R000720;O0042048;19.03.2025;2;Other
R000721;O0027141;25.11.2025;2;Late Delivery
R000722;O0055652;10.08.2025;3;Late Delivery
R000723;O0048992;28.08.2025;1;Customer Changed Mind
R000724;O0012382;18.06.2025;2;Other
R000725;O0007116;07.04.2026;3;Other
R000726;O0045082;15.04.2026;2;Damaged
R000727;O0007235;20.02.2025;2;Damaged
R000728;O0014019;18.12.2025;2;Late Delivery
R000729;O0055825;24.06.2025;3;Wrong Item
R000730;O0021006;21.09.2025;2;Customer Changed Mind
R000731;O0033023;26.07.2025;2;Late Delivery
R000732;O0026338;23.06.2025;2;Customer Changed Mind
R000733;O0052470;18.07.2025;1;Late Delivery
R000734;O0014193;26.06.2025;1;Customer Changed Mind
R000735;O0044281;04.02.2025;1;Other
R000736;O0046875;19.02.2026;3;Customer Changed Mind
R000737;O0047949;17.03.2026;2;Damaged
R000738;O0030366;22.05.2025;2;Late Delivery
R000739;O0044982;03.06.2025;3;Other
R000740;O0055521;10.11.2025;3;Customer Changed Mind
R000741;O0000946;01.04.2026;2;Other
R000742;O0038159;09.01.2026;2;Wrong Item
R000743;O0006882;07.07.2026;2;Customer Changed Mind
R000744;O0008075;08.05.2025;2;Damaged
R000745;O0045795;13.08.2025;1;Late Delivery
R000746;O0048003;06.06.2025;3;Other
R000747;O0030897;28.08.2025;1;Damaged
R000748;O0018431;26.09.2025;2;Customer Changed Mind
R000749;O0010213;22.06.2025;3;Damaged
R000750;O0008428;09.07.2025;1;Customer Changed Mind
R000751;O0055133;03.05.2025;1;Customer Changed Mind
R000752;O0057132;20.06.2025;3;Customer Changed Mind
R000753;O0054762;17.03.2026;3;Other
R000754;O0020404;23.09.2025;2;Customer Changed Mind
R000755;O0022369;16.05.2025;3;Damaged
R000756;O0007670;10.02.2026;1;Customer Changed Mind
R000757;O0028768;18.02.2025;2;Wrong Item
R000758;O0032844;26.11.2025;2;Damaged
R000759;O0013748;04.01.2026;1;Damaged
R000760;O0059282;25.05.2026;1;Customer Changed Mind
R000761;O0035561;08.11.2025;1;Other
R000762;O0025680;22.02.2026;3;Other
R000763;O0049250;04.04.2026;2;Late Delivery
R000764;O0048730;22.03.2026;2;Customer Changed Mind
R000765;O0049522;16.06.2025;1;Damaged
R000766;O0024464;09.03.2026;2;Damaged
R000767;O0041309;22.02.2026;2;Other
R000768;O9999999;15.07.2025;1;Customer Changed Mind
R000769;O0029893;12.09.2025;3;Other
R000770;O0019688;19.03.2026;2;Late Delivery
R000771;O0041584;19.05.2026;3;Wrong Item
R000772;O0019603;28.10.2025;1;Customer Changed Mind
R000773;O0005490;01.10.2025;2;Customer Changed Mind
R000774;O0048611;09.08.2025;3;Wrong Item
R000775;O0037455;26.02.2025;2;Damaged
R000776;O0044108;29.01.2026;3;Customer Changed Mind
R000777;O0039094;20.06.2026;1;Wrong Item
R000778;O0025619;26.11.2025;1;Other
R000779;O0020830;26.05.2025;1;Customer Changed Mind
R000780;O0057149;22.11.2025;1;Damaged
R000781;O0040501;24.11.2025;3;Customer Changed Mind
R000782;O0038085;14.07.2025;1;Customer Changed Mind
R000783;O0010135;08.04.2026;2;Damaged
R000784;O0048519;03.03.2025;2;Customer Changed Mind
R000785;O0036680;06.02.2026;1;Customer Changed Mind
R000786;O0005602;11.12.2025;2;Damaged
R000787;O0037415;18.09.2025;2;Customer Changed Mind
R000788;O0024975;27.05.2026;2;Damaged
R000789;O0001144;02.04.2026;2;Wrong Item
R000790;O0017765;24.03.2026;3;Other
R000791;O0004229;19.03.2026;1;Customer Changed Mind
R000792;O0016853;12.06.2026;2;Customer Changed Mind
R000793;O0054539;09.11.2025;3;Late Delivery
R000794;O0036836;16.06.2026;3;Other
R000795;O0054846;02.02.2026;1;Damaged
R000796;O0036644;15.02.2025;2;Damaged
R000797;O0023640;14.04.2025;3;Customer Changed Mind
R000798;O0023982;12.05.2026;3;Damaged
R000799;O0030142;21.12.2025;3;Late Delivery
R000800;O0010921;08.07.2026;1;Other
R000801;O0047316;25.04.2025;2;Other
R000802;O0056508;27.12.2025;3;Wrong Item
R000803;O0037459;12.03.2026;2;Late Delivery
R000804;O0021902;12.10.2025;3;Other
R000805;O0035911;18.02.2026;3;Late Delivery
R000806;O0036838;08.05.2025;2;Other
R000807;O0030613;31.03.2026;2;Damaged
R000808;O0019123;26.07.2025;3;Late Delivery
R000809;O0044314;10.02.2026;1;Late Delivery
R000810;O0018093;26.05.2026;1;Damaged
R000811;O0037809;20.03.2026;2;Customer Changed Mind
R000812;O0058276;16.09.2025;2;Customer Changed Mind
R000813;O0028284;03.06.2026;1;Customer Changed Mind
R000814;O0022467;25.09.2025;3;Wrong Item
R000815;O0035442;09.05.2025;2;Customer Changed Mind
R000816;O0032568;14.05.2025;1;Customer Changed Mind
R000817;O0018913;06.06.2025;3;Customer Changed Mind
R000818;O0057783;19.06.2026;3;Customer Changed Mind
R000819;O0045457;26.02.2025;3;Damaged
R000820;O0056967;07.02.2026;1;Wrong Item
R000821;O0055701;28.09.2025;1;Wrong Item
R000822;O0002410;30.04.2026;1;Wrong Item
R000823;O0000531;14.07.2026;3;Customer Changed Mind
R000824;O0027676;19.01.2026;1;Customer Changed Mind
R000825;O0045462;29.10.2025;3;Damaged
R000826;O0011409;01.02.2025;1;Wrong Item
R000827;O0028028;14.02.2026;1;Customer Changed Mind
R000828;O0048262;05.06.2026;2;Damaged
R000829;O0051755;23.04.2026;3;Customer Changed Mind
R000830;O0052168;12.06.2025;2;Other
R000831;O0047434;11.03.2026;2;Damaged
R000832;O0018206;16.10.2025;3;Damaged
R000833;O0044321;02.07.2025;3;Customer Changed Mind
R000834;O0018682;10.09.2025;3;Customer Changed Mind
R000835;O0045892;26.06.2025;3;Wrong Item
R000836;O0031301;25.02.2026;2;Damaged
R000837;O0032292;18.08.2025;-1;Customer Changed Mind
R000838;O0048341;29.06.2025;1;Late Delivery
R000839;O0032816;09.06.2026;3;Customer Changed Mind
R000840;O0016371;12.02.2025;3;Damaged
R000841;O0023079;27.12.2025;3;Customer Changed Mind
R000842;O0006307;02.01.2026;2;Customer Changed Mind
R000843;O0024988;20.10.2025;1;Customer Changed Mind
R000844;O0001512;05.03.2026;2;Wrong Item
R000845;O0055214;24.01.2026;3;Other
R000846;O0003938;03.07.2025;3;Damaged
R000847;O0037298;17.03.2025;3;Wrong Item
R000848;O0032523;14.10.2025;1;Customer Changed Mind
R000849;O0030833;22.06.2026;1;Customer Changed Mind
R000850;O0010176;28.06.2026;2;Wrong Item
R000851;O0046724;17.07.2025;3;Damaged
R000852;O0040423;24.08.2025;2;Wrong Item
R000853;O0002096;08.03.2025;2;Late Delivery
R000854;O0009674;22.02.2025;2;Other
R000855;O0017207;03.11.2025;3;Damaged
R000856;O0048046;05.04.2025;3;Late Delivery
R000857;O0037504;07.05.2025;1;Wrong Item
R000858;O0011872;06.03.2026;1;Customer Changed Mind
R000859;O0029207;23.06.2025;2;Other
R000860;O0013345;05.06.2025;2;Other
R000861;O0032937;24.12.2025;3;Other
R000862;O0009168;28.05.2025;2;Wrong Item
R000863;O0007804;21.04.2025;3;Late Delivery
R000864;O0056163;23.02.2026;2;Other
R000865;O0008768;16.06.2026;3;Damaged
R000866;O0049112;15.06.2026;2;Wrong Item
R000867;O0016340;19.06.2025;2;Damaged
R000868;O0015899;01.06.2025;3;Other
R000869;O0012914;01.08.2025;3;Customer Changed Mind
R000870;O0013180;29.12.2025;1;Damaged
R000871;O0033540;10.03.2026;2;Late Delivery
R000872;O0005966;04.02.2025;1;Customer Changed Mind
R000873;O0020875;29.03.2026;1;Other
R000874;O0035087;02.03.2025;3;Late Delivery
R000875;O0054382;29.05.2026;2;Late Delivery
R000876;O0014768;22.06.2026;1;Wrong Item
R000877;O0039701;28.02.2025;1;Customer Changed Mind
R000878;O0036150;27.12.2025;2;Other
R000879;O0049405;14.04.2025;1;Customer Changed Mind
R000880;O0042020;08.02.2025;2;Other
R000881;O0043741;15.02.2026;1;Damaged
R000882;O0036169;01.05.2025;3;Other
R000883;O0038118;21.01.2026;2;Damaged
R000884;O0038379;23.09.2025;2;Damaged
R000885;O9999999;16.10.2025;2;Customer Changed Mind
R000886;O0041421;13.02.2026;3;Damaged
R000887;O0048050;11.03.2025;2;Damaged
R000888;O0056148;04.08.2025;3;Customer Changed Mind
R000889;O0037579;09.03.2025;1;Damaged
R000890;O0001351;01.09.2025;1;Customer Changed Mind
R000891;O0059509;27.12.2025;1;Other
R000892;O0045514;05.06.2026;3;Damaged
R000893;O0012637;21.06.2025;2;Customer Changed Mind
R000894;O0027085;06.01.2026;2;Customer Changed Mind
R000895;O0014259;09.03.2026;2;Customer Changed Mind
R000896;O0047302;12.07.2025;2;Wrong Item
R000897;O0033473;12.11.2025;1;Damaged
R000898;O0054237;02.02.2026;2;Damaged
R000899;O0041399;02.05.2025;3;Late Delivery
R000900;O0015241;08.02.2026;3;Wrong Item
R000901;O0046551;27.08.2025;2;Other
R000902;O0002305;27.04.2025;1;Customer Changed Mind
R000903;O0034373;05.07.2025;1;Wrong Item
R000904;O0023705;01.01.2026;1;Damaged
R000905;O0045921;07.06.2025;2;Wrong Item
R000906;O0032545;26.05.2025;3;Other
R000907;O0010867;18.05.2026;3;Late Delivery
R000908;O0012646;03.02.2026;2;Customer Changed Mind
R000909;O0010038;17.08.2025;3;Other
R000910;O0022322;27.03.2026;2;Damaged
R000911;O0020834;16.07.2025;3;Late Delivery
R000912;O0002612;02.09.2025;3;Customer Changed Mind
R000913;O0024994;02.10.2025;3;Customer Changed Mind
R000914;O0004953;03.10.2025;2;Other
R000915;O0059100;15.06.2026;1;Damaged
R000916;O0014877;12.04.2025;2;Customer Changed Mind
R000917;O0001203;27.10.2025;2;Damaged
R000918;O0003995;04.06.2025;3;Customer Changed Mind
R000919;O0006761;05.05.2025;3;Late Delivery
R000920;O0018800;16.06.2026;1;Late Delivery
R000921;O0001034;17.07.2025;3;Wrong Item
R000922;O0041987;05.05.2026;1;Customer Changed Mind
R000923;O0001750;25.11.2025;2;Customer Changed Mind
R000924;O0046161;20.02.2026;2;Customer Changed Mind
R000925;O0010058;30.04.2025;3;Other
R000926;O0007001;19.11.2025;1;Other
R000927;O0052343;29.01.2026;1;Customer Changed Mind
R000928;O0013588;25.05.2025;2;Customer Changed Mind
R000929;O0027154;20.09.2025;1;Damaged
R000930;O0025897;06.02.2025;1;Late Delivery
R000931;O0049138;13.07.2025;2;Customer Changed Mind
R000932;O0054758;18.05.2025;2;Customer Changed Mind
R000933;O0045893;18.05.2025;3;Damaged
R000934;O0007063;20.12.2025;2;Late Delivery
R000935;O0009558;01.06.2025;3;Damaged
R000936;O0041997;03.04.2025;3;Customer Changed Mind
R000937;O0007488;18.10.2025;2;Late Delivery
R000938;O0017235;11.02.2026;1;Customer Changed Mind
R000939;O0039511;13.03.2026;3;Customer Changed Mind
R000940;O0010190;05.02.2026;2;Damaged
R000941;O0034810;22.03.2025;1;Late Delivery
R000942;O0042366;19.05.2026;3;Other
R000943;O0008962;21.11.2025;1;Late Delivery
R000944;O0027792;04.10.2025;3;Other
R000945;O0038327;04.03.2026;2;Wrong Item
R000946;O0033061;07.10.2025;2;Other
R000947;O0040550;09.01.2026;1;Customer Changed Mind
R000948;O0025248;30.06.2025;1;Damaged
R000949;O0041316;04.01.2026;1;Wrong Item
R000950;O0031640;18.03.2026;3;Damaged
R000951;O0013366;11.02.2026;2;Other
R000952;O0010477;06.08.2025;1;Late Delivery
R000953;O0053665;01.08.2025;2;Damaged
R000954;O0019022;14.11.2025;2;Damaged
R000955;O0041098;03.08.2025;3;Late Delivery
R000956;O0057780;22.01.2026;2;Customer Changed Mind
R000957;O0001988;29.12.2025;1;Late Delivery
R000958;O0012333;30.05.2026;3;Damaged
R000959;O0027251;07.12.2025;1;Damaged
R000960;O0001999;04.03.2025;2;Other
R000961;O0026786;29.12.2025;2;Other
R000962;O0015192;17.02.2026;3;Damaged
R000963;O0008088;06.12.2025;3;Other
R000964;O0007508;28.09.2025;3;Damaged
R000965;O0038596;26.04.2026;3;Customer Changed Mind
R000966;O0055573;22.05.2026;2;Customer Changed Mind
R000967;O0050402;01.12.2025;2;Other
R000968;O0049557;11.12.2025;2;Wrong Item
R000969;O0042680;10.07.2025;2;Customer Changed Mind
R000970;O0016011;04.04.2025;2;Damaged
R000971;O0058070;01.05.2025;2;Late Delivery
R000972;O0027417;05.05.2026;1;Wrong Item
R000973;O0048382;16.08.2025;2;Damaged
R000974;O0012446;28.09.2025;3;Other
R000975;O0015688;07.11.2025;1;Other
R000976;O0035860;31.03.2025;1;Late Delivery
R000977;O0037830;13.04.2026;3;Other
R000978;O0002080;13.05.2026;3;Late Delivery
R000979;O0009557;15.07.2025;1;Customer Changed Mind
R000980;O0000023;03.03.2026;3;Damaged
R000981;O0001052;27.03.2026;1;Customer Changed Mind
R000982;O0056232;30.05.2025;1;Wrong Item
R000983;O0034419;31.10.2025;-1;Damaged
R000984;O0054483;27.10.2025;1;Other
R000985;O0025675;22.08.2025;2;Wrong Item
R000986;O0015036;27.06.2025;3;Damaged
R000987;O0019845;22.05.2026;1;Other
R000988;O0038448;31.01.2026;3;Wrong Item
R000989;O0002762;12.07.2026;2;Other
R000990;O0011085;03.05.2025;3;Customer Changed Mind
R000991;O0011415;24.03.2026;2;Customer Changed Mind
R000992;O0052180;04.03.2026;1;Wrong Item
R000993;O0025410;16.06.2026;2;Customer Changed Mind
R000994;O0048818;16.03.2026;3;Customer Changed Mind
R000995;O0035821;07.03.2026;3;Customer Changed Mind
R000996;O0005294;12.08.2025;1;Customer Changed Mind
R000997;O0058363;11.03.2025;3;Customer Changed Mind
R000998;O0052316;12.04.2026;2;Late Delivery
R000999;O0042683;15.02.2026;3;Customer Changed Mind
R001000;O0023265;13.02.2025;1;Customer Changed Mind
R001001;O0007086;13.06.2026;3;Other
R001002;O0014990;28.02.2026;1;Customer Changed Mind
R001003;O0042381;07.03.2026;1;Wrong Item
R001004;O0031604;12.04.2026;2;Customer Changed Mind
R001005;O0041775;14.08.2025;1;Late Delivery
R001006;O0022888;24.02.2026;3;Late Delivery
R001007;O0009792;05.10.2025;3;Customer Changed Mind
R001008;O0024225;08.02.2025;1;Damaged
R001009;O0007426;25.02.2025;2;Customer Changed Mind
R001010;O0021831;22.12.2025;1;Damaged
R001011;O0000554;24.03.2025;1;Late Delivery
R001012;O0029713;29.12.2025;3;Damaged
R001013;O0016766;31.05.2026;2;Other
R001014;O0007357;14.08.2025;1;Wrong Item
R001015;O0058982;23.08.2025;3;Damaged
R001016;O0014997;28.06.2025;2;Customer Changed Mind
R001017;O0046118;26.11.2025;1;Wrong Item
R001018;O0005113;18.12.2025;2;Customer Changed Mind
R001019;O0020342;16.08.2025;1;Other
R001020;O0026044;10.05.2025;1;Damaged
R001021;O0002734;23.05.2026;1;Damaged
R001022;O0057345;09.04.2026;3;Customer Changed Mind
R001023;O0037157;04.06.2026;3;Customer Changed Mind
R001024;O0007556;21.10.2025;1;Other
R001025;O0016023;29.04.2025;3;Late Delivery
R001026;O0057396;12.05.2025;3;Damaged
R001027;O0034051;14.12.2025;2;Late Delivery
R001028;O0033406;23.02.2025;2;Wrong Item
R001029;O0025133;26.07.2025;3;Damaged
R001030;O0058792;19.02.2026;2;Customer Changed Mind
R001031;O0026484;16.05.2026;1;Customer Changed Mind
R001032;O0057318;18.04.2025;2;Wrong Item
R001033;O0024339;20.03.2026;3;Customer Changed Mind
R001034;O0021763;02.03.2025;3;Damaged
R001035;O0042723;14.05.2026;2;Damaged
R001036;O0034277;10.03.2026;1;Damaged
R001037;O0018756;14.08.2025;1;Wrong Item
R001038;O0016572;07.03.2026;2;Other
R001039;O0049866;15.04.2025;1;Late Delivery
R001040;O0002038;09.11.2025;2;Late Delivery
R001041;O0042902;19.02.2026;1;Customer Changed Mind
R001042;O0007673;13.06.2026;1;Customer Changed Mind
R001043;O0059984;17.09.2025;2;Damaged
R001044;O0037281;15.03.2025;1;Customer Changed Mind
R001045;O0029387;21.01.2026;1;Late Delivery
R001046;O0050878;18.04.2026;2;Other
R001047;O0042791;23.10.2025;2;Wrong Item
R001048;O0034555;07.08.2025;3;Wrong Item
R001049;O0014503;03.08.2025;1;Wrong Item
R001050;O0007601;10.02.2026;1;Late Delivery
R001051;O9999999;02.02.2026;1;Damaged
R001052;O0051053;12.05.2025;3;Customer Changed Mind
R001053;O0007796;09.04.2025;1;Customer Changed Mind
R001054;O0030866;24.06.2025;3;Damaged
R001055;O0016806;05.02.2026;2;Customer Changed Mind
R001056;O0039246;30.03.2026;3;Customer Changed Mind
R001057;O0033149;19.11.2025;2;Other
R001058;O0036035;11.06.2026;3;Customer Changed Mind
R001059;O0018359;19.02.2025;3;Damaged
R001060;O0021389;23.03.2025;1;Wrong Item
R001061;O0024760;17.07.2025;3;Wrong Item
R001062;O0031197;10.11.2025;1;Customer Changed Mind
R001063;O0033305;28.06.2025;2;Other
R001064;O0018548;31.03.2026;2;Late Delivery
R001065;O0043306;28.07.2025;3;Damaged
R001066;O0034258;23.03.2026;3;Other
R001067;O0053659;14.05.2026;2;Late Delivery
R001068;O0006326;31.05.2025;3;Customer Changed Mind
R001069;O0037865;09.03.2026;1;Customer Changed Mind
R001070;O0024755;05.06.2025;1;Customer Changed Mind
R001071;O0056327;20.08.2025;2;Wrong Item
R001072;O0026496;10.02.2026;1;Customer Changed Mind
R001073;O0007891;28.05.2025;3;Customer Changed Mind
R001074;O0027768;04.12.2025;3;Customer Changed Mind
R001075;O0019221;14.06.2025;1;Other
R001076;O0010837;28.10.2025;1;Customer Changed Mind
R001077;O0030079;01.07.2025;1;Customer Changed Mind
R001078;O0048178;11.12.2025;2;Damaged
R001079;O0054864;12.05.2026;3;Wrong Item
R001080;O0052296;16.01.2026;2;Wrong Item
R001081;O0009341;15.08.2025;2;Wrong Item
R001082;O0025284;07.03.2026;1;Damaged
R001083;O0043527;12.07.2026;2;Customer Changed Mind
R001084;O0014695;12.12.2025;3;Customer Changed Mind
R001085;O0050729;16.03.2026;1;Late Delivery
R001086;O0009385;17.01.2026;3;Customer Changed Mind
R001087;O0037486;27.10.2025;3;Customer Changed Mind
R001088;O0047613;03.07.2026;2;Customer Changed Mind
R001089;O0046642;01.07.2026;1;Customer Changed Mind
R001090;O0043409;23.04.2026;2;Late Delivery
R001091;O0058762;20.02.2025;3;Wrong Item
R001092;O0023410;26.12.2025;2;Late Delivery
R001093;O0037389;10.02.2026;2;Wrong Item
R001094;O0012557;13.05.2025;2;Customer Changed Mind
R001095;O0035391;11.07.2025;2;Damaged
R001096;O0015697;05.04.2025;1;Customer Changed Mind
R001097;O0045268;27.06.2026;3;Customer Changed Mind
R001098;O0017421;10.06.2025;3;Damaged
R001099;O0058991;11.10.2025;3;Late Delivery
R001100;O0025824;15.02.2025;1;Late Delivery
R001101;O0011179;21.07.2025;3;Other
R001102;O0010987;03.03.2026;1;Damaged
R001103;O0027205;27.09.2025;2;Damaged
R001104;O0056350;13.06.2025;3;Other
R001105;O0004786;02.12.2025;2;Other
R001106;O0018576;02.02.2026;2;Wrong Item
R001107;O0015844;10.12.2025;3;Late Delivery
R001108;O0017987;08.02.2026;2;Customer Changed Mind
R001109;O0006113;27.04.2026;2;Customer Changed Mind
R001110;O0032594;30.06.2026;3;Customer Changed Mind
R001111;O0023347;15.04.2026;3;Damaged
R001112;O0048367;12.09.2025;-1;Late Delivery
R001113;O0050669;14.02.2025;1;Other
R001114;O0048198;13.11.2025;2;Customer Changed Mind
R001115;O0003500;03.06.2025;3;Damaged
R001116;O0010005;21.10.2025;1;Damaged
R001117;O0041298;08.03.2026;1;Damaged
R001118;O0040513;20.09.2025;3;Damaged
R001119;O0027650;07.02.2026;2;Customer Changed Mind
R001120;O0032927;15.08.2025;3;Customer Changed Mind
R001121;O0056687;14.07.2026;3;Wrong Item
R001122;O0045648;18.02.2026;2;Damaged
R001123;O0013965;25.11.2025;1;Wrong Item
R001124;O0058653;15.02.2025;3;Other
R001125;O0018857;22.04.2025;1;Wrong Item
R001126;O0023710;16.04.2025;1;Damaged
R001127;O0018213;04.02.2026;3;Damaged
R001128;O0049835;23.09.2025;3;Customer Changed Mind
R001129;O0020712;03.11.2025;1;Damaged
R001130;O0023208;11.01.2026;1;Customer Changed Mind
R001131;O0032660;09.04.2025;3;Customer Changed Mind
R001132;O0035846;07.07.2026;1;Wrong Item
R001133;O0011097;20.12.2025;3;Wrong Item
R001134;O0014127;09.06.2026;3;Damaged
R001135;O0055684;09.05.2025;3;Customer Changed Mind
R001136;O0058896;14.01.2026;3;Wrong Item
R001137;O0018224;12.08.2025;2;Late Delivery
R001138;O0010125;17.12.2025;3;Other
R001139;O0042585;09.01.2026;2;Other
R001140;O0037081;07.12.2025;3;Damaged
R001141;O0022113;30.05.2026;3;Wrong Item
R001142;O0055957;08.04.2025;3;Damaged
R001143;O0059296;21.08.2025;1;Other
R001144;O0001118;15.06.2026;2;Wrong Item
R001145;O0037527;04.12.2025;1;Damaged
R001146;O0051835;03.02.2025;3;Customer Changed Mind
R001147;O0055193;23.08.2025;3;Customer Changed Mind
R001148;O0051790;26.06.2025;1;Customer Changed Mind
R001149;O0035659;17.12.2025;3;Customer Changed Mind
R001150;O0051888;02.03.2026;2;Customer Changed Mind
R001151;O0028755;10.06.2025;2;Customer Changed Mind
R001152;O0049661;09.06.2026;2;Damaged
R001153;O0042360;19.11.2025;2;Damaged
R001154;O0008403;04.01.2026;2;Customer Changed Mind
R001155;O0048646;16.11.2025;3;Other
R001156;O0026525;10.04.2025;3;Other
R001157;O0033745;17.02.2025;2;Wrong Item
R001158;O0003476;05.03.2026;2;Customer Changed Mind
R001159;O0022945;07.04.2026;3;Late Delivery
R001160;O0026709;23.03.2026;2;Customer Changed Mind
R001161;O0008609;11.10.2025;3;Late Delivery
R001162;O0006103;15.05.2025;1;Wrong Item
R001163;O0015901;30.06.2026;3;Wrong Item
R001164;O0013476;25.02.2026;2;Late Delivery
R001165;O0012797;25.02.2025;1;Other
R001166;O0033597;26.07.2025;2;Customer Changed Mind
R001167;O0045589;10.03.2026;1;Late Delivery
R001168;O0042052;15.05.2026;2;Customer Changed Mind
R001169;O0009680;29.04.2026;2;Customer Changed Mind
R001170;O0005337;03.02.2026;1;Late Delivery
R001171;O0012492;09.06.2025;3;Customer Changed Mind
R001172;O0020107;09.10.2025;3;Wrong Item
R001173;O0028272;16.01.2026;3;Wrong Item
R001174;O0039756;29.07.2025;2;Customer Changed Mind
R001175;O0040042;05.02.2025;-1;Customer Changed Mind
R001176;O0047156;31.07.2025;2;Damaged
R001177;O0005343;16.03.2025;2;Damaged
R001178;O0039061;28.05.2026;2;Late Delivery
R001179;O0008198;30.03.2026;1;Damaged
R001180;O0025043;30.06.2025;2;Damaged
R001181;O0046420;25.12.2025;3;Customer Changed Mind
R001182;O0001166;21.04.2026;1;Other
R001183;O0018634;10.02.2026;3;Customer Changed Mind
R001184;O0055589;03.03.2025;3;Damaged
R001185;O0050888;26.06.2025;1;Customer Changed Mind
R001186;O0057138;06.02.2025;1;Damaged
R001187;O0050542;23.08.2025;2;Wrong Item
R001188;O0007256;29.06.2025;2;Damaged
R001189;O0029807;24.05.2025;3;Late Delivery
R001190;O0000332;21.05.2026;2;Damaged
R001191;O0041782;28.03.2026;3;Wrong Item
R001192;O0026158;14.11.2025;1;Damaged
R001193;O0043893;03.02.2026;2;Late Delivery
R001194;O0042485;28.07.2025;1;Damaged
R001195;O0012124;19.03.2025;3;Customer Changed Mind
R001196;O0048384;15.07.2025;2;Customer Changed Mind
R001197;O0052504;02.01.2026;2;Customer Changed Mind
R001198;O0049883;16.11.2025;3;Customer Changed Mind
R001199;O0014049;18.06.2025;1;Late Delivery
R001200;O0007360;15.09.2025;1;Late Delivery
R001201;O0050009;15.04.2026;1;Wrong Item
R001202;O0021288;04.04.2026;3;Customer Changed Mind
R001203;O0023025;10.12.2025;1;Damaged
R001204;O0020352;22.12.2025;2;Other
R001205;O0013788;31.10.2025;2;Wrong Item
R001206;O0029540;09.02.2025;2;Late Delivery
R001207;O0055437;18.03.2026;2;Damaged
R001208;O0015411;07.04.2026;3;Other
R001209;O0027517;21.02.2026;2;Customer Changed Mind
R001210;O0019618;06.02.2025;2;Customer Changed Mind
R001211;O0015708;03.06.2026;1;Other
R001212;O0011029;29.08.2025;1;Wrong Item
R001213;O0005645;26.12.2025;1;Other
R001214;O0058763;08.05.2026;3;Damaged
R001215;O0003542;16.02.2026;3;Other
R001216;O0006782;30.01.2026;3;Wrong Item
R001217;O0021256;29.01.2026;2;Damaged
R001218;O0047829;12.08.2025;2;Late Delivery
R001219;O0020196;16.02.2026;2;Other
R001220;O0031840;04.06.2026;1;Late Delivery
R001221;O0051630;29.08.2025;3;Late Delivery
R001222;O0008083;03.01.2026;3;Late Delivery
R001223;O0031193;13.07.2026;1;Wrong Item
R001224;O0005707;20.05.2025;1;Late Delivery
R001225;O0035185;09.11.2025;2;Other
R001226;O0055562;01.10.2025;2;Damaged
R001227;O0035771;12.05.2026;3;Wrong Item
R001228;O0059269;09.01.2026;2;Customer Changed Mind
R001229;O0022517;03.08.2025;2;Other
R001230;O0048508;28.03.2026;3;Customer Changed Mind
R001231;O0058220;21.08.2025;3;Customer Changed Mind
R001232;O0011461;16.04.2026;1;Customer Changed Mind
R001233;O0031561;22.01.2026;3;Late Delivery
R001234;O0030203;26.04.2026;1;Damaged
R001235;O0020733;05.03.2026;1;Late Delivery
R001236;O0049337;14.12.2025;1;Customer Changed Mind
R001237;O0040219;26.11.2025;2;Late Delivery
R001238;O0042540;15.11.2025;2;Customer Changed Mind
R001239;O0042426;25.03.2025;3;Customer Changed Mind
R001240;O0017195;19.12.2025;2;Damaged
R001241;O0019012;07.08.2025;2;Customer Changed Mind
R001242;O0052479;26.01.2026;3;Late Delivery
R001243;O0042597;25.05.2025;3;Customer Changed Mind
R001244;O0058952;01.08.2025;3;Damaged
R001245;O0050548;27.03.2026;3;Customer Changed Mind
R001246;O0016846;15.05.2026;2;Damaged
R001247;O0027337;20.08.2025;2;Other
R001248;O0014137;15.08.2025;2;Customer Changed Mind
R001249;O0000934;04.02.2026;2;Late Delivery
R001250;O0021071;26.07.2025;1;Customer Changed Mind
R001251;O0015051;27.01.2026;3;Customer Changed Mind
R001252;O9999999;02.05.2025;2;Wrong Item
R001253;O0047688;08.01.2026;1;Other
R001254;O0047098;09.05.2025;2;Customer Changed Mind
R001255;O0032010;22.11.2025;2;Late Delivery
R001256;O0031904;31.08.2025;1;Late Delivery
R001257;O9999999;28.03.2026;2;Wrong Item
R001258;O0030008;26.10.2025;1;Other
R001259;O0006328;26.03.2026;1;Customer Changed Mind
R001260;O0047440;16.02.2026;2;Wrong Item
R001261;O0040154;11.03.2026;3;Customer Changed Mind
R001262;O0016787;28.06.2025;3;Other
R001263;O0059592;23.05.2025;2;Late Delivery
R001264;O0036774;13.11.2025;3;Wrong Item
R001265;O0008887;17.06.2025;1;Damaged
R001266;O0013122;05.01.2026;1;Damaged
R001267;O0053434;20.11.2025;3;Damaged
R001268;O0019533;24.10.2025;1;Wrong Item
R001269;O0036253;17.11.2025;3;Customer Changed Mind
R001270;O0004214;26.04.2025;2;Damaged
R001271;O0054764;10.07.2025;1;Other
R001272;O0040011;08.05.2025;3;Other
R001273;O0029979;30.06.2026;3;Other
R001274;O0004630;30.09.2025;2;Customer Changed Mind
R001275;O0029795;25.02.2026;1;Wrong Item
R001276;O0058729;08.04.2025;3;Customer Changed Mind
R001277;O0008956;12.06.2026;3;Wrong Item
R001278;O0043608;13.02.2025;3;Wrong Item
R001279;O0002034;24.06.2025;1;Customer Changed Mind
R001280;O0017005;26.06.2025;3;Other
R001281;O0000698;08.10.2025;3;Wrong Item
R001282;O0020885;19.02.2025;2;Customer Changed Mind
R001283;O0048971;26.07.2025;3;Late Delivery
R001284;O0023383;14.01.2026;3;Damaged
R001285;O0047847;21.10.2025;3;Other
R001286;O0005789;11.06.2025;2;Late Delivery
R001287;O0038125;25.04.2026;1;Customer Changed Mind
R001288;O0048022;26.12.2025;2;Customer Changed Mind
R001289;O9999999;14.02.2026;3;Late Delivery
R001290;O0022611;05.05.2025;3;Other
R001291;O0028762;20.08.2025;3;Wrong Item
R001292;O0040432;20.10.2025;2;Damaged
R001293;O0043016;07.08.2025;2;Other
R001294;O0029116;13.05.2026;3;Customer Changed Mind
R001295;O0020407;13.01.2026;3;Damaged
R001296;O0005115;10.02.2026;2;Customer Changed Mind
R001297;O0018981;11.06.2025;2;Other
R001298;O0058207;09.03.2025;3;Damaged
R001299;O0023127;19.02.2026;1;Customer Changed Mind
R001300;O0019446;30.01.2026;2;Other
R001301;O0050423;24.05.2025;1;Damaged
R001302;O0043326;02.09.2025;3;Wrong Item
R001303;O0038848;10.09.2025;3;Customer Changed Mind
R001304;O0005012;13.04.2025;2;Damaged
R001305;O0035745;12.07.2026;3;Late Delivery
R001306;O0059911;10.03.2026;1;Late Delivery
R001307;O0030901;25.02.2025;1;Customer Changed Mind
R001308;O0046338;05.05.2025;2;Wrong Item
R001309;O0026719;03.02.2025;1;Damaged
R001310;O0016762;10.04.2025;1;Customer Changed Mind
R001311;O0027473;07.04.2025;2;Wrong Item
R001312;O0011752;22.10.2025;1;Customer Changed Mind
R001313;O0006408;14.04.2026;2;Other
R001314;O0017943;07.06.2025;3;Customer Changed Mind
R001315;O0042076;03.06.2026;2;Other
R001316;O0054920;08.09.2025;1;Other
R001317;O0036098;14.07.2025;3;Customer Changed Mind
R001318;O0059899;05.04.2025;2;Damaged
R001319;O0038704;10.08.2025;1;Customer Changed Mind
R001320;O0056663;22.04.2025;1;Damaged
R001321;O0050167;26.06.2026;2;Customer Changed Mind
R001322;O0040370;24.08.2025;3;Other
R001323;O0040511;17.07.2025;3;Damaged
R001324;O0049481;10.09.2025;2;Wrong Item
R001325;O0038685;19.05.2025;1;Wrong Item
R001326;O0028742;22.03.2025;1;Customer Changed Mind
R001327;O0003180;17.06.2026;3;Other
R001328;O0056872;20.05.2025;3;Customer Changed Mind
R001329;O0037095;11.08.2025;3;Wrong Item
R001330;O0005700;18.12.2025;2;Wrong Item
R001331;O0002673;28.07.2025;1;Damaged
R001332;O0048651;12.02.2025;-1;Customer Changed Mind
R001333;O0052077;19.09.2025;2;Late Delivery
R001334;O0052788;01.10.2025;1;Wrong Item
R001335;O0022693;16.09.2025;3;Late Delivery
R001336;O0017901;17.09.2025;1;Customer Changed Mind
R001337;O0057785;27.05.2026;3;Customer Changed Mind
R001338;O0021459;31.03.2026;3;Customer Changed Mind
R001339;O0024438;05.12.2025;2;Customer Changed Mind
R001340;O0052885;06.09.2025;2;Other
R001341;O0019433;09.01.2026;3;Damaged
R001342;O0059604;15.05.2025;2;Customer Changed Mind
R001343;O0007840;26.05.2025;2;Wrong Item
R001344;O0021402;19.11.2025;1;Customer Changed Mind
R001345;O0054849;02.07.2025;3;Customer Changed Mind
R001346;O0049510;20.03.2025;2;Customer Changed Mind
R001347;O0001009;15.04.2025;1;Wrong Item
R001348;O0020730;16.04.2025;2;Wrong Item
R001349;O0057939;06.05.2026;2;Damaged
R001350;O0038198;19.07.2025;3;Customer Changed Mind
R001351;O0037983;27.08.2025;1;Customer Changed Mind
R001352;O0041699;30.11.2025;3;Other
R001353;O0004731;07.06.2025;2;Damaged
R001354;O0052255;19.08.2025;1;Wrong Item
R001355;O0026552;12.02.2025;2;Wrong Item
R001356;O0056400;26.04.2026;1;Wrong Item
R001357;O0043947;09.03.2026;2;Wrong Item
R001358;O0029663;14.06.2026;1;Damaged
R001359;O0034073;23.05.2026;1;Late Delivery
R001360;O0050748;26.08.2025;2;Other
R001361;O0035003;08.06.2025;1;Damaged
R001362;O0014938;06.12.2025;2;Customer Changed Mind
R001363;O0024112;15.04.2026;3;Customer Changed Mind
R001364;O0057197;20.09.2025;2;Wrong Item
R001365;O0030360;22.05.2026;1;Late Delivery
R001366;O0040113;14.07.2026;1;Late Delivery
R001367;O0040986;13.03.2025;1;Customer Changed Mind
R001368;O0033200;09.02.2025;2;Customer Changed Mind
R001369;O0027631;29.11.2025;1;Customer Changed Mind
R001370;O0035226;10.02.2026;1;Customer Changed Mind
R001371;O0045644;14.05.2026;3;Wrong Item
R001372;O0012440;03.06.2025;1;Other
R001373;O0043096;22.09.2025;3;Customer Changed Mind
R001374;O0054270;22.06.2025;2;Customer Changed Mind
R001375;O0043074;29.09.2025;3;Wrong Item
R001376;O0018728;14.05.2026;2;Customer Changed Mind
R001377;O0034377;22.03.2026;1;Wrong Item
R001378;O0047654;08.07.2025;2;Customer Changed Mind
R001379;O0031618;16.06.2025;2;Late Delivery
R001380;O0025747;19.10.2025;2;Other
R001381;O0053303;11.02.2026;2;Other
R001382;O0052505;28.03.2026;2;Other
R001383;O0045792;10.08.2025;1;Other
R001384;O0014533;28.05.2025;2;Customer Changed Mind
R001385;O0010751;04.06.2025;2;Wrong Item
R001386;O0025066;08.02.2025;1;Damaged
R001387;O0014403;18.10.2025;1;Other
R001388;O0025815;21.06.2026;2;Customer Changed Mind
R001389;O0048190;09.04.2026;2;Other
R001390;O0012305;11.05.2026;2;Late Delivery
R001391;O0033891;08.12.2025;1;Wrong Item
R001392;O0053432;01.04.2026;1;Other
R001393;O0016516;16.10.2025;2;Customer Changed Mind
R001394;O0033117;29.04.2025;3;Late Delivery
R001395;O0017077;14.04.2026;3;Damaged
R001396;O0021730;18.04.2025;2;Wrong Item
R001397;O0018989;17.09.2025;-1;Damaged
R001398;O0015490;10.01.2026;1;Damaged
R001399;O0051191;16.05.2026;1;Damaged
R001400;O0058054;23.04.2025;2;Customer Changed Mind
R001401;O0032980;24.10.2025;3;Customer Changed Mind
R001402;O0045752;31.05.2025;1;Damaged
R001403;O0056622;02.06.2025;1;Damaged
R001404;O0043426;25.11.2025;2;Late Delivery
R001405;O0046016;12.12.2025;2;Late Delivery
R001406;O0034328;27.02.2026;1;Other
R001407;O0047249;02.07.2025;1;Customer Changed Mind
R001408;O0004891;19.08.2025;2;Damaged
R001409;O0011998;12.01.2026;2;Late Delivery
R001410;O0029627;05.07.2025;2;Wrong Item
R001411;O0005654;28.09.2025;3;Customer Changed Mind
R001412;O0007453;13.06.2026;3;Damaged
R001413;O0053505;22.01.2026;1;Other
R001414;O0012419;10.02.2025;1;Wrong Item
R001415;O0033895;03.07.2025;3;Late Delivery
R001416;O0023984;10.03.2025;1;Damaged
R001417;O0051807;29.08.2025;3;Wrong Item
R001418;O0033934;22.05.2026;1;Customer Changed Mind
R001419;O0032687;08.03.2025;1;Late Delivery
R001420;O0033337;02.02.2026;1;Damaged
R001421;O0039529;28.03.2025;1;Customer Changed Mind
R001422;O0002564;06.12.2025;1;Wrong Item
R001423;O0011809;06.07.2025;3;Other
R001424;O0002668;25.02.2025;3;Wrong Item
R001425;O0035150;24.09.2025;1;Customer Changed Mind
R001426;O0031591;13.03.2025;2;Customer Changed Mind
R001427;O0041861;04.03.2026;-1;Customer Changed Mind
R001428;O0034631;13.06.2026;1;Wrong Item
R001429;O0018824;09.04.2026;3;Late Delivery
R001430;O0018646;23.07.2025;3;Customer Changed Mind
R001431;O0004580;31.05.2025;2;Damaged
R001432;O0036522;04.11.2025;1;Customer Changed Mind
R001433;O0016547;14.06.2026;3;Wrong Item
R001434;O0043870;04.08.2025;3;Customer Changed Mind
R001435;O0049697;24.10.2025;1;Customer Changed Mind
R001436;O0004750;28.05.2025;3;Damaged
R001437;O0054365;29.05.2026;1;Customer Changed Mind
R001438;O0019754;29.05.2025;2;Late Delivery
R001439;O0019467;22.06.2026;2;Other
R001440;O0027354;05.12.2025;2;Customer Changed Mind
R001441;O0058794;15.05.2025;2;Wrong Item
R001442;O0032791;14.12.2025;1;Wrong Item
R001443;O0053393;23.04.2025;2;Other
R001444;O0031837;28.05.2026;2;Customer Changed Mind
R001445;O0050040;15.04.2026;2;Wrong Item
R001446;O0011433;14.03.2025;2;Damaged
R001447;O0035597;09.02.2026;2;Other
R001448;O0024663;06.08.2025;2;Wrong Item
R001449;O0042320;10.02.2025;2;Customer Changed Mind
R001450;O0010036;05.03.2026;2;Customer Changed Mind
R001451;O0057278;09.01.2026;2;Customer Changed Mind
R001452;O0057982;05.02.2026;2;Damaged
R001453;O0006758;07.03.2026;1;Customer Changed Mind
R001454;O0004719;22.09.2025;2;Late Delivery
R001455;O0042197;07.05.2025;2;Damaged
R001456;O0059905;12.02.2025;2;Late Delivery
R001457;O0041163;14.05.2026;3;Customer Changed Mind
R001458;O0033688;02.02.2026;3;Customer Changed Mind
R001459;O0039403;02.12.2025;1;Other
R001460;O0007617;19.03.2026;2;Other
R001461;O0056370;17.10.2025;3;Damaged
R001462;O0030113;19.05.2026;2;Wrong Item
R001463;O0000684;04.10.2025;1;Damaged
R001464;O0053121;04.12.2025;1;Late Delivery
R001465;O0012609;19.04.2026;3;Other
R001466;O0051970;13.11.2025;3;Wrong Item
R001467;O0009177;02.02.2025;3;Wrong Item
R001468;O0028904;07.04.2026;1;Late Delivery
R001469;O0004319;26.01.2026;2;Late Delivery
R001470;O0003599;16.06.2026;3;Customer Changed Mind
R001471;O0044035;20.04.2025;3;Customer Changed Mind
R001472;O0017416;04.02.2025;3;Customer Changed Mind
R001473;O0056867;12.07.2026;2;Other
R001474;O0015178;13.06.2026;2;Customer Changed Mind
R001475;O0048785;18.11.2025;2;Other
R001476;O0009815;05.05.2025;2;Damaged
R001477;O0005293;04.03.2025;1;Wrong Item
R001478;O0026382;23.07.2025;3;Late Delivery
R001479;O0043881;29.06.2025;2;Customer Changed Mind
R001480;O0019005;18.05.2026;1;Damaged
R001481;O0020161;28.01.2026;2;Customer Changed Mind
R001482;O0015538;13.11.2025;3;Damaged
R001483;O0049771;29.01.2026;1;Wrong Item
R001484;O0027455;26.03.2026;3;Wrong Item
R001485;O0019098;15.06.2025;1;Wrong Item
R001486;O0029082;07.12.2025;2;Late Delivery
R001487;O0052387;25.10.2025;3;Customer Changed Mind
R001488;O0023251;16.06.2025;2;Damaged
R001489;O0013168;08.06.2026;3;Wrong Item
R001490;O0022769;06.06.2026;1;Customer Changed Mind
R001491;O0039959;23.05.2025;3;Damaged
R001492;O0028089;13.07.2025;1;Customer Changed Mind
R001493;O0044516;25.04.2026;1;Customer Changed Mind
R001494;O0022930;26.01.2026;3;Damaged
R001495;O0032214;28.02.2025;3;Other
R001496;O0057631;18.01.2026;1;Damaged
R001497;O0002973;26.02.2026;3;Damaged
R001498;O0016630;21.02.2026;2;Late Delivery
R001499;O0003882;11.11.2025;-1;Customer Changed Mind
R001500;O0040197;03.12.2025;1;Customer Changed Mind
R001501;O0011155;16.11.2025;1;Other
R001502;O0007748;08.05.2025;1;Damaged
R001503;O0007340;30.06.2026;2;Damaged
R001504;O0009239;20.02.2025;3;Wrong Item
R001505;O0049304;28.05.2026;3;Customer Changed Mind
R001506;O0033917;19.04.2025;2;Customer Changed Mind
R001507;O0037845;14.12.2025;1;Wrong Item
R001508;O0028262;12.05.2026;2;Customer Changed Mind
R001509;O0021154;10.07.2025;1;Wrong Item
R001510;O0038356;05.09.2025;2;Damaged
R001511;O0040356;10.03.2026;2;Customer Changed Mind
R001512;O0015659;10.07.2026;1;Customer Changed Mind
R001513;O0049115;01.01.2026;2;Wrong Item
R001514;O0047413;19.08.2025;2;Customer Changed Mind
R001515;O0000477;19.04.2025;3;Damaged
R001516;O0038280;30.06.2026;3;Late Delivery
R001517;O0050086;06.10.2025;3;Other
R001518;O0056709;01.02.2025;3;Wrong Item
R001519;O0050054;15.01.2026;3;Customer Changed Mind
R001520;O0041531;02.12.2025;1;Wrong Item
R001521;O0005133;12.02.2025;3;Wrong Item
R001522;O0045692;25.05.2025;1;Customer Changed Mind
R001523;O0014784;03.03.2025;2;Late Delivery
R001524;O0048572;10.04.2025;2;Wrong Item
R001525;O0045323;08.04.2026;3;Other
R001526;O0044588;16.09.2025;3;Late Delivery
R001527;O0052371;12.08.2025;2;Damaged
R001528;O0041392;11.02.2025;1;Wrong Item
R001529;O0030868;11.03.2025;3;Customer Changed Mind
R001530;O0035949;16.03.2026;2;Customer Changed Mind
R001531;O0049623;01.03.2026;3;Other
R001532;O0019958;01.09.2025;2;Wrong Item
R001533;O0014648;29.09.2025;2;Late Delivery
R001534;O0030873;04.01.2026;3;Damaged
R001535;O0058001;09.04.2026;3;Late Delivery
R001536;O0040817;24.02.2025;3;Wrong Item
R001537;O0047409;13.06.2025;1;Damaged
R001538;O0059904;20.08.2025;3;Customer Changed Mind
R001539;O0039822;27.06.2026;1;Wrong Item
R001540;O0006840;27.01.2026;2;Wrong Item
R001541;O0009065;26.04.2025;3;Wrong Item
R001542;O0057727;19.12.2025;3;Wrong Item
R001543;O0049789;23.05.2026;2;Other
R001544;O0001906;03.07.2025;2;Customer Changed Mind
R001545;O0058768;04.06.2025;1;Customer Changed Mind
R001546;O0049049;19.05.2026;3;Wrong Item
R001547;O0054851;30.04.2026;2;Damaged
R001548;O0024418;23.07.2025;2;Customer Changed Mind
R001549;O0006441;16.11.2025;1;Wrong Item
R001550;O0040429;08.07.2025;3;Customer Changed Mind
R001551;O0035716;24.10.2025;1;Wrong Item
R001552;O0027611;24.02.2026;3;Late Delivery
R001553;O0012948;17.06.2026;1;Customer Changed Mind
R001554;O0000094;05.06.2026;3;Wrong Item
R001555;O0018079;13.07.2025;2;Customer Changed Mind
R001556;O0033700;21.10.2025;2;Damaged
R001557;O0020251;02.02.2025;2;Other
R001558;O0011047;27.09.2025;1;Damaged
R001559;O0006890;23.01.2026;3;Wrong Item
R001560;O0026005;30.09.2025;3;Other
R001561;O0045723;07.05.2025;1;Customer Changed Mind
R001562;O0028678;03.11.2025;3;Other
R001563;O0014188;09.05.2026;3;Customer Changed Mind
R001564;O0055769;10.12.2025;2;Damaged
R001565;O0023362;10.02.2026;2;Damaged
R001566;O0006735;07.01.2026;2;Customer Changed Mind
R001567;O0024514;14.02.2026;2;Customer Changed Mind
R001568;O0001319;14.09.2025;3;Customer Changed Mind
R001569;O0029481;28.08.2025;3;Damaged
R001570;O0051366;28.03.2025;1;Customer Changed Mind
R001571;O0048018;10.10.2025;1;Wrong Item
R001572;O0049763;08.04.2025;3;Customer Changed Mind
R001573;O0051096;06.04.2025;2;Customer Changed Mind
R001574;O0024274;24.07.2025;1;Customer Changed Mind
R001575;O0015616;12.05.2025;2;Customer Changed Mind
R001576;O0001116;23.09.2025;2;Customer Changed Mind
R001577;O0006497;10.01.2026;2;Late Delivery
R001578;O0024907;02.07.2025;2;Customer Changed Mind
R001579;O0036105;15.04.2025;1;Wrong Item
R001580;O0033306;03.09.2025;2;Customer Changed Mind
R001581;O0011109;26.08.2025;2;Customer Changed Mind
R001582;O0005193;29.11.2025;1;Damaged
R001583;O0054546;12.07.2026;1;Damaged
R001584;O0015137;22.09.2025;2;Customer Changed Mind
R001585;O0023111;13.06.2025;3;Wrong Item
R001586;O0017579;04.06.2026;3;Late Delivery
R001587;O0011223;29.06.2025;3;Late Delivery
R001588;O0050755;11.12.2025;1;Late Delivery
R001589;O0052701;30.10.2025;2;Wrong Item
R001590;O0022343;12.04.2025;1;Damaged
R001591;O0013920;06.05.2025;1;Late Delivery
R001592;O0056429;25.03.2025;3;Other
R001593;O0046845;20.02.2025;2;Late Delivery
R001594;O0032117;08.04.2026;3;Damaged
R001595;O0032182;19.04.2026;2;Other
R001596;O0043956;07.02.2026;3;Other
R001597;O0050465;22.12.2025;2;Other
R001598;O0027317;26.03.2025;1;Damaged
R001599;O0031011;01.03.2026;1;Wrong Item
R001600;O0047752;19.11.2025;1;Damaged
R001601;O0048822;29.04.2026;3;Wrong Item
R001602;O0024186;29.06.2026;3;Customer Changed Mind
R001603;O0004382;05.10.2025;1;Other
R001604;O0052345;04.11.2025;2;Other
R001605;O0045427;31.05.2025;2;Damaged
R001606;O0036134;01.03.2025;1;Wrong Item
R001607;O0029223;24.06.2025;1;Damaged
R001608;O0055888;05.07.2026;2;Wrong Item
R001609;O0052757;08.09.2025;2;Wrong Item
R001610;O0030879;17.04.2025;1;Customer Changed Mind
R001611;O0012049;18.06.2025;1;Other
R001612;O0008606;08.05.2025;1;Customer Changed Mind
R001613;O0056537;05.09.2025;2;Damaged
R001614;O0056617;02.02.2026;1;Damaged
R001615;O0041546;12.07.2026;3;Damaged
R001616;O0039377;17.09.2025;1;Customer Changed Mind
R001617;O0001056;25.03.2025;2;Other
R001618;O0014740;30.05.2026;1;Customer Changed Mind
R001619;O0045104;10.03.2026;2;Customer Changed Mind
R001620;O0055765;11.06.2025;1;Customer Changed Mind
R001621;O0016949;01.06.2026;3;Wrong Item
R001622;O0055245;22.09.2025;2;Other
R001623;O0044905;16.10.2025;3;Other
R001624;O0001525;14.06.2025;2;Customer Changed Mind
R001625;O0027294;16.12.2025;2;Damaged
R001626;O0031594;14.10.2025;3;Customer Changed Mind
R001627;O0028509;13.03.2025;2;Customer Changed Mind
R001628;O0013430;29.09.2025;3;Customer Changed Mind
R001629;O0010576;11.09.2025;1;Other
R001630;O0019035;11.08.2025;1;Wrong Item
R001631;O0008741;15.05.2025;3;Late Delivery
R001632;O0018758;23.05.2026;2;Damaged
R001633;O0051276;22.07.2025;1;Customer Changed Mind
R001634;O0051272;06.09.2025;2;Customer Changed Mind
R001635;O0008961;06.08.2025;1;Damaged
R001636;O0036073;23.08.2025;3;Damaged
R001637;O0035201;23.05.2025;2;Damaged
R001638;O0051262;16.05.2026;1;Customer Changed Mind
R001639;O0053966;25.03.2026;1;Customer Changed Mind
R001640;O0029445;27.02.2026;2;Damaged
R001641;O0056614;13.05.2026;3;Other
R001642;O0021456;09.04.2026;1;Customer Changed Mind
R001643;O0043037;24.06.2026;1;Wrong Item
R001644;O0011851;08.03.2025;1;Damaged
R001645;O0015251;20.12.2025;3;Wrong Item
R001646;O0050411;29.01.2026;2;Damaged
R001647;O0025636;19.06.2025;3;Damaged
R001648;O0051601;07.10.2025;1;Customer Changed Mind
R001649;O0011906;16.07.2025;3;Late Delivery
R001650;O0035240;19.04.2025;2;Late Delivery
R001651;O0048975;26.05.2025;3;Other
R001652;O0034274;12.06.2025;3;Wrong Item
R001653;O0041302;08.04.2025;3;Other
R001654;O0044567;09.05.2025;3;Other
R001655;O0029014;15.07.2025;3;Wrong Item
R001656;O0048396;29.06.2025;3;Customer Changed Mind
R001657;O0040606;01.09.2025;1;Damaged
R001658;O0032923;30.06.2025;1;Wrong Item
R001659;O0006975;28.11.2025;3;Damaged
R001660;O0047823;23.07.2025;1;Customer Changed Mind
R001661;O9999999;02.08.2025;2;Customer Changed Mind
R001662;O0000943;21.06.2026;1;Other
R001663;O0000785;29.01.2026;3;Damaged
R001664;O0017808;12.11.2025;2;Damaged
R001665;O0024490;09.03.2025;3;Wrong Item
R001666;O0038892;17.05.2025;3;Other
R001667;O0045309;10.07.2025;2;Damaged
R001668;O0056297;02.03.2026;2;Other
R001669;O0057158;05.11.2025;3;Late Delivery
R001670;O0000147;13.02.2026;2;Damaged
R001671;O0024142;09.05.2025;1;Customer Changed Mind
R001672;O0019188;15.08.2025;3;Damaged
R001673;O0038336;11.07.2025;3;Damaged
R001674;O0025584;04.11.2025;2;Damaged
R001675;O0019424;06.03.2025;3;Customer Changed Mind
R001676;O0037896;15.09.2025;3;Customer Changed Mind
R001677;O0034658;27.04.2025;2;Customer Changed Mind
R001678;O0034070;25.12.2025;2;Wrong Item
R001679;O0055020;31.10.2025;2;Damaged
R001680;O0048467;05.05.2025;2;Damaged
R001681;O0053625;13.09.2025;3;Customer Changed Mind
R001682;O0025179;08.05.2025;2;Damaged
R001683;O0036126;19.11.2025;2;Customer Changed Mind
R001684;O0009113;04.09.2025;2;Damaged
R001685;O0023449;09.02.2025;1;Wrong Item
R001686;O0044119;26.02.2025;1;Other
R001687;O0020380;21.06.2025;1;Damaged
R001688;O0008303;29.06.2025;1;Late Delivery
R001689;O0048002;10.06.2026;3;Late Delivery
R001690;O0019709;24.02.2025;1;Customer Changed Mind
R001691;O0027043;05.02.2025;3;Customer Changed Mind
R001692;O0032953;31.03.2026;3;Late Delivery
R001693;O0030166;10.01.2026;1;Damaged
R001694;O0033548;23.09.2025;1;Late Delivery
R001695;O0025255;24.05.2025;2;Damaged
R001696;O0041029;15.07.2025;1;Damaged
R001697;O0041404;03.08.2025;3;Wrong Item
R001698;O0010034;25.03.2026;2;Damaged
R001699;O0043218;22.09.2025;3;Damaged
R001700;O0034776;22.10.2025;3;Wrong Item
R001701;O0031209;24.08.2025;1;Customer Changed Mind
R001702;O0019076;30.04.2025;2;Customer Changed Mind
R001703;O0059386;10.01.2026;1;Customer Changed Mind
R001704;O0023799;11.09.2025;3;Damaged
R001705;O0035044;07.07.2026;1;Wrong Item
R001706;O0055533;23.09.2025;1;Other
R001707;O0058419;18.12.2025;2;Other
R001708;O0037530;28.06.2026;2;Wrong Item
R001709;O0012455;31.12.2025;3;Damaged
R001710;O0003099;01.12.2025;1;Customer Changed Mind
R001711;O0023828;01.03.2026;3;Late Delivery
R001712;O0041996;05.04.2025;3;Customer Changed Mind
R001713;O0037980;29.05.2025;2;Other
R001714;O0005638;16.03.2025;2;Customer Changed Mind
R001715;O0023008;25.11.2025;1;Other
R001716;O0038370;10.04.2026;1;Customer Changed Mind
R001717;O0033671;25.02.2025;3;Damaged
R001718;O0024612;10.01.2026;3;Other
R001719;O0053920;21.06.2026;2;Late Delivery
R001720;O0042348;24.03.2026;2;Customer Changed Mind
R001721;O0034251;09.07.2026;3;Customer Changed Mind
R001722;O0001522;10.03.2026;2;Damaged
R001723;O0056775;04.01.2026;3;Other
R001724;O0043115;04.11.2025;1;Customer Changed Mind
R001725;O0041420;29.04.2026;2;Wrong Item
R001726;O0033877;01.03.2025;3;Wrong Item
R001727;O0002715;07.05.2025;3;Damaged
R001728;O0035476;05.07.2026;1;Wrong Item
R001729;O0036379;01.02.2026;2;Customer Changed Mind
R001730;O9999999;10.07.2026;1;Other
R001731;O0035187;04.07.2026;3;Customer Changed Mind
R001732;O0055833;11.05.2026;3;Late Delivery
R001733;O0007180;03.05.2025;1;Customer Changed Mind
R001734;O0020523;09.12.2025;1;Late Delivery
R001735;O0027328;12.02.2025;1;Customer Changed Mind
R001736;O0053267;22.08.2025;3;Wrong Item
R001737;O0023850;10.03.2025;2;Other
R001738;O0012591;26.05.2026;3;Damaged
R001739;O0053373;31.10.2025;1;Damaged
R001740;O0024047;18.06.2026;3;Other
R001741;O0027502;29.06.2026;1;Damaged
R001742;O0019475;21.03.2025;1;Late Delivery
R001743;O0016098;11.11.2025;3;Customer Changed Mind
R001744;O0018676;11.07.2025;2;Late Delivery
R001745;O0054751;01.09.2025;1;Late Delivery
R001746;O9999999;31.05.2026;1;Wrong Item
R001747;O0004062;10.12.2025;1;Customer Changed Mind
R001748;O0008378;12.06.2025;2;Damaged
R001749;O0037244;19.04.2026;2;Wrong Item
R001750;O0001133;29.03.2025;1;Customer Changed Mind
R001751;O0007230;05.08.2025;1;Damaged
R001752;O0058185;09.01.2026;2;Customer Changed Mind
R001753;O0008573;07.03.2026;1;Damaged
R001754;O0004955;27.04.2026;3;Customer Changed Mind
R001755;O0048457;08.05.2026;2;Late Delivery
R001756;O0003701;05.06.2026;2;Wrong Item
R001757;O0003547;26.06.2026;2;Customer Changed Mind
R001758;O0010671;16.02.2026;2;Damaged
R001759;O0027166;08.04.2025;3;Customer Changed Mind
R001760;O0023612;12.02.2025;1;Late Delivery
R001761;O0007789;10.04.2025;3;Customer Changed Mind
R001762;O0020583;14.02.2026;2;Other
R001763;O0013556;02.02.2025;1;Other
R001764;O0052588;02.08.2025;2;Wrong Item
R001765;O0040487;22.01.2026;3;Late Delivery
R001766;O0043295;28.02.2026;3;Damaged
R001767;O0014624;23.07.2025;2;Customer Changed Mind
R001768;O0028410;11.11.2025;1;Late Delivery
R001769;O0031934;07.04.2026;1;Late Delivery
R001770;O0024999;17.01.2026;2;Customer Changed Mind
R001771;O0046986;17.06.2025;1;Other
R001772;O0015580;10.05.2025;3;Other
R001773;O9999999;16.02.2026;2;Customer Changed Mind
R001774;O0057000;06.04.2025;1;Customer Changed Mind
R001775;O0013817;09.10.2025;2;Damaged
R001776;O0027393;07.06.2026;3;Other
R001777;O0023747;30.09.2025;1;Customer Changed Mind
R001778;O0035619;29.04.2025;2;Wrong Item
R001779;O0027466;24.06.2025;2;Other
R001780;O0030791;13.08.2025;1;Damaged
R001781;O0042407;03.07.2025;2;Customer Changed Mind
R001782;O0029011;10.12.2025;2;Other
R001783;O0017406;16.06.2025;3;Other
R001784;O0054857;14.07.2026;3;Customer Changed Mind
R001785;O0012156;22.09.2025;2;Customer Changed Mind
R001786;O0032030;03.05.2026;3;Wrong Item
R001787;O0018782;27.06.2025;1;Customer Changed Mind
R001788;O0029877;02.12.2025;3;Wrong Item
R001789;O0024360;08.03.2025;2;Customer Changed Mind
R001790;O0041366;02.06.2026;1;Damaged
R001791;O0054679;05.06.2026;3;Damaged
R001792;O0039378;01.06.2025;2;Wrong Item
R001793;O0020897;09.07.2025;1;Damaged
R001794;O0001894;25.01.2026;3;Damaged
R001795;O0029094;03.10.2025;2;Customer Changed Mind
R001796;O0051705;03.04.2026;1;Damaged
R001797;O0046089;08.05.2026;2;Wrong Item
R001798;O0046254;05.06.2025;2;Wrong Item
R001799;O0000895;13.12.2025;1;Customer Changed Mind
R001800;O0057411;21.09.2025;1;Wrong Item
R001801;O0014204;10.03.2026;3;Wrong Item
R001802;O0030165;18.06.2026;2;Wrong Item
R001803;O0009223;18.12.2025;3;Other
R001804;O0045461;04.02.2026;2;Wrong Item
R001805;O0055993;01.05.2025;1;Customer Changed Mind
R001806;O0012848;03.11.2025;3;Customer Changed Mind
R001807;O0057361;25.05.2025;3;Late Delivery
R001808;O0000186;25.01.2026;3;Other
R001809;O0024693;10.03.2025;2;Customer Changed Mind
R001810;O0011455;09.05.2026;3;Customer Changed Mind
R001811;O0035230;01.06.2025;2;Damaged
R001812;O0046054;27.04.2026;3;Wrong Item
R001813;O0022473;21.06.2026;1;Customer Changed Mind
R001814;O0048412;30.08.2025;1;Customer Changed Mind
R001815;O0018426;05.07.2026;1;Damaged
R001816;O0051905;20.05.2026;3;Customer Changed Mind
R001817;O0009005;20.04.2025;1;Wrong Item
R001818;O0002146;19.02.2026;2;Wrong Item
R001819;O0046002;18.02.2026;1;Wrong Item
R001820;O0027587;30.04.2026;3;Damaged
R001821;O0052984;20.03.2025;1;Other
R001822;O0022975;05.10.2025;2;Customer Changed Mind
R001823;O0015287;09.05.2026;3;Customer Changed Mind
R001824;O0048719;05.08.2025;1;Customer Changed Mind
R001825;O0019117;15.05.2026;2;Late Delivery
R001826;O0036474;13.12.2025;2;Late Delivery
R001827;O0020408;12.08.2025;3;Late Delivery
R001828;O0033920;19.01.2026;2;Customer Changed Mind
R001829;O0029250;06.03.2025;1;Customer Changed Mind
R001830;O0028539;10.02.2025;2;Customer Changed Mind
R001831;O0022411;29.10.2025;1;Late Delivery
R001832;O0030206;15.10.2025;2;Damaged
R001833;O0012892;28.03.2025;3;Customer Changed Mind
R001834;O0024882;10.07.2025;1;Customer Changed Mind
R001835;O0010957;14.06.2026;3;Late Delivery
R001836;O0026722;05.06.2025;2;Wrong Item
R001837;O0012827;03.06.2026;1;Customer Changed Mind
R001838;O0032465;09.07.2025;3;Other
R001839;O0014043;30.06.2025;3;Damaged
R001840;O0031950;13.02.2025;1;Wrong Item
R001841;O0003195;23.09.2025;1;Damaged
R001842;O0009496;05.03.2026;1;Damaged
R001843;O0033734;02.10.2025;1;Wrong Item
R001844;O0032359;28.09.2025;2;Customer Changed Mind
R001845;O0028809;30.09.2025;2;Wrong Item
R001846;O0042137;13.06.2025;2;Wrong Item
R001847;O0011510;02.03.2025;3;Other
R001848;O0028412;16.08.2025;2;Damaged
R001849;O0059032;19.08.2025;2;Customer Changed Mind
R001850;O0039669;15.06.2026;2;Late Delivery
R001851;O0025601;05.02.2025;3;Damaged
R001852;O0036214;15.04.2025;3;Other
R001853;O0045618;11.01.2026;2;Customer Changed Mind
R001854;O0052421;20.02.2025;-1;Customer Changed Mind
R001855;O0016454;05.07.2025;3;Customer Changed Mind
R001856;O0056064;16.04.2025;3;Customer Changed Mind
R001857;O0048709;18.11.2025;2;Other
R001858;O0055040;01.12.2025;3;Other
R001859;O0007640;17.12.2025;2;Damaged
R001860;O0013417;29.03.2026;2;Customer Changed Mind
R001861;O0016714;02.06.2025;1;Customer Changed Mind
R001862;O0032606;16.02.2025;3;Damaged
R001863;O0057921;11.06.2025;3;Customer Changed Mind
R001864;O0020562;18.05.2026;3;Wrong Item
R001865;O0044178;27.09.2025;1;Other
R001866;O0020013;11.12.2025;3;Damaged
R001867;O0004618;30.04.2026;1;Damaged
R001868;O0045760;24.03.2026;2;Customer Changed Mind
R001869;O0040888;26.07.2025;3;Customer Changed Mind
R001870;O0024379;31.08.2025;1;Wrong Item
R001871;O0040145;02.02.2026;3;Customer Changed Mind
R001872;O0019586;12.05.2025;1;Damaged
R001873;O0024722;01.05.2026;1;Customer Changed Mind
R001874;O0036883;18.06.2025;3;Wrong Item
R001875;O0034242;16.03.2026;1;Wrong Item
R001876;O0046204;13.03.2026;2;Customer Changed Mind
R001877;O0049571;04.08.2025;2;Damaged
R001878;O0031755;25.05.2026;1;Other
R001879;O0038801;29.03.2025;3;Wrong Item
R001880;O0002351;15.08.2025;3;Late Delivery
R001881;O0011487;27.10.2025;3;Wrong Item
R001882;O0002145;11.01.2026;1;Late Delivery
R001883;O0057484;21.03.2025;1;Damaged
R001884;O0004154;01.01.2026;1;Late Delivery
R001885;O0005784;06.07.2025;2;Damaged
R001886;O0045322;17.05.2026;2;Wrong Item
R001887;O0022465;23.03.2026;3;Wrong Item
R001888;O0037589;31.03.2025;1;Wrong Item
R001889;O0040120;27.05.2026;2;Other
R001890;O0032667;04.10.2025;3;Late Delivery
R001891;O0048398;10.02.2025;2;Damaged
R001892;O0052260;24.11.2025;1;Customer Changed Mind
R001893;O0000728;08.06.2026;1;Other
R001894;O0049933;26.06.2026;1;Late Delivery
R001895;O0033637;16.02.2025;2;Customer Changed Mind
R001896;O0047093;05.06.2025;3;Wrong Item
R001897;O0020619;09.05.2025;3;Late Delivery
R001898;O0054922;01.05.2026;1;Customer Changed Mind
R001899;O0016754;07.12.2025;3;Damaged
R001900;O0006877;19.01.2026;2;Damaged
R001901;O0022581;13.12.2025;2;Customer Changed Mind
R001902;O0055092;18.12.2025;2;Customer Changed Mind
R001903;O0040829;05.11.2025;2;Late Delivery
R001904;O0039635;05.05.2026;1;Customer Changed Mind
R001905;O0000010;29.11.2025;2;Wrong Item
R001906;O0011498;27.05.2026;2;Wrong Item
R001907;O0000634;01.03.2026;1;Customer Changed Mind
R001908;O0050773;19.07.2025;1;Damaged
R001909;O0024654;05.02.2026;1;Customer Changed Mind
R001910;O0037814;08.07.2026;3;Late Delivery
R001911;O0019940;03.02.2025;1;Customer Changed Mind
R001912;O0039598;08.08.2025;3;Wrong Item
R001913;O0000098;21.02.2025;1;Customer Changed Mind
R001914;O0032612;12.07.2025;2;Wrong Item
R001915;O0011419;14.01.2026;3;Customer Changed Mind
R001916;O0030672;01.10.2025;1;Late Delivery
R001917;O0048405;03.06.2026;2;Wrong Item
R001918;O0051798;26.07.2025;2;Damaged
R001919;O0029686;10.01.2026;3;Late Delivery
R001920;O0031058;13.04.2026;2;Other
R001921;O0018039;24.07.2025;1;Late Delivery
R001922;O0005499;12.09.2025;2;Damaged
R001923;O0005592;30.04.2026;2;Wrong Item
R001924;O0005568;15.09.2025;1;Wrong Item
R001925;O0030660;13.07.2025;2;Other
R001926;O0034847;12.06.2025;1;Other
R001927;O0056717;03.04.2026;2;Damaged
R001928;O0034802;12.12.2025;3;Customer Changed Mind
R001929;O0047424;26.04.2025;3;Damaged
R001930;O0033931;05.04.2026;3;Customer Changed Mind
R001931;O0052356;22.05.2025;2;Customer Changed Mind
R001932;O0059297;07.05.2025;3;Customer Changed Mind
R001933;O0047277;06.03.2025;1;Damaged
R001934;O0053842;24.04.2025;3;Other
R001935;O0030886;10.12.2025;1;Damaged
R001936;O0049175;18.07.2025;2;Customer Changed Mind
R001937;O0016790;13.04.2025;2;Customer Changed Mind
R001938;O0023350;01.05.2025;3;Late Delivery
R001939;O0026362;15.10.2025;1;Customer Changed Mind
R001940;O0008945;14.03.2025;2;Customer Changed Mind
R001941;O0038692;02.02.2025;2;Late Delivery
R001942;O0027905;14.07.2025;1;Late Delivery
R001943;O0022328;31.07.2025;3;Wrong Item
R001944;O0052872;19.12.2025;2;Customer Changed Mind
R001945;O0049281;25.08.2025;3;Late Delivery
R001946;O0054536;07.02.2025;1;Late Delivery
R001947;O0053729;31.03.2026;1;Wrong Item
R001948;O0021091;03.12.2025;2;Wrong Item
R001949;O0006832;26.08.2025;3;Customer Changed Mind
R001950;O0005086;04.07.2025;3;Late Delivery
R001951;O0005814;01.08.2025;3;Wrong Item
R001952;O0017755;01.04.2026;1;Damaged
R001953;O0043012;01.02.2025;3;Customer Changed Mind
R001954;O0042272;30.11.2025;3;Wrong Item
R001955;O0014629;26.06.2026;3;Other
R001956;O0035644;20.08.2025;1;Late Delivery
R001957;O0035356;10.03.2025;2;Other
R001958;O0041240;21.06.2026;1;Wrong Item
R001959;O0005408;18.05.2025;3;Wrong Item
R001960;O0044815;06.07.2025;3;Late Delivery
R001961;O0052626;24.08.2025;3;Customer Changed Mind
R001962;O0039588;25.03.2026;3;Customer Changed Mind
R001963;O0010491;21.04.2026;1;Wrong Item
R001964;O0006452;15.05.2026;3;Late Delivery
R001965;O0009602;09.07.2025;2;Late Delivery
R001966;O0021322;01.02.2026;3;Customer Changed Mind
R001967;O0054990;23.09.2025;3;Other
R001968;O0058461;13.04.2025;1;Other
R001969;O0033148;19.11.2025;2;Customer Changed Mind
R001970;O0037463;17.08.2025;2;Other
R001971;O0011448;04.03.2025;1;Customer Changed Mind
R001972;O0021501;10.10.2025;2;Customer Changed Mind
R001973;O0025512;06.02.2026;3;Damaged
R001974;O0007776;07.11.2025;3;Damaged
R001975;O0056918;07.05.2025;2;Other
R001976;O0045165;23.02.2025;1;Other
R001977;O0038688;17.04.2025;1;Wrong Item
R001978;O0002275;29.12.2025;2;Other
R001979;O0042855;12.04.2025;2;Customer Changed Mind
R001980;O0023706;03.11.2025;2;Other
R001981;O0046654;01.05.2026;3;Damaged
R001982;O0051208;27.01.2026;1;Customer Changed Mind
R001983;O0044434;18.02.2025;2;Other
R001984;O0055502;13.04.2026;1;Customer Changed Mind
R001985;O0042972;27.02.2025;1;Customer Changed Mind
R001986;O0048068;12.06.2025;2;Other
R001987;O0027957;20.06.2025;3;Customer Changed Mind
R001988;O0016026;13.04.2025;1;Wrong Item
R001989;O0011561;24.12.2025;2;Wrong Item
R001990;O0052155;10.06.2026;3;Damaged
R001991;O0007247;27.04.2025;1;Wrong Item
R001992;O0005081;21.04.2025;1;Customer Changed Mind
R001993;O0017065;14.03.2025;1;Damaged
R001994;O0059567;14.05.2026;1;Customer Changed Mind
R001995;O0059705;30.08.2025;1;Customer Changed Mind
R001996;O0039426;08.02.2026;1;Other
R001997;O0050582;22.05.2026;3;Other
R001998;O0012068;05.07.2026;2;Late Delivery
R001999;O0057512;11.09.2025;2;Customer Changed Mind
R002000;O0020723;24.06.2025;3;Damaged
R002001;O0055356;08.06.2026;1;Damaged
R002002;O0054863;10.09.2025;3;Damaged
R002003;O0017884;08.09.2025;3;Late Delivery
R002004;O0027789;27.02.2026;1;Customer Changed Mind
R002005;O0006632;02.06.2025;1;Late Delivery
R002006;O0008756;08.07.2026;2;Customer Changed Mind
R002007;O0017612;18.09.2025;1;Wrong Item
R002008;O0018820;17.04.2026;1;Late Delivery
R002009;O0053902;05.03.2026;2;Other
R002010;O0014707;24.08.2025;3;Customer Changed Mind
R002011;O0006137;10.07.2025;2;Damaged
R002012;O0013148;08.01.2026;1;Late Delivery
R002013;O0000904;06.05.2025;3;Late Delivery
R002014;O0006633;29.04.2026;2;Other
R002015;O0029625;29.06.2025;2;Other
R002016;O0021482;04.03.2026;2;Damaged
R002017;O0059050;24.10.2025;3;Wrong Item
R002018;O0049687;16.04.2026;1;Damaged
R002019;O0022476;27.09.2025;2;Customer Changed Mind
R002020;O0035887;20.06.2025;3;Wrong Item
R002021;O0016888;22.06.2025;3;Other
R002022;O0010057;03.06.2025;1;Damaged
R002023;O0005150;16.09.2025;3;Customer Changed Mind
R002024;O0006893;30.11.2025;3;Late Delivery
R002025;O0006823;08.05.2026;2;Late Delivery
R002026;O0022176;01.06.2026;3;Wrong Item
R002027;O0052063;10.12.2025;2;Damaged
R002028;O0019797;30.11.2025;1;Wrong Item
R002029;O0044571;28.11.2025;1;Late Delivery
R002030;O0029168;25.02.2025;3;Customer Changed Mind
R002031;O0032626;01.04.2026;1;Customer Changed Mind
R002032;O0054889;12.03.2025;1;Late Delivery
R002033;O0044806;19.10.2025;1;Wrong Item
R002034;O0059750;09.07.2025;2;Wrong Item
R002035;O0028399;30.08.2025;1;Late Delivery
R002036;O0015691;19.02.2026;3;Customer Changed Mind
R002037;O0053173;15.01.2026;3;Customer Changed Mind
R002038;O0056652;13.11.2025;3;Other
R002039;O0001194;10.09.2025;1;Customer Changed Mind
R002040;O0027795;30.07.2025;1;Wrong Item
R002041;O0038490;16.07.2025;1;Customer Changed Mind
R002042;O0053025;27.02.2026;1;Late Delivery
R002043;O0010892;26.06.2026;2;Wrong Item
R002044;O0048586;04.03.2026;3;Damaged
R002045;O0032314;11.10.2025;2;Wrong Item
R002046;O0041953;05.12.2025;2;Damaged
R002047;O0058390;07.03.2026;2;Customer Changed Mind
R002048;O0035628;18.04.2025;1;Customer Changed Mind
R002049;O0004288;28.02.2026;2;Customer Changed Mind
R002050;O0010103;02.07.2026;2;Customer Changed Mind
R002051;O0059799;23.06.2026;1;Late Delivery
R002052;O0056278;02.08.2025;2;Customer Changed Mind
R002053;O0052738;19.02.2026;2;Customer Changed Mind
R002054;O0011349;03.03.2025;2;Wrong Item
R002055;O0040146;20.02.2026;3;Wrong Item
R002056;O0059921;06.10.2025;3;Other
R002057;O0001938;08.08.2025;2;Customer Changed Mind
R002058;O0013760;24.04.2025;1;Wrong Item
R002059;O0032780;08.04.2026;1;Late Delivery
R002060;O0047610;15.01.2026;1;Wrong Item
R002061;O0008800;26.04.2025;3;Damaged
R002062;O0049845;10.08.2025;2;Customer Changed Mind
R002063;O0056303;10.06.2025;1;Customer Changed Mind
R002064;O0042681;02.07.2026;3;Customer Changed Mind
R002065;O0006917;29.03.2025;1;Damaged
R002066;O0036130;12.07.2026;2;Damaged
R002067;O0039314;05.11.2025;3;Damaged
R002068;O0039416;12.07.2025;2;Wrong Item
R002069;O0048797;29.06.2026;1;Damaged
R002070;O0009715;17.04.2026;3;Wrong Item
R002071;O0009142;03.08.2025;1;Customer Changed Mind
R002072;O0020046;15.03.2025;1;Customer Changed Mind
R002073;O0024463;02.05.2025;3;Late Delivery
R002074;O0007091;07.05.2026;1;Other
R002075;O0057101;10.01.2026;1;Late Delivery
R002076;O0054079;30.05.2025;2;Wrong Item
R002077;O0052562;28.11.2025;1;Other
R002078;O0059320;15.09.2025;2;Customer Changed Mind
R002079;O0052331;28.05.2025;2;Customer Changed Mind
R002080;O0006377;05.04.2025;1;Late Delivery
R002081;O0049209;19.11.2025;3;Customer Changed Mind
R002082;O0033448;21.10.2025;1;Damaged
R002083;O0030685;19.06.2026;1;Damaged
R002084;O0044992;13.09.2025;3;Other
R002085;O0010933;17.11.2025;1;Damaged
R002086;O0006148;18.05.2025;3;Wrong Item
R002087;O0012793;09.04.2026;2;Other
R002088;O0024776;07.05.2025;2;Customer Changed Mind
R002089;O0000828;30.05.2025;3;Wrong Item
R002090;O0058540;26.11.2025;1;Wrong Item
R002091;O0043222;06.10.2025;1;Damaged
R002092;O0052859;21.04.2025;2;Damaged
R002093;O0013872;29.05.2026;3;Other
R002094;O0005711;17.04.2026;1;Customer Changed Mind
R002095;O0058979;02.03.2025;1;Damaged
R002096;O0049747;20.03.2025;2;Customer Changed Mind
R002097;O0021553;21.05.2026;2;Wrong Item
R002098;O0017310;12.03.2026;2;Damaged
R002099;O0009215;14.04.2025;1;Wrong Item
R002100;O0002459;17.11.2025;2;Other
R002101;O0009757;24.06.2026;2;Customer Changed Mind
R002102;O0014650;11.04.2025;1;Customer Changed Mind
R002103;O0026302;29.01.2026;2;Other
R002104;O0005159;29.01.2026;2;Other
R002105;O0021533;19.09.2025;1;Damaged
R002106;O0007044;26.02.2025;3;Damaged
R002107;O0051848;01.09.2025;3;Other
R002108;O0051115;11.07.2026;3;Customer Changed Mind
R002109;O0004449;14.04.2026;3;Wrong Item
R002110;O9999999;25.05.2025;1;Late Delivery
R002111;O0046269;28.01.2026;1;Wrong Item
R002112;O0027228;14.05.2026;1;Customer Changed Mind
R002113;O0020793;07.03.2026;2;Damaged
R002114;O0003822;18.04.2025;2;Other
R002115;O0040988;31.12.2025;3;Customer Changed Mind
R002116;O0017947;03.02.2025;1;Customer Changed Mind
R002117;O0047724;21.09.2025;2;Damaged
R002118;O0023239;02.07.2025;3;Wrong Item
R002119;O0000577;17.11.2025;2;Customer Changed Mind
R002120;O0006549;15.05.2026;1;Other
R002121;O0053770;30.10.2025;3;Other
R002122;O0036340;11.02.2026;2;Customer Changed Mind
R002123;O0010258;17.03.2025;3;Damaged
R002124;O0014400;25.11.2025;2;Customer Changed Mind
R002125;O0005382;17.10.2025;2;Late Delivery
R002126;O0022161;11.05.2026;2;Wrong Item
R002127;O0005851;03.05.2026;1;Customer Changed Mind
R002128;O0012708;30.04.2025;1;Wrong Item
R002129;O0046849;19.09.2025;3;Other
R002130;O0029005;02.12.2025;2;Customer Changed Mind
R002131;O0040189;18.02.2026;1;Customer Changed Mind
R002132;O0054958;03.07.2025;1;Customer Changed Mind
R002133;O0032668;15.12.2025;3;Late Delivery
R002134;O0003985;10.04.2026;2;Wrong Item
R002135;O0020276;03.07.2025;2;Wrong Item
R002136;O0034473;22.01.2026;3;Damaged
R002137;O0043230;28.08.2025;1;Customer Changed Mind
R002138;O0041707;03.09.2025;1;Late Delivery
R002139;O0044362;17.08.2025;2;Customer Changed Mind
R002140;O0036840;24.01.2026;2;Customer Changed Mind
R002141;O0056434;03.01.2026;1;Customer Changed Mind
R002142;O0002771;30.09.2025;1;Other
R002143;O0001585;19.05.2025;1;Customer Changed Mind
R002144;O0052212;09.02.2026;3;Customer Changed Mind
R002145;O0057008;19.08.2025;1;Wrong Item
R002146;O0014398;30.01.2026;1;Other
R002147;O0020645;22.11.2025;1;Damaged
R002148;O0032984;08.10.2025;3;Wrong Item
R002149;O0015093;16.02.2025;3;Damaged
R002150;O0002071;20.09.2025;2;Customer Changed Mind
R002151;O0041343;19.07.2025;3;Customer Changed Mind
R002152;O0013197;11.12.2025;1;Customer Changed Mind
R002153;O0030474;20.05.2025;1;Customer Changed Mind
R002154;O0040277;02.07.2025;2;Customer Changed Mind
R002155;O0048443;12.05.2025;1;Other
R002156;O0004195;20.03.2025;2;Other
R002157;O0010777;03.05.2026;2;Damaged
R002158;O0055127;16.06.2025;1;Other
R002159;O0029075;06.06.2026;2;Other
R002160;O0021709;27.12.2025;3;Customer Changed Mind
R002161;O0004199;29.10.2025;1;Wrong Item
R002162;O0041127;12.09.2025;1;Other
R002163;O0004238;28.04.2026;3;Damaged
R002164;O0056301;22.10.2025;3;Wrong Item
R002165;O0055299;13.10.2025;1;Damaged
R002166;O0002704;09.10.2025;2;Damaged
R002167;O0055867;02.07.2026;1;Wrong Item
R002168;O0025612;29.05.2025;1;Customer Changed Mind
R002169;O0004052;04.06.2025;3;Damaged
R002170;O0047827;07.04.2026;1;Customer Changed Mind
R002171;O0012617;10.03.2025;3;Damaged
R002172;O0056183;17.08.2025;2;Customer Changed Mind
R002173;O0041427;12.06.2025;3;Late Delivery
R002174;O0025281;19.11.2025;1;Wrong Item
R002175;O0057412;27.07.2025;3;Customer Changed Mind
R002176;O0050779;04.05.2025;2;Wrong Item
R002177;O0030473;20.07.2025;1;Damaged
R002178;O0038817;07.05.2026;1;Other
R002179;O0059231;30.05.2025;3;Customer Changed Mind
R002180;O0025176;26.05.2026;3;Damaged
R002181;O0009537;06.03.2026;2;Wrong Item
R002182;O0055053;26.05.2026;1;Other
R002183;O0051005;12.12.2025;3;Other
R002184;O0053981;11.03.2025;1;Wrong Item
R002185;O0025414;28.08.2025;1;Customer Changed Mind
R002186;O0031085;11.12.2025;2;Damaged
R002187;O0033169;03.02.2025;2;Customer Changed Mind
R002188;O0008745;01.08.2025;1;Wrong Item
R002189;O0029972;02.08.2025;2;Wrong Item
R002190;O0006796;25.05.2025;3;Damaged
R002191;O0028415;30.08.2025;1;Customer Changed Mind
R002192;O0019882;03.04.2026;2;Other
R002193;O0049137;07.07.2026;1;Damaged
R002194;O0028447;19.03.2025;2;Customer Changed Mind
R002195;O0017618;11.05.2026;3;Other
R002196;O0032613;05.10.2025;2;Customer Changed Mind
R002197;O0004155;16.02.2026;1;Damaged
R002198;O0028063;28.05.2025;3;Wrong Item
R002199;O0017946;14.02.2025;2;Customer Changed Mind
R002200;O0054110;03.07.2025;1;Wrong Item
R002201;O0018892;27.09.2025;2;Damaged
R002202;O0033805;18.03.2025;1;Customer Changed Mind
R002203;O0037151;17.04.2026;1;Wrong Item
R002204;O0008872;25.05.2025;2;Damaged
R002205;O0023889;06.06.2025;2;Damaged
R002206;O0021820;14.09.2025;3;Customer Changed Mind
R002207;O0008723;10.05.2026;1;Late Delivery
R002208;O0009323;27.06.2025;2;Customer Changed Mind
R002209;O0049713;12.11.2025;1;Customer Changed Mind
R002210;O0019767;21.03.2025;1;Customer Changed Mind
R002211;O0056455;17.05.2026;1;Customer Changed Mind
R002212;O0019801;10.11.2025;1;Other
R002213;O0004044;01.06.2025;1;Wrong Item
R002214;O0046234;14.05.2025;2;Other
R002215;O0031668;28.03.2025;1;Damaged
R002216;O0002362;30.11.2025;3;Other
R002217;O0022421;22.11.2025;3;Customer Changed Mind
R002218;O0003911;19.11.2025;-1;Wrong Item
R002219;O0033288;04.07.2025;3;Damaged
R002220;O0002406;23.08.2025;1;Damaged
R002221;O0000787;25.12.2025;1;Customer Changed Mind
R002222;O0050451;09.12.2025;1;Customer Changed Mind
R002223;O0012966;12.01.2026;2;Wrong Item
R002224;O0004994;24.04.2025;1;Damaged
R002225;O0015390;13.05.2026;3;Damaged
R002226;O0002693;06.02.2025;1;Damaged
R002227;O0040728;26.01.2026;3;Wrong Item
R002228;O0057312;24.12.2025;1;Customer Changed Mind
R002229;O0029013;06.05.2026;3;Customer Changed Mind
R002230;O0002024;11.09.2025;2;Other
R002231;O0026378;05.05.2026;2;Customer Changed Mind
R002232;O0002889;24.03.2025;-1;Late Delivery
R002233;O0033821;24.12.2025;3;Customer Changed Mind
R002234;O0036997;24.09.2025;2;Customer Changed Mind
R002235;O0049041;26.12.2025;2;Late Delivery
R002236;O0010157;01.10.2025;3;Customer Changed Mind
R002237;O0018048;06.01.2026;2;Customer Changed Mind
R002238;O0007877;30.03.2026;3;Other
R002239;O0049363;19.09.2025;2;Late Delivery
R002240;O0013580;10.07.2026;3;Wrong Item
R002241;O0013674;06.07.2026;1;Late Delivery
R002242;O0052532;03.07.2025;1;Damaged
R002243;O0030490;17.05.2026;1;Wrong Item
R002244;O0031619;07.03.2025;3;Customer Changed Mind
R002245;O0033882;01.05.2025;3;Wrong Item
R002246;O0000190;13.07.2025;2;Damaged
R002247;O0034795;03.03.2026;3;Damaged
R002248;O0000451;19.04.2026;1;Other
R002249;O0047768;04.02.2026;1;Damaged
R002250;O0030477;19.03.2025;3;Wrong Item
R002251;O0048194;08.10.2025;3;Late Delivery
R002252;O0023041;06.10.2025;3;Other
R002253;O0034295;06.03.2025;2;Other
R002254;O0034730;13.07.2026;1;Other
R002255;O0024421;23.05.2026;1;Late Delivery
R002256;O0031025;20.04.2025;3;Wrong Item
R002257;O0045784;12.07.2025;2;Other
R002258;O0027632;22.03.2025;1;Damaged
R002259;O0035732;11.11.2025;3;Other
R002260;O0041672;06.05.2026;2;Customer Changed Mind
R002261;O0021401;11.10.2025;2;Customer Changed Mind
R002262;O0028951;16.09.2025;1;Damaged
R002263;O0052365;27.02.2025;3;Wrong Item
R002264;O0058350;06.06.2025;1;Damaged
R002265;O0005840;10.01.2026;2;Damaged
R002266;O0038728;15.04.2025;3;Customer Changed Mind
R002267;O0019375;20.02.2025;3;Customer Changed Mind
R002268;O0033056;17.06.2026;2;Damaged
R002269;O0019681;19.02.2025;3;Customer Changed Mind
R002270;O0038357;24.04.2025;3;Late Delivery
R002271;O0018399;17.01.2026;1;Late Delivery
R002272;O0019071;13.02.2025;1;Other
R002273;O0058568;24.01.2026;2;Customer Changed Mind
R002274;O0046628;08.10.2025;3;Damaged
R002275;O0015633;14.03.2025;1;Wrong Item
R002276;O0019458;02.06.2025;3;Customer Changed Mind
R002277;O0000703;07.08.2025;1;Damaged
R002278;O0039064;15.06.2026;1;Wrong Item
R002279;O0057452;09.09.2025;3;Customer Changed Mind
R002280;O0021954;17.11.2025;3;Damaged
R002281;O0037641;08.03.2026;3;Customer Changed Mind
R002282;O0017238;27.11.2025;2;Damaged
R002283;O0045695;11.04.2025;2;Damaged
R002284;O0020797;29.12.2025;3;Other
R002285;O0042453;14.03.2025;1;Damaged
R002286;O0057825;21.05.2026;1;Late Delivery
R002287;O0049000;09.04.2025;1;Late Delivery
R002288;O0010039;06.04.2025;3;Late Delivery
R002289;O0021475;01.05.2025;3;Damaged
R002290;O0000329;14.05.2025;2;Damaged
R002291;O0023312;10.05.2025;2;Customer Changed Mind
R002292;O0027268;10.12.2025;1;Customer Changed Mind
R002293;O0040157;24.09.2025;3;Late Delivery
R002294;O0025145;09.12.2025;1;Customer Changed Mind
R002295;O0055746;10.06.2026;3;Wrong Item
R002296;O0021998;01.10.2025;3;Damaged
R002297;O0059888;25.11.2025;1;Late Delivery
R002298;O0038458;13.05.2025;2;Wrong Item
R002299;O0028681;09.05.2025;1;Customer Changed Mind
R002300;O0010538;09.03.2026;3;Damaged
R002301;O0020385;26.03.2026;2;Wrong Item
R002302;O0041585;08.05.2026;2;Customer Changed Mind
R002303;O0055991;14.08.2025;1;Damaged
R002304;O0023538;07.05.2025;3;Damaged
R002305;O0012292;01.07.2026;3;Customer Changed Mind
R002306;O0054525;25.02.2025;2;Customer Changed Mind
R002307;O0016188;05.07.2025;1;Late Delivery
R002308;O0059684;04.09.2025;2;Customer Changed Mind
R002309;O0018559;11.02.2026;2;Customer Changed Mind
R002310;O0049433;01.05.2026;2;Customer Changed Mind
R002311;O0059117;12.04.2026;1;Customer Changed Mind
R002312;O0053666;29.11.2025;2;Damaged
R002313;O0045478;02.09.2025;2;Damaged
R002314;O0005052;06.09.2025;3;Customer Changed Mind
R002315;O0031202;09.03.2026;2;Customer Changed Mind
R002316;O0023673;20.07.2025;-1;Customer Changed Mind
R002317;O0048201;21.10.2025;2;Late Delivery
R002318;O0005846;12.04.2025;2;Damaged
R002319;O0033069;07.06.2025;1;Damaged
R002320;O0018024;07.06.2025;3;Customer Changed Mind
R002321;O0058533;26.05.2025;2;Other
R002322;O0058901;05.10.2025;1;Damaged
R002323;O0011743;12.05.2026;1;Customer Changed Mind
R002324;O0039330;07.10.2025;3;Customer Changed Mind
R002325;O0040115;21.09.2025;2;Other
R002326;O0026299;06.05.2025;3;Customer Changed Mind
R002327;O0013313;11.07.2026;1;Wrong Item
R002328;O0050396;09.07.2026;2;Damaged
R002329;O0013249;03.10.2025;1;Customer Changed Mind
R002330;O0011873;29.04.2026;3;Wrong Item
R002331;O9999999;01.11.2025;2;Damaged
R002332;O0029340;25.06.2026;3;Wrong Item
R002333;O0014283;11.07.2025;2;Other
R002334;O0025507;09.08.2025;2;Wrong Item
R002335;O0012146;01.12.2025;1;Other
R002336;O0004522;09.03.2025;2;Customer Changed Mind
R002337;O0020277;06.05.2025;3;Damaged
R002338;O0028811;20.07.2025;2;Customer Changed Mind
R002339;O0006743;31.12.2025;3;Customer Changed Mind
R002340;O0012770;21.02.2026;2;Customer Changed Mind
R002341;O0046576;19.09.2025;1;Wrong Item
R002342;O0006231;15.09.2025;2;Late Delivery
R002343;O0031624;08.09.2025;2;Late Delivery
R002344;O0025559;17.01.2026;1;Customer Changed Mind
R002345;O0003996;24.12.2025;2;Customer Changed Mind
R002346;O0001470;08.01.2026;1;Wrong Item
R002347;O0052486;29.06.2025;1;Late Delivery
R002348;O0021477;12.07.2026;1;Customer Changed Mind
R002349;O0042135;08.03.2026;2;Customer Changed Mind
R002350;O0001719;21.04.2025;3;Wrong Item
R002351;O0006507;23.08.2025;2;Late Delivery
R002352;O0008790;21.08.2025;1;Late Delivery
R002353;O0034957;14.05.2025;1;Customer Changed Mind
R002354;O0012108;03.10.2025;3;Damaged
R002355;O0027827;13.05.2025;3;Wrong Item
R002356;O0021276;04.05.2025;1;Late Delivery
R002357;O0048658;04.09.2025;1;Damaged
R002358;O0054308;08.04.2026;3;Damaged
R002359;O0027931;29.10.2025;1;Customer Changed Mind
R002360;O0042468;15.12.2025;2;Customer Changed Mind
R002361;O0010052;13.12.2025;1;Wrong Item
R002362;O0043104;06.02.2025;1;Damaged
R002363;O0018498;18.02.2025;3;Customer Changed Mind
R002364;O0023752;17.07.2025;2;Wrong Item
R002365;O0022110;26.03.2026;1;Wrong Item
R002366;O0006953;30.10.2025;1;Wrong Item
R002367;O0025873;02.09.2025;1;Wrong Item
R002368;O0019881;02.08.2025;1;Late Delivery
R002369;O0059629;17.10.2025;1;Customer Changed Mind
R002370;O0037186;09.05.2026;2;Customer Changed Mind
R002371;O0021916;04.02.2025;2;Damaged
R002372;O0018910;09.04.2025;2;Wrong Item
R002373;O0045408;27.01.2026;2;Customer Changed Mind
R002374;O0008766;05.05.2026;1;Customer Changed Mind
R002375;O0055583;03.01.2026;1;Other
R002376;O0019757;14.05.2026;3;Customer Changed Mind
R002377;O0058194;12.02.2026;2;Late Delivery
R002378;O0020556;30.09.2025;3;Customer Changed Mind
R002379;O0034409;07.07.2025;2;Customer Changed Mind
R002380;O0022251;07.02.2025;3;Damaged
R002381;O0012839;14.07.2026;3;Customer Changed Mind
R002382;O0007573;02.02.2025;3;Damaged
R002383;O0038459;20.04.2025;3;Customer Changed Mind
R002384;O0058316;17.05.2026;2;Damaged
R002385;O0018814;17.10.2025;3;Customer Changed Mind
R002386;O0012803;15.02.2025;1;Customer Changed Mind
R002387;O0012182;02.08.2025;3;Late Delivery
R002388;O0034159;21.11.2025;1;Customer Changed Mind
R002389;O0001696;26.12.2025;3;Damaged
R002390;O0015002;09.04.2025;3;Customer Changed Mind
R002391;O0029568;16.01.2026;2;Customer Changed Mind
R002392;O0040510;13.02.2026;3;Late Delivery
R002393;O0058017;02.04.2025;2;Other
R002394;O0010216;18.12.2025;3;Damaged
R002395;O0008162;08.03.2026;3;Customer Changed Mind
R002396;O0045357;27.12.2025;1;Damaged
R002397;O0032268;05.02.2026;2;Other
R002398;O0003235;11.05.2025;2;Customer Changed Mind
R002399;O0003386;26.03.2025;2;Customer Changed Mind
R002400;O0011612;23.05.2025;3;Other
R002401;O0031054;14.11.2025;2;Customer Changed Mind
R002402;O0056897;19.10.2025;2;Damaged
R002403;O0020348;16.03.2025;3;Customer Changed Mind
R002404;O0040653;10.05.2025;2;Other
R002405;O0002249;05.03.2026;2;Customer Changed Mind
R002406;O0030598;21.06.2026;2;Late Delivery
R002407;O0057824;24.06.2026;2;Wrong Item
R002408;O0006365;24.05.2026;3;Other
R002409;O0020525;12.08.2025;1;Customer Changed Mind
R002410;O0031282;18.07.2025;3;Other
R002411;O0039680;08.10.2025;1;Other
R002412;O0044449;23.11.2025;2;Customer Changed Mind
R002413;O0025513;18.09.2025;3;Customer Changed Mind
R002414;O0032033;12.03.2025;1;Damaged
R002415;O0057094;08.12.2025;3;Customer Changed Mind
R002416;O0000390;25.05.2026;2;Damaged
R002417;O0047297;06.05.2025;2;Customer Changed Mind
R002418;O0059138;05.01.2026;2;Other
R002419;O0027533;24.03.2025;3;Customer Changed Mind
R002420;O0037901;01.06.2026;2;Other
R002421;O0013675;22.04.2026;3;Wrong Item
R002422;O0002661;15.02.2025;3;Damaged
R002423;O0027913;15.12.2025;1;Customer Changed Mind
R002424;O0053867;26.03.2025;3;Other
R002425;O0034976;20.02.2025;2;Damaged
R002426;O0032180;27.03.2026;3;Late Delivery
R002427;O0007513;05.11.2025;-1;Customer Changed Mind
R002428;O0000568;15.03.2025;1;Wrong Item
R002429;O0029748;15.08.2025;1;Customer Changed Mind
R002430;O0038503;13.03.2025;1;Customer Changed Mind
R002431;O0023485;18.09.2025;2;Customer Changed Mind
R002432;O0044450;04.03.2025;3;Wrong Item
R002433;O0056568;15.08.2025;2;Customer Changed Mind
R002434;O0022689;15.08.2025;1;Damaged
R002435;O0040149;03.05.2026;3;Wrong Item
R002436;O0032191;21.07.2025;2;Wrong Item
R002437;O0004352;22.11.2025;3;Damaged
R002438;O0032075;26.06.2025;1;Damaged
R002439;O0037038;03.03.2025;1;Late Delivery
R002440;O0029603;13.02.2026;2;Customer Changed Mind
R002441;O0000989;04.11.2025;3;Customer Changed Mind
R002442;O0000317;31.08.2025;3;Customer Changed Mind
R002443;O0020535;30.04.2025;3;Customer Changed Mind
R002444;O0038710;19.12.2025;2;Customer Changed Mind
R002445;O0041758;09.11.2025;2;Customer Changed Mind
R002446;O0042907;07.07.2026;3;Other
R002447;O0037072;14.04.2026;1;Wrong Item
R002448;O0042447;22.03.2026;1;Wrong Item
R002449;O0017018;26.04.2025;2;Other
R002450;O0009773;22.10.2025;3;Damaged
R002451;O0021721;20.03.2025;1;Other
R002452;O0047060;28.02.2025;2;Wrong Item
R002453;O0012787;26.05.2026;1;Wrong Item
R002454;O0012556;01.07.2026;1;Customer Changed Mind
R002455;O0055017;16.10.2025;2;Customer Changed Mind
R002456;O0052502;23.04.2025;2;Customer Changed Mind
R002457;O0036059;12.03.2025;3;Damaged
R002458;O0022757;10.11.2025;1;Damaged
R002459;O0025595;24.08.2025;2;Damaged
R002460;O0059370;26.11.2025;-1;Damaged
R002461;O0017636;27.04.2026;2;Damaged
R002462;O0006221;19.08.2025;2;Late Delivery
R002463;O0030871;16.12.2025;1;Other
R002464;O0027480;30.04.2026;2;Damaged
R002465;O0021300;07.10.2025;1;Damaged
R002466;O0018294;18.07.2025;3;Other
R002467;O0036758;01.10.2025;2;Customer Changed Mind
R002468;O0053645;04.04.2026;2;Customer Changed Mind
R002469;O0008273;29.10.2025;2;Customer Changed Mind
R002470;O0038068;01.06.2025;1;Other
R002471;O0012633;21.05.2026;1;Late Delivery
R002472;O0012975;26.01.2026;2;Other
R002473;O0021296;01.04.2025;1;Wrong Item
R002474;O0036815;24.07.2025;2;Damaged
R002475;O0032066;28.02.2025;1;Other
R002476;O0018881;07.07.2025;2;Late Delivery
R002477;O0022972;28.02.2025;-1;Wrong Item
R002478;O0013001;04.04.2025;1;Customer Changed Mind
R002479;O0037413;06.01.2026;1;Wrong Item
R002480;O0002808;10.03.2026;2;Customer Changed Mind
R002481;O0017096;28.05.2026;2;Damaged
R002482;O0054530;24.03.2026;3;Other
R002483;O0051797;06.09.2025;2;Other
R002484;O0010259;25.07.2025;2;Customer Changed Mind
R002485;O0009361;11.09.2025;1;Other
R002486;O0043920;09.12.2025;3;Customer Changed Mind
R002487;O0041146;01.03.2026;3;Other
R002488;O0053392;25.01.2026;2;Wrong Item
R002489;O0037994;19.07.2025;1;Customer Changed Mind
R002490;O0059373;26.02.2025;2;Damaged
R002491;O0049534;29.04.2026;2;Customer Changed Mind
R002492;O0026992;29.03.2026;2;Late Delivery
R002493;O0020230;05.04.2025;2;Wrong Item
R002494;O0025591;07.12.2025;2;Damaged
R002495;O0015015;07.02.2026;2;Other
R002496;O0013725;06.10.2025;3;Wrong Item
R002497;O0058902;28.03.2026;1;Other
R002498;O0054208;24.06.2025;1;Damaged
R002499;O0033794;25.12.2025;1;Customer Changed Mind
R002500;O0057408;09.05.2025;2;Customer Changed Mind
R002501;O0002506;04.03.2025;3;Customer Changed Mind
R002502;O0056459;19.09.2025;3;Damaged
R002503;O0029581;26.05.2026;1;Other
R002504;O0006228;20.11.2025;3;Customer Changed Mind
R002505;O0047887;16.05.2025;1;Other
R002506;O0022760;20.12.2025;2;Other
R002507;O0049871;02.05.2026;1;Wrong Item
R002508;O0008536;08.04.2026;1;Wrong Item
R002509;O0011187;01.05.2026;2;Customer Changed Mind
R002510;O0018508;09.04.2026;3;Wrong Item
R002511;O0057291;08.02.2026;3;Other
R002512;O0058143;15.02.2025;3;Damaged
R002513;O0001684;10.09.2025;2;Damaged
R002514;O0021487;28.05.2026;2;Wrong Item
R002515;O0054739;19.10.2025;3;Other
R002516;O0033613;12.05.2025;2;Damaged
R002517;O0058847;13.03.2025;1;Customer Changed Mind
R002518;O0032507;13.05.2025;2;Damaged
R002519;O0024639;13.03.2025;2;Other
R002520;O0002853;19.03.2025;3;Customer Changed Mind
R002521;O0054189;09.02.2026;3;Customer Changed Mind
R002522;O0005033;16.07.2025;2;Customer Changed Mind
R002523;O0045779;28.01.2026;1;Other
R002524;O0017167;29.03.2025;3;Customer Changed Mind
R002525;O0053576;14.05.2026;2;Customer Changed Mind
R002526;O0013566;11.08.2025;1;Wrong Item
R002527;O0023778;12.08.2025;2;Customer Changed Mind
R002528;O0002678;21.04.2025;3;Late Delivery
R002529;O0009600;11.03.2026;2;Customer Changed Mind
R002530;O0016129;24.06.2025;1;Other
R002531;O0008131;01.04.2026;1;Other
R002532;O0003645;05.01.2026;1;Damaged
R002533;O0011586;04.07.2026;2;Customer Changed Mind
R002534;O0039293;07.07.2025;1;Other
R002535;O0005528;13.12.2025;2;Customer Changed Mind
R002536;O0042687;09.07.2026;2;Wrong Item
R002537;O0057480;21.09.2025;3;Customer Changed Mind
R002538;O0037663;04.12.2025;3;Other
R002539;O0055099;08.08.2025;3;Wrong Item
R002540;O0035109;04.07.2026;2;Late Delivery
R002541;O0020872;24.11.2025;3;Wrong Item
R002542;O0051222;01.04.2025;1;Customer Changed Mind
R002543;O0057366;07.03.2025;2;Wrong Item
R002544;O0057059;04.04.2025;3;Other
R002545;O0040300;23.06.2026;2;Wrong Item
R002546;O0059709;28.03.2026;3;Wrong Item
R002547;O0058821;08.08.2025;1;Customer Changed Mind
R002548;O0007655;28.03.2025;3;Wrong Item
R002549;O0056042;05.02.2026;1;Other
R002550;O0045124;25.03.2026;3;Late Delivery
R002551;O0036794;02.08.2025;2;Customer Changed Mind
R002552;O0056446;22.12.2025;-1;Customer Changed Mind
R002553;O0018848;19.04.2025;1;Wrong Item
R002554;O0034893;15.03.2025;3;Customer Changed Mind
R002555;O0014439;06.07.2026;2;Wrong Item
R002556;O0002018;22.02.2025;1;Customer Changed Mind
R002557;O0035970;15.07.2025;2;Customer Changed Mind
R002558;O0026712;19.11.2025;2;Late Delivery
R002559;O0029268;01.03.2026;3;Customer Changed Mind
R002560;O0012070;08.05.2025;3;Damaged
R002561;O0032852;27.04.2026;2;Customer Changed Mind
R002562;O0003567;19.05.2025;1;Damaged
R002563;O0050193;05.04.2026;2;Damaged
R002564;O0026061;23.10.2025;3;Customer Changed Mind
R002565;O0039607;30.05.2026;3;Late Delivery
R002566;O0050136;11.02.2025;3;Customer Changed Mind
R002567;O0028449;10.02.2025;1;Wrong Item
R002568;O0055671;17.02.2026;1;Customer Changed Mind
R002569;O0018249;10.10.2025;1;Wrong Item
R002570;O0049960;14.01.2026;2;Customer Changed Mind
R002571;O0001273;26.12.2025;1;Wrong Item
R002572;O0003278;14.05.2025;3;Damaged
R002573;O0052430;07.06.2026;3;Other
R002574;O0025994;18.01.2026;2;Customer Changed Mind
R002575;O0004442;26.02.2026;2;Customer Changed Mind
R002576;O0037064;05.12.2025;3;Customer Changed Mind
R002577;O0016663;24.11.2025;2;Customer Changed Mind
R002578;O0045092;26.11.2025;3;Damaged
R002579;O0007954;19.06.2025;1;Damaged
R002580;O0005411;28.04.2026;2;Other
R002581;O0056280;31.01.2026;2;Customer Changed Mind
R002582;O0020211;17.05.2025;2;Other
R002583;O0020249;06.07.2025;2;Wrong Item
R002584;O0001978;09.04.2026;1;Wrong Item
R002585;O0004740;13.03.2026;3;Late Delivery
R002586;O0014746;30.11.2025;3;Wrong Item
R002587;O0056333;14.03.2025;2;Customer Changed Mind
R002588;O0058685;14.02.2026;1;Customer Changed Mind
R002589;O0007073;29.05.2025;3;Customer Changed Mind
R002590;O0033240;12.12.2025;3;Customer Changed Mind
R002591;O0053437;05.05.2026;1;Damaged
R002592;O0013154;28.01.2026;3;Late Delivery
R002593;O0044436;02.03.2025;1;Wrong Item
R002594;O0043711;27.06.2025;2;Customer Changed Mind
R002595;O0043091;14.07.2026;2;Damaged
R002596;O0047179;03.03.2025;1;Late Delivery
R002597;O0008911;20.04.2025;1;Damaged
R002598;O0009182;24.04.2025;3;Damaged
R002599;O0040812;12.05.2025;2;Customer Changed Mind
R002600;O0019309;19.10.2025;2;Customer Changed Mind
R002601;O0032105;21.06.2025;2;Other
R002602;O0049932;24.03.2025;2;Customer Changed Mind
R002603;O0045726;12.09.2025;3;Customer Changed Mind
R002604;O0040899;14.04.2025;1;Wrong Item
R002605;O0052529;30.03.2026;1;Late Delivery
R002606;O0024533;25.03.2025;3;Late Delivery
R002607;O0056745;16.09.2025;3;Wrong Item
R002608;O0053728;30.06.2026;1;Damaged
R002609;O0038187;04.07.2025;1;Damaged
R002610;O0047725;25.04.2025;3;Late Delivery
R002611;O0050724;05.06.2025;3;Customer Changed Mind
R002612;O0021267;21.12.2025;3;Other
R002613;O0037911;05.12.2025;2;Other
R002614;O0033055;09.02.2026;1;Wrong Item
R002615;O0019994;08.03.2025;1;Customer Changed Mind
R002616;O0052281;11.03.2026;1;Damaged
R002617;O0000199;30.10.2025;1;Customer Changed Mind
R002618;O0049831;05.04.2026;1;Customer Changed Mind
R002619;O0023607;13.03.2026;1;Damaged
R002620;O0045076;13.06.2025;3;Late Delivery
R002621;O0021892;06.11.2025;3;Customer Changed Mind
R002622;O0055840;02.01.2026;3;Damaged
R002623;O0050336;18.06.2025;3;Damaged
R002624;O0055891;23.05.2026;1;Damaged
R002625;O0040934;07.02.2026;3;Customer Changed Mind
R002626;O0043154;27.02.2026;1;Other
R002627;O0031232;04.02.2026;1;Late Delivery
R002628;O0034048;03.04.2025;3;Damaged
R002629;O0032542;26.05.2026;1;Wrong Item
R002630;O0009085;03.03.2026;2;Customer Changed Mind
R002631;O0011485;24.06.2025;2;Late Delivery
R002632;O0021757;08.10.2025;1;Customer Changed Mind
R002633;O0046215;20.03.2025;1;Customer Changed Mind
R002634;O0032693;03.05.2025;2;Other
R002635;O0058949;05.04.2026;3;Damaged
R002636;O0046114;22.03.2026;2;Customer Changed Mind
R002637;O0010792;27.03.2025;3;Customer Changed Mind
R002638;O0055394;05.05.2026;1;Customer Changed Mind
R002639;O0046096;08.12.2025;2;Customer Changed Mind
R002640;O0029302;08.05.2026;2;Customer Changed Mind
R002641;O0000479;05.02.2026;3;Other
R002642;O0054253;16.04.2026;2;Damaged
R002643;O0041602;10.04.2026;2;Customer Changed Mind
R002644;O0059863;10.11.2025;3;Customer Changed Mind
R002645;O0059317;02.03.2026;2;Damaged
R002646;O0017992;16.07.2025;3;Damaged
R002647;O0044712;01.05.2025;2;Other
R002648;O0007794;01.09.2025;1;Wrong Item
R002649;O0035157;06.04.2025;2;Customer Changed Mind
R002650;O0059123;01.05.2026;1;Damaged
R002651;O0002064;04.12.2025;1;Customer Changed Mind
R002652;O0048393;30.11.2025;3;Damaged
R002653;O0020791;06.01.2026;3;Other
R002654;O0052201;23.12.2025;3;Damaged
R002655;O0025726;09.02.2025;3;Customer Changed Mind
R002656;O0029455;18.07.2025;1;Wrong Item
R002657;O0007054;23.01.2026;3;Customer Changed Mind
R002658;O0051985;20.12.2025;2;Other
R002659;O0058552;30.03.2026;2;Damaged
R002660;O0002265;08.06.2026;2;Wrong Item
R002661;O0002809;16.06.2025;3;Damaged
R002662;O0035870;17.12.2025;-1;Customer Changed Mind
R002663;O0005547;22.02.2025;2;Other
R002664;O0033826;04.12.2025;1;Wrong Item
R002665;O0000839;09.04.2025;2;Customer Changed Mind
R002666;O0037831;21.03.2026;2;Other
R002667;O0053044;06.04.2025;1;Wrong Item
R002668;O0057229;15.04.2025;1;Customer Changed Mind
R002669;O0053995;10.06.2025;1;Damaged
R002670;O0051559;29.05.2026;1;Other
R002671;O0054506;24.03.2026;2;Customer Changed Mind
R002672;O0056387;09.04.2025;3;Other
R002673;O0025313;18.05.2025;3;Customer Changed Mind
R002674;O0005143;08.06.2025;3;Wrong Item
R002675;O0055113;10.02.2026;3;Customer Changed Mind
R002676;O0053417;20.10.2025;2;Customer Changed Mind
R002677;O0036234;06.12.2025;2;Late Delivery
R002678;O0019072;12.03.2025;3;Customer Changed Mind
R002679;O0034690;31.12.2025;3;Wrong Item
R002680;O0029146;03.07.2026;1;Damaged
R002681;O0052656;06.06.2025;1;Late Delivery
R002682;O0000082;19.01.2026;3;Late Delivery
R002683;O0027380;09.05.2025;2;Late Delivery
R002684;O0012974;14.01.2026;2;Customer Changed Mind
R002685;O0052062;14.02.2025;1;Customer Changed Mind
R002686;O0004599;23.02.2026;1;Other
R002687;O0024221;31.03.2026;2;Wrong Item
R002688;O0017148;05.03.2026;2;Damaged
R002689;O0021524;27.03.2025;3;Damaged
R002690;O0010037;30.07.2025;2;Damaged
R002691;O0057597;31.12.2025;2;Wrong Item
R002692;O0026669;04.04.2025;2;Wrong Item
R002693;O0034273;27.10.2025;3;Customer Changed Mind
R002694;O0024501;13.04.2025;3;Wrong Item
R002695;O0043077;25.08.2025;2;Damaged
R002696;O0055973;19.05.2025;1;Customer Changed Mind
R002697;O0025288;19.05.2025;3;Damaged
R002698;O0027758;24.01.2026;1;Late Delivery
R002699;O0032353;05.08.2025;2;Customer Changed Mind
R002700;O0005855;29.08.2025;2;Late Delivery
R002701;O0027446;25.02.2026;3;Customer Changed Mind
R002702;O0046652;04.03.2026;3;Other
R002703;O0013094;23.04.2026;2;Wrong Item
R002704;O0035669;25.09.2025;1;Customer Changed Mind
R002705;O0014598;24.03.2026;2;Wrong Item
R002706;O0026663;16.08.2025;2;Customer Changed Mind
R002707;O0038897;13.07.2026;3;Customer Changed Mind
R002708;O0005421;11.10.2025;3;Damaged
R002709;O0032500;01.06.2026;3;Damaged
R002710;O0057571;15.05.2025;1;Damaged
R002711;O0027094;20.03.2025;3;Wrong Item
R002712;O0032187;16.12.2025;2;Late Delivery
R002713;O0023324;15.04.2026;1;Wrong Item
R002714;O0023873;28.07.2025;2;Late Delivery
R002715;O0030081;03.05.2025;3;Other
R002716;O0052912;26.02.2025;2;Customer Changed Mind
R002717;O0010241;19.10.2025;1;Customer Changed Mind
R002718;O0029803;22.02.2025;2;Customer Changed Mind
R002719;O0044093;22.04.2025;2;Customer Changed Mind
R002720;O0033630;20.02.2026;2;Damaged
R002721;O0042864;14.08.2025;1;Customer Changed Mind
R002722;O0015547;09.06.2026;1;Damaged
R002723;O0059149;17.08.2025;3;Wrong Item
R002724;O0041260;31.05.2026;2;Customer Changed Mind
R002725;O0003739;27.05.2026;2;Customer Changed Mind
R002726;O0047947;12.03.2026;2;Other
R002727;O0024618;23.02.2025;2;Customer Changed Mind
R002728;O0047682;14.06.2026;1;Wrong Item
R002729;O0040238;25.05.2025;1;Wrong Item
R002730;O0045026;11.06.2025;3;Other
R002731;O0045241;26.04.2025;1;Wrong Item
R002732;O0001287;18.02.2026;3;Late Delivery
R002733;O0044473;17.03.2025;1;Customer Changed Mind
R002734;O0054056;06.06.2025;1;Wrong Item
R002735;O0056651;31.03.2026;3;Late Delivery
R002736;O0000241;12.06.2025;3;Damaged
R002737;O0029312;09.08.2025;1;Wrong Item
R002738;O0053051;10.05.2025;1;Damaged
R002739;O0026505;20.08.2025;2;Other
R002740;O0022244;20.08.2025;1;Wrong Item
R002741;O0039914;31.07.2025;2;Wrong Item
R002742;O0057859;04.07.2025;3;Other
R002743;O0036755;13.07.2026;2;Wrong Item
R002744;O0054333;14.03.2026;1;Customer Changed Mind
R002745;O0013524;10.01.2026;1;Wrong Item
R002746;O0032017;12.10.2025;3;Late Delivery
R002747;O0014205;07.03.2025;3;Customer Changed Mind
R002748;O0047120;22.07.2025;2;Damaged
R002749;O0005623;15.03.2026;1;Customer Changed Mind
R002750;O0015187;01.01.2026;1;Wrong Item
R002751;O0034845;10.07.2026;3;Customer Changed Mind
R002752;O0019600;06.03.2026;2;Customer Changed Mind
R002753;O0024029;17.02.2025;3;Damaged
R002754;O0026151;25.01.2026;2;Late Delivery
R002755;O0059322;17.02.2026;2;Late Delivery
R002756;O0039273;21.05.2025;2;Damaged
R002757;O0008905;31.03.2026;1;Late Delivery
R002758;O0047863;08.01.2026;1;Other
R002759;O0040025;31.08.2025;1;Damaged
R002760;O0031521;14.04.2026;1;Customer Changed Mind
R002761;O0008124;21.11.2025;2;Customer Changed Mind
R002762;O0011027;25.06.2026;3;Customer Changed Mind
R002763;O0015413;18.03.2026;1;Wrong Item
R002764;O0034427;30.11.2025;3;Other
R002765;O0022049;09.02.2025;3;Customer Changed Mind
R002766;O0035879;01.08.2025;2;Other
R002767;O0025821;14.05.2026;3;Damaged
R002768;O0053745;30.04.2025;1;Damaged
R002769;O0043198;06.07.2026;1;Wrong Item
R002770;O0045647;05.01.2026;1;Late Delivery
R002771;O0058630;21.02.2025;1;Customer Changed Mind
R002772;O0014501;15.04.2026;1;Late Delivery
R002773;O0019010;17.09.2025;1;Customer Changed Mind
R002774;O0010073;27.04.2026;1;Customer Changed Mind
R002775;O0002411;30.12.2025;1;Customer Changed Mind
R002776;O0021868;19.07.2025;2;Damaged
R002777;O0008014;27.01.2026;1;Wrong Item
R002778;O0025100;21.03.2026;3;Late Delivery
R002779;O0007509;16.07.2025;1;Customer Changed Mind
R002780;O0022986;08.03.2026;1;Customer Changed Mind
R002781;O0008531;27.02.2025;3;Other
R002782;O0013391;04.06.2026;1;Damaged
R002783;O0044523;04.03.2025;1;Customer Changed Mind
R002784;O0054161;23.04.2026;3;Customer Changed Mind
R002785;O0043144;04.05.2026;1;Customer Changed Mind
R002786;O0001465;22.09.2025;1;Customer Changed Mind
R002787;O0020551;07.03.2025;3;Wrong Item
R002788;O0016097;07.06.2026;1;Customer Changed Mind
R002789;O0013927;27.03.2025;2;Other
R002790;O0009247;02.03.2026;2;Customer Changed Mind
R002791;O0007864;25.07.2025;3;Customer Changed Mind
R002792;O0001103;29.08.2025;3;Damaged
R002793;O0009575;27.02.2025;3;Wrong Item
R002794;O0042893;13.08.2025;2;Customer Changed Mind
R002795;O0018085;18.06.2025;2;Other
R002796;O0056277;24.02.2025;3;Customer Changed Mind
R002797;O0018287;18.05.2026;2;Damaged
R002798;O0017527;24.11.2025;2;Other
R002799;O0011669;18.06.2025;2;Damaged
R002800;O0055149;12.05.2026;1;Damaged
R002801;O0004822;29.03.2026;2;Customer Changed Mind
R002802;O0032014;14.07.2026;1;Customer Changed Mind
R002803;O0040828;10.06.2026;2;Late Delivery
R002804;O0040640;16.02.2026;2;Customer Changed Mind
R002805;O0048127;25.08.2025;3;Late Delivery
R002806;O0039050;22.01.2026;2;Other
R002807;O0013912;31.01.2026;2;Other
R002808;O0049496;29.03.2026;1;Customer Changed Mind
R002809;O0020879;05.03.2026;1;Customer Changed Mind
R002810;O0036886;20.03.2026;2;Damaged
R002811;O0027185;01.02.2025;2;Customer Changed Mind
R002812;O0026840;28.06.2025;3;Customer Changed Mind
R002813;O0034093;19.01.2026;2;Late Delivery
R002814;O0032743;26.03.2026;3;Late Delivery
R002815;O0015059;12.06.2026;2;Damaged
R002816;O0057039;09.03.2025;1;Customer Changed Mind
R002817;O0055106;03.05.2026;1;Late Delivery
R002818;O0025547;20.12.2025;1;Customer Changed Mind
R002819;O0055744;31.08.2025;1;Other
R002820;O0034443;15.02.2026;2;Damaged
R002821;O0027841;26.06.2026;1;Customer Changed Mind
R002822;O0003656;14.03.2025;1;Damaged
R002823;O0043966;14.09.2025;2;Customer Changed Mind
R002824;O0040841;25.04.2026;1;Other
R002825;O0030055;28.09.2025;3;Customer Changed Mind
R002826;O0042689;08.03.2026;3;Late Delivery
R002827;O0018232;10.11.2025;3;Late Delivery
R002828;O0047567;24.05.2025;2;Damaged
R002829;O0054867;10.07.2025;1;Damaged
R002830;O0037119;05.06.2025;2;Customer Changed Mind
R002831;O0053740;05.10.2025;2;Wrong Item
R002832;O0003147;25.11.2025;3;Damaged
R002833;O0040110;29.07.2025;1;Damaged
R002834;O0022119;06.04.2026;3;Customer Changed Mind
R002835;O0029174;31.08.2025;1;Other
R002836;O0021667;26.06.2025;1;Late Delivery
R002837;O0051228;20.08.2025;3;Customer Changed Mind
R002838;O0039350;03.07.2025;1;Wrong Item
R002839;O0009762;11.10.2025;3;Wrong Item
R002840;O0059581;27.11.2025;1;Wrong Item
R002841;O0041771;01.03.2026;2;Wrong Item
R002842;O0016546;19.01.2026;3;Damaged
R002843;O0003870;16.06.2026;1;Customer Changed Mind
R002844;O0010959;10.01.2026;1;Customer Changed Mind
R002845;O0010233;21.06.2026;1;Damaged
R002846;O0020227;10.03.2026;2;Wrong Item
R002847;O0051599;23.11.2025;2;Wrong Item
R002848;O0035868;03.04.2026;2;Late Delivery
R002849;O0030844;06.06.2025;1;Customer Changed Mind
R002850;O0016728;08.10.2025;2;Wrong Item
R002851;O0001437;24.04.2026;2;Wrong Item
R002852;O9999999;12.02.2026;2;Wrong Item
R002853;O0030852;22.03.2026;3;Late Delivery
R002854;O0043643;25.04.2026;2;Damaged
R002855;O0009093;13.04.2025;2;Customer Changed Mind
R002856;O0004819;17.10.2025;1;Late Delivery
R002857;O0008946;19.05.2026;3;Late Delivery
R002858;O0009543;18.05.2025;2;Damaged
R002859;O0032533;13.05.2025;2;Damaged
R002860;O0019911;30.03.2026;2;Other
R002861;O0035754;10.02.2025;1;Other
R002862;O0008304;27.04.2026;1;Damaged
R002863;O0034786;04.10.2025;1;Wrong Item
R002864;O0031366;13.06.2025;1;Customer Changed Mind
R002865;O0015216;12.08.2025;1;Damaged
R002866;O0032930;31.01.2026;2;Other
R002867;O0009304;18.08.2025;3;Customer Changed Mind
R002868;O0026701;15.07.2025;2;Customer Changed Mind
R002869;O0028004;17.02.2026;2;Late Delivery
R002870;O0011034;08.10.2025;1;Damaged
R002871;O0009590;06.11.2025;3;Customer Changed Mind
R002872;O0044606;10.07.2025;1;Customer Changed Mind
R002873;O0051928;17.03.2026;1;Damaged
R002874;O0046621;10.10.2025;1;Other
R002875;O0032774;13.07.2026;3;Customer Changed Mind
R002876;O0015753;10.03.2026;2;Customer Changed Mind
R002877;O0024721;30.07.2025;3;Other
R002878;O0032088;02.12.2025;3;Late Delivery
R002879;O0030133;29.05.2026;1;Damaged
R002880;O0049987;26.04.2026;2;Damaged
R002881;O0011511;09.09.2025;2;Damaged
R002882;O0058572;11.05.2025;2;Other
R002883;O0025702;23.05.2025;2;Other
R002884;O0022442;28.08.2025;-1;Customer Changed Mind
R002885;O0026396;01.10.2025;2;Damaged
R002886;O0056006;25.05.2025;2;Wrong Item
R002887;O0014811;12.03.2025;2;Customer Changed Mind
R002888;O0008589;19.12.2025;1;Customer Changed Mind
R002889;O0015177;30.05.2025;1;Damaged
R002890;O0044678;17.09.2025;3;Damaged
R002891;O0008465;17.03.2025;3;Customer Changed Mind
R002892;O0003205;01.06.2025;2;Customer Changed Mind
R002893;O0000602;06.11.2025;1;Customer Changed Mind
R002894;O0030502;13.03.2026;2;Customer Changed Mind
R002895;O0009625;12.09.2025;3;Wrong Item
R002896;O0039825;26.12.2025;1;Damaged
R002897;O0003700;09.12.2025;1;Late Delivery
R002898;O0052451;08.05.2025;1;Other
R002899;O0023830;28.07.2025;3;Damaged
R002900;O0047849;13.07.2025;1;Customer Changed Mind
R002901;O0011521;05.02.2025;3;Late Delivery
R002902;O0047146;25.08.2025;1;Customer Changed Mind
R002903;O0017757;13.06.2026;1;Other
R002904;O0031512;23.06.2026;2;Wrong Item
R002905;O0056738;22.07.2025;2;Wrong Item
R002906;O0016819;25.06.2025;1;Customer Changed Mind
R002907;O0032243;18.11.2025;1;Damaged
R002908;O0017168;29.04.2025;3;Customer Changed Mind
R002909;O0035537;03.12.2025;3;Customer Changed Mind
R002910;O0009594;04.02.2026;3;Customer Changed Mind
R002911;O0009919;22.08.2025;3;Wrong Item
R002912;O0038225;20.06.2026;1;Customer Changed Mind
R002913;O0000116;06.02.2025;2;Damaged
R002914;O0048790;05.04.2025;2;Other
R002915;O0038915;02.03.2025;1;Wrong Item
R002916;O0001506;23.08.2025;1;Late Delivery
R002917;O0042227;17.06.2025;2;Wrong Item
R002918;O0011663;04.01.2026;1;Damaged
R002919;O0032422;25.12.2025;1;Wrong Item
R002920;O0007960;03.02.2025;2;Damaged
R002921;O0016502;10.04.2025;2;Damaged
R002922;O0014142;15.08.2025;3;Damaged
R002923;O0011564;28.05.2026;1;Other
R002924;O0008579;26.09.2025;3;Other
R002925;O0042100;21.07.2025;2;Wrong Item
R002926;O0049439;12.04.2025;2;Damaged
R002927;O0004606;19.01.2026;1;Damaged
R002928;O0005733;28.09.2025;2;Customer Changed Mind
R002929;O0036714;12.05.2025;3;Wrong Item
R002930;O0058125;15.02.2026;3;Customer Changed Mind
R002931;O0015254;10.09.2025;2;Damaged
R002932;O0015365;01.04.2026;2;Customer Changed Mind
R002933;O0030077;07.06.2025;3;Damaged
R002934;O0058871;18.06.2025;2;Wrong Item
R002935;O0013501;26.03.2026;2;Other
R002936;O0005453;27.12.2025;1;Late Delivery
R002937;O0041838;25.02.2026;3;Customer Changed Mind
R002938;O0026118;22.10.2025;1;Customer Changed Mind
R002939;O0002949;03.07.2026;3;Late Delivery
R002940;O0056827;24.03.2026;2;Customer Changed Mind
R002941;O0025581;25.03.2025;1;Customer Changed Mind
R002942;O0008686;12.07.2025;1;Damaged
R002943;O0039702;14.08.2025;2;Late Delivery
R002944;O0002172;19.11.2025;3;Customer Changed Mind
R002945;O0056974;20.02.2026;3;Damaged
R002946;O0054178;15.07.2025;3;Damaged
R002947;O0000403;22.02.2025;1;Customer Changed Mind
R002948;O0000908;05.06.2026;2;Other
R002949;O0031149;08.07.2025;3;Other
R002950;O0059222;23.03.2026;1;Customer Changed Mind
R002951;O0042977;02.07.2026;2;Customer Changed Mind
R002952;O0005923;24.02.2025;2;Customer Changed Mind
R002953;O0047983;04.03.2026;1;Late Delivery
R002954;O0057422;09.09.2025;1;Late Delivery
R002955;O0014495;03.01.2026;3;Customer Changed Mind
R002956;O0013631;06.09.2025;3;Damaged
R002957;O0030704;18.09.2025;3;Wrong Item
R002958;O0023366;18.12.2025;2;Damaged
R002959;O0026666;26.03.2025;2;Damaged
R002960;O0059298;29.05.2025;2;Wrong Item
R002961;O0013853;12.06.2025;-1;Wrong Item
R002962;O0037735;03.07.2026;2;Customer Changed Mind
R002963;O0033364;08.02.2025;3;Other
R002964;O0037388;03.06.2025;3;Customer Changed Mind
R002965;O0027429;03.02.2026;1;Other
R002966;O0049051;24.05.2025;1;Late Delivery
R002967;O0004455;22.09.2025;-1;Damaged
R002968;O0024351;12.09.2025;3;Customer Changed Mind
R002969;O0001469;05.01.2026;1;Damaged
R002970;O0018242;21.02.2025;2;Wrong Item
R002971;O0007251;20.03.2025;1;Damaged
R002972;O0031358;13.12.2025;2;Customer Changed Mind
R002973;O0036800;22.03.2026;3;Damaged
R002974;O0049316;08.11.2025;1;Wrong Item
R002975;O0036325;23.11.2025;3;Customer Changed Mind
R002976;O0039151;08.05.2025;2;Late Delivery
R002977;O0017771;14.04.2025;2;Damaged
R002978;O0003330;16.07.2025;1;Late Delivery
R002979;O0002951;28.06.2025;2;Customer Changed Mind
R002980;O0005520;13.06.2025;3;Customer Changed Mind
R002981;O0034809;24.06.2025;2;Customer Changed Mind
R002982;O0000733;30.08.2025;2;Late Delivery
R002983;O0000843;24.08.2025;1;Damaged
R002984;O0052148;03.04.2026;3;Wrong Item
R002985;O0019032;03.07.2026;1;Damaged
R002986;O0010081;08.07.2025;2;Wrong Item
R002987;O0040724;03.03.2026;1;Damaged
R002988;O0016154;26.04.2026;3;Customer Changed Mind
R002989;O0014442;24.03.2025;1;Other
R002990;O0008618;27.06.2025;1;Customer Changed Mind
R002991;O0024452;31.03.2025;2;Damaged
R002992;O0004962;25.06.2025;3;Wrong Item
R002993;O0042572;02.08.2025;1;Damaged
R002994;O0015533;16.08.2025;3;Damaged
R002995;O0006539;05.06.2025;2;Damaged
R002996;O0007122;28.09.2025;2;Customer Changed Mind
R002997;O0007452;22.01.2026;2;Late Delivery
R002998;O0010692;17.01.2026;3;Late Delivery
R002999;O0032964;17.12.2025;3;Damaged
R003000;O0003752;13.06.2025;2;Customer Changed Mind
R003001;O0021344;26.10.2025;2;Late Delivery
R003002;O0029192;03.07.2025;3;Wrong Item
R003003;O0034793;09.08.2025;1;Damaged
R003004;O0029068;13.03.2025;2;Customer Changed Mind
R003005;O0005315;02.03.2026;1;Wrong Item
R003006;O0025568;21.09.2025;2;Other
R003007;O0032583;10.02.2025;2;Wrong Item
R003008;O0017977;14.05.2025;2;Customer Changed Mind
R003009;O0025126;14.03.2026;2;Customer Changed Mind
R003010;O0036273;16.03.2026;3;Damaged
R003011;O0040762;23.07.2025;1;Other
R003012;O0058824;03.06.2026;1;Wrong Item
R003013;O0004405;11.04.2025;3;Wrong Item
R003014;O0035089;04.04.2026;2;Damaged
R003015;O0049176;18.04.2025;3;Other
R003016;O0043487;30.09.2025;2;Wrong Item
R003017;O0016477;22.08.2025;3;Other
R003018;O0000994;21.02.2026;2;Damaged
R003019;O0027645;02.09.2025;2;Customer Changed Mind
R003020;O0004153;05.05.2026;2;Damaged
R003021;O0045920;04.08.2025;1;Other
R003022;O0012840;02.10.2025;2;Wrong Item
R003023;O0004386;30.09.2025;1;Other
R003024;O0058278;01.12.2025;1;Customer Changed Mind
R003025;O0053329;11.04.2026;1;Damaged
R003026;O0032880;16.05.2026;3;Wrong Item
R003027;O0018474;28.08.2025;3;Late Delivery
R003028;O0002942;22.02.2026;2;Customer Changed Mind
R003029;O0033833;23.01.2026;1;Wrong Item
R003030;O0006512;21.11.2025;1;Customer Changed Mind
R003031;O0058047;15.06.2025;2;Damaged
R003032;O0022347;23.11.2025;1;Other
R003033;O0029628;26.03.2026;2;Customer Changed Mind
R003034;O0016365;10.02.2026;3;Late Delivery
R003035;O0049856;09.06.2026;2;Customer Changed Mind
R003036;O0003045;26.11.2025;1;Customer Changed Mind
R003037;O0042753;26.11.2025;2;Customer Changed Mind
R003038;O0041284;07.11.2025;3;Damaged
R003039;O0026861;05.09.2025;1;Customer Changed Mind
R003040;O0050987;16.05.2025;1;Damaged
R003041;O0054411;16.10.2025;2;Late Delivery
R003042;O0013024;06.06.2026;1;Customer Changed Mind
R003043;O0022371;19.10.2025;1;Damaged
R003044;O0056923;24.02.2026;3;Other
R003045;O0004144;08.09.2025;1;Damaged
R003046;O0057757;26.01.2026;-1;Customer Changed Mind
R003047;O0031071;10.06.2025;1;Wrong Item
R003048;O0019521;18.04.2025;3;Other
R003049;O0021974;31.05.2025;3;Customer Changed Mind
R003050;O0024136;10.10.2025;1;Customer Changed Mind
R003051;O0015041;13.12.2025;1;Wrong Item
R003052;O0003664;04.10.2025;1;Wrong Item
R003053;O0020143;03.09.2025;1;Wrong Item
R003054;O0056304;09.08.2025;1;Wrong Item
R003055;O0018157;13.07.2026;2;Damaged
R003056;O0042634;06.05.2025;3;Customer Changed Mind
R003057;O0023658;24.10.2025;3;Damaged
R003058;O0046346;13.08.2025;2;Other
R003059;O0056939;22.03.2026;1;Customer Changed Mind
R003060;O0059797;24.11.2025;1;Customer Changed Mind
R003061;O0023046;03.12.2025;2;Other
R003062;O0012551;26.04.2026;3;Customer Changed Mind
R003063;O0007006;19.12.2025;2;Customer Changed Mind
R003064;O0036854;22.06.2025;2;Wrong Item
R003065;O0054059;04.09.2025;3;Customer Changed Mind
R003066;O0004370;18.12.2025;1;Wrong Item
R003067;O0019733;23.04.2025;2;Late Delivery
R003068;O0010913;18.12.2025;3;Customer Changed Mind
R003069;O0014164;21.02.2025;1;Customer Changed Mind
R003070;O0037646;21.02.2025;1;Other
R003071;O0025095;26.11.2025;2;Customer Changed Mind
R003072;O0001086;11.06.2026;2;Customer Changed Mind
R003073;O0029461;01.04.2025;3;Customer Changed Mind
R003074;O0047522;25.09.2025;1;Late Delivery
R003075;O0020278;04.06.2026;3;Late Delivery
R003076;O0023557;12.11.2025;1;Damaged
R003077;O0001609;01.05.2026;3;Customer Changed Mind
R003078;O0054514;02.07.2025;1;Customer Changed Mind
R003079;O0003966;22.05.2025;1;Customer Changed Mind
R003080;O0013139;13.09.2025;2;Customer Changed Mind
R003081;O0005492;03.07.2026;2;Wrong Item
R003082;O0039924;26.04.2026;1;Customer Changed Mind
R003083;O0012098;09.04.2026;3;Other
R003084;O0014898;24.05.2026;1;Late Delivery
R003085;O0013682;21.02.2026;1;Late Delivery
R003086;O0008104;27.04.2026;3;Wrong Item
R003087;O0008160;14.05.2026;1;Other
R003088;O0012720;13.11.2025;2;Other
R003089;O0002492;19.04.2026;3;Other
R003090;O0059648;13.02.2026;2;Customer Changed Mind
R003091;O0027972;12.04.2025;3;Customer Changed Mind
R003092;O0003972;13.12.2025;3;Wrong Item
R003093;O0042554;30.03.2026;1;Damaged
R003094;O0050614;19.02.2025;2;Damaged
R003095;O0000520;19.06.2025;3;Customer Changed Mind
R003096;O0022002;18.09.2025;3;Damaged
R003097;O0026542;27.02.2025;3;Other
R003098;O0003288;03.11.2025;2;Customer Changed Mind
R003099;O0037961;11.06.2025;3;Other
R003100;O0056620;23.03.2026;2;Customer Changed Mind
R003101;O0041637;24.12.2025;2;Wrong Item
R003102;O0004448;04.07.2026;2;Wrong Item
R003103;O0042316;01.09.2025;1;Customer Changed Mind
R003104;O0026835;02.05.2026;1;Customer Changed Mind
R003105;O0058337;22.05.2026;2;Other
R003106;O0041868;11.06.2026;2;Other
R003107;O0043168;02.12.2025;1;Late Delivery
R003108;O0010505;09.06.2025;3;Other
R003109;O0044487;13.05.2025;2;Wrong Item
R003110;O0026603;17.01.2026;1;Late Delivery
R003111;O0051722;18.10.2025;3;Late Delivery
R003112;O0007075;19.04.2026;3;Customer Changed Mind
R003113;O0001160;17.12.2025;3;Wrong Item
R003114;O0048702;19.06.2026;2;Wrong Item
R003115;O0038669;23.04.2025;2;Late Delivery
R003116;O0026429;30.09.2025;3;Damaged
R003117;O0014759;24.11.2025;3;Wrong Item
R003118;O0028863;17.11.2025;1;Other
R003119;O0022393;20.04.2025;1;Customer Changed Mind
R003120;O0023006;10.04.2026;3;Other
R003121;O0033658;22.08.2025;3;Wrong Item
R003122;O0044010;10.02.2026;2;Damaged
R003123;O0005061;12.08.2025;1;Customer Changed Mind
R003124;O0034558;08.03.2026;1;Late Delivery
R003125;O0025492;22.09.2025;1;Customer Changed Mind
R003126;O0056929;25.10.2025;2;Customer Changed Mind
R003127;O0033227;28.01.2026;2;Other
R003128;O0055289;19.03.2026;2;Customer Changed Mind
R003129;O0012059;07.04.2026;3;Other
R003130;O0022835;22.06.2026;2;Late Delivery
R003131;O0025579;04.06.2025;1;Customer Changed Mind
R003132;O0037549;09.02.2026;1;Other
R003133;O0022064;21.03.2025;3;Late Delivery
R003134;O0058703;12.11.2025;1;Customer Changed Mind
R003135;O0053046;15.10.2025;1;Customer Changed Mind
R003136;O0004510;23.02.2025;3;Customer Changed Mind
R003137;O0024483;31.03.2025;3;Customer Changed Mind
R003138;O0040313;30.05.2025;2;Damaged
R003139;O0012984;11.04.2026;3;Customer Changed Mind
R003140;O0011065;10.02.2025;3;Customer Changed Mind
R003141;O0030176;06.04.2025;1;Customer Changed Mind
R003142;O0044703;23.09.2025;3;Customer Changed Mind
R003143;O0023931;24.09.2025;3;Damaged
R003144;O0055209;17.05.2026;1;Other
R003145;O0048124;06.01.2026;2;Late Delivery
R003146;O0040847;27.06.2026;2;Other
R003147;O0052946;01.04.2025;2;Customer Changed Mind
R003148;O0035886;03.03.2026;3;Other
R003149;O0015376;15.09.2025;3;Customer Changed Mind
R003150;O0052008;02.10.2025;2;Damaged
R003151;O0032174;02.03.2025;1;Customer Changed Mind
R003152;O0053886;10.03.2026;2;Wrong Item
R003153;O0035428;17.10.2025;3;Late Delivery
R003154;O0008960;04.12.2025;1;Late Delivery
R003155;O0028025;13.10.2025;3;Other
R003156;O0017374;02.05.2025;1;Other
R003157;O0004019;13.02.2025;3;Late Delivery
R003158;O0036004;27.11.2025;1;Late Delivery
R003159;O0023289;28.10.2025;2;Damaged
R003160;O0037272;14.09.2025;1;Wrong Item
R003161;O0013981;01.03.2026;3;Other
R003162;O0053362;07.06.2025;2;Customer Changed Mind
R003163;O0053857;22.11.2025;2;Late Delivery
R003164;O0006203;08.05.2025;2;Other
R003165;O0001967;20.04.2025;1;Damaged
R003166;O0037877;02.01.2026;1;Customer Changed Mind
R003167;O0004977;28.08.2025;1;Late Delivery
R003168;O0049256;01.12.2025;1;Customer Changed Mind
R003169;O0012383;26.10.2025;3;Customer Changed Mind
R003170;O0006456;15.03.2026;2;Late Delivery
R003171;O0028928;06.12.2025;3;Other
R003172;O0058148;13.05.2026;1;Customer Changed Mind
R003173;O0058597;16.11.2025;3;Customer Changed Mind
R003174;O9999999;01.08.2025;2;Customer Changed Mind
R003175;O0058345;14.03.2025;3;Customer Changed Mind
R003176;O0045801;30.12.2025;2;Late Delivery
R003177;O0033070;15.03.2025;1;Wrong Item
R003178;O0023908;15.08.2025;1;Customer Changed Mind
R003179;O0011614;17.05.2025;1;Customer Changed Mind
R003180;O0008681;26.02.2026;1;Late Delivery
R003181;O0024629;29.04.2025;2;Other
R003182;O0019640;03.05.2026;1;Customer Changed Mind
R003183;O0023418;12.08.2025;3;Late Delivery
R003184;O0032899;20.01.2026;1;Late Delivery
R003185;O0059184;04.03.2026;3;Wrong Item
R003186;O0053209;17.10.2025;3;Customer Changed Mind
R003187;O0036556;20.05.2025;2;Customer Changed Mind
R003188;O0012140;23.09.2025;3;Customer Changed Mind
R003189;O0037144;17.08.2025;3;Customer Changed Mind
R003190;O0047728;08.05.2026;3;Damaged
R003191;O0044931;07.11.2025;1;Customer Changed Mind
R003192;O0008676;29.08.2025;3;Customer Changed Mind
R003193;O0037074;16.04.2025;1;Customer Changed Mind
R003194;O0019565;12.08.2025;2;Customer Changed Mind
R003195;O0055367;30.04.2025;2;Customer Changed Mind
R003196;O0027191;11.04.2025;2;Late Delivery
R003197;O0058382;16.04.2026;1;Customer Changed Mind
R003198;O0046262;31.03.2026;3;Late Delivery
R003199;O0027382;29.10.2025;1;Customer Changed Mind
R003200;O0040503;06.12.2025;3;Damaged
R003201;O0005745;02.11.2025;2;Customer Changed Mind
R003202;O0012022;17.08.2025;1;Other
R003203;O0022403;08.11.2025;1;Late Delivery
R003204;O0008770;20.04.2025;2;Other
R003205;O0016058;07.03.2025;1;Other
R003206;O0057277;18.03.2026;2;Customer Changed Mind
R003207;O0019472;15.10.2025;3;Other
R003208;O0032685;14.12.2025;1;Damaged
R003209;O0000983;14.06.2025;1;Customer Changed Mind
R003210;O0044171;13.12.2025;2;Late Delivery
R003211;O0049944;19.01.2026;3;Customer Changed Mind
R003212;O0059454;17.03.2026;2;Damaged
R003213;O0023128;07.02.2025;3;Customer Changed Mind
R003214;O0050630;19.06.2025;1;Damaged
R003215;O0023354;05.12.2025;1;Late Delivery
R003216;O0000798;12.12.2025;3;Customer Changed Mind
R003217;O0058436;19.12.2025;1;Customer Changed Mind
R003218;O0015437;09.11.2025;2;Customer Changed Mind
R003219;O0058916;09.02.2026;1;Wrong Item
R003220;O0006652;16.02.2026;1;Other
R003221;O0020461;06.10.2025;3;Wrong Item
R003222;O0039667;17.03.2026;3;Other
R003223;O0054865;12.11.2025;3;Wrong Item
R003224;O0037405;11.02.2026;2;Customer Changed Mind
R003225;O0056860;27.10.2025;3;Customer Changed Mind
R003226;O0034652;05.03.2025;2;Other
R003227;O0022766;26.10.2025;2;Late Delivery
R003228;O0021024;12.07.2026;3;Other
R003229;O0040362;18.04.2025;2;Customer Changed Mind
R003230;O0021118;13.11.2025;3;Damaged
R003231;O0056989;29.09.2025;2;Customer Changed Mind
R003232;O0001595;20.02.2026;3;Customer Changed Mind
R003233;O0049206;03.01.2026;1;Customer Changed Mind
R003234;O0024889;26.10.2025;3;Other
R003235;O0045383;09.07.2026;2;Damaged
R003236;O0043233;03.05.2026;1;Other
R003237;O0020711;06.05.2025;1;Damaged
R003238;O0040588;06.04.2026;1;Late Delivery
R003239;O0036269;30.12.2025;2;Wrong Item
R003240;O0002983;12.05.2025;3;Late Delivery
R003241;O0012019;17.02.2025;1;Wrong Item
R003242;O0023419;18.05.2026;1;Customer Changed Mind
R003243;O0036519;11.01.2026;3;Customer Changed Mind
R003244;O0010801;18.05.2026;3;Other
R003245;O0009352;23.01.2026;2;Wrong Item
R003246;O0021866;22.08.2025;2;Customer Changed Mind
R003247;O0055049;31.05.2025;1;Customer Changed Mind
R003248;O0026174;18.06.2025;1;Wrong Item
R003249;O0048410;03.11.2025;1;Late Delivery
R003250;O0018809;12.07.2026;3;Customer Changed Mind
R003251;O0055315;17.03.2026;2;Late Delivery
R003252;O0031795;21.07.2025;3;Damaged
R003253;O0057426;01.05.2026;1;Customer Changed Mind
R003254;O0031612;24.02.2026;1;Customer Changed Mind
R003255;O0014430;16.03.2026;2;Other
R003256;O0037093;23.11.2025;1;Damaged
R003257;O0036202;06.03.2026;1;Damaged
R003258;O0032399;02.11.2025;2;Customer Changed Mind
R003259;O0034066;20.09.2025;2;Other
R003260;O0013957;28.01.2026;2;Damaged
R003261;O0039270;10.03.2025;3;Wrong Item
R003262;O0054529;26.04.2026;1;Damaged
R003263;O0044223;01.07.2026;3;Damaged
R003264;O0031264;30.10.2025;3;Customer Changed Mind
R003265;O0005319;22.12.2025;2;Other
R003266;O0055815;07.03.2026;3;Damaged
R003267;O0031324;05.02.2025;3;Wrong Item
R003268;O0059626;29.08.2025;1;Other
R003269;O0045451;27.05.2025;3;Wrong Item
R003270;O0045012;07.10.2025;3;Customer Changed Mind
R003271;O0010215;11.06.2025;1;Wrong Item
R003272;O0055112;13.05.2026;1;Damaged
R003273;O0052699;29.09.2025;1;Damaged
R003274;O0034746;26.07.2025;1;Customer Changed Mind
R003275;O0027935;03.04.2026;1;Other
R003276;O0023848;20.03.2026;3;Damaged
R003277;O0048780;27.02.2025;3;Wrong Item
R003278;O0003321;17.09.2025;3;Damaged
R003279;O0000658;02.11.2025;1;Wrong Item
R003280;O0032329;26.06.2025;3;Customer Changed Mind
R003281;O0045870;08.08.2025;2;Customer Changed Mind
R003282;O0056110;02.04.2026;1;Damaged
R003283;O0013393;25.05.2026;3;Other
R003284;O0042463;09.12.2025;3;Customer Changed Mind
R003285;O0034165;03.02.2025;1;Damaged
R003286;O0037839;19.02.2026;3;Customer Changed Mind
R003287;O0039695;06.11.2025;2;Customer Changed Mind
R003288;O0015290;05.07.2026;2;Customer Changed Mind
R003289;O0017069;07.10.2025;3;Other
R003290;O0039544;01.06.2026;3;Wrong Item
R003291;O0000183;24.04.2026;1;Customer Changed Mind
R003292;O0039532;25.03.2025;1;Customer Changed Mind
R003293;O0002820;02.02.2025;3;Customer Changed Mind
R003294;O0007431;22.12.2025;3;Customer Changed Mind
R003295;O0027098;01.06.2025;2;Customer Changed Mind
R003296;O0043247;08.05.2026;3;Customer Changed Mind
R003297;O0016522;12.06.2025;1;Late Delivery
R003298;O0009015;27.10.2025;3;Wrong Item
R003299;O0020386;20.08.2025;1;Late Delivery
R003300;O0019267;23.10.2025;1;Late Delivery
R003301;O0040111;07.09.2025;3;Damaged
R003302;O0055768;02.05.2025;1;Customer Changed Mind
R003303;O0035649;25.08.2025;3;Other
R003304;O0033583;25.09.2025;3;Wrong Item
R003305;O0052059;20.05.2025;1;Customer Changed Mind
R003306;O0018501;10.05.2025;2;Customer Changed Mind
R003307;O0026707;03.04.2025;3;Wrong Item
R003308;O0037310;26.03.2025;1;Other
R003309;O0015548;15.10.2025;1;Damaged
R003310;O0010754;27.08.2025;3;Other
R003311;O0007691;23.05.2025;1;Damaged
R003312;O0028417;16.10.2025;2;Wrong Item
R003313;O0028613;10.05.2025;3;Other
R003314;O0015859;02.10.2025;2;Damaged
R003315;O0028540;28.07.2025;1;Customer Changed Mind
R003316;O0034630;24.04.2025;1;Damaged
R003317;O0036239;19.02.2026;1;Damaged
R003318;O0055256;10.02.2026;2;Damaged
R003319;O0025316;22.05.2025;1;Other
R003320;O0019311;25.04.2026;3;Damaged
R003321;O0036310;05.01.2026;3;Customer Changed Mind
R003322;O0016136;21.06.2026;2;Damaged
R003323;O0017668;22.06.2026;1;Damaged
R003324;O0017597;19.09.2025;2;Damaged
R003325;O0056228;08.02.2026;3;Other
R003326;O0033764;13.08.2025;2;Other
R003327;O0057702;21.05.2026;1;Wrong Item
R003328;O0002369;08.02.2025;3;Other
R003329;O0024865;15.11.2025;2;Other
R003330;O0012913;18.11.2025;2;Customer Changed Mind
R003331;O0006440;30.11.2025;1;Late Delivery
R003332;O0022173;27.11.2025;1;Customer Changed Mind
R003333;O0010716;09.08.2025;1;Other
R003334;O0012753;10.05.2026;1;Damaged
R003335;O0000045;18.03.2026;1;Customer Changed Mind
R003336;O0030479;29.09.2025;1;Other
R003337;O0044863;25.08.2025;1;Damaged
R003338;O0005066;13.04.2025;3;Late Delivery
R003339;O0011582;30.01.2026;2;Wrong Item
R003340;O0052116;05.11.2025;2;Wrong Item
R003341;O0022565;11.01.2026;3;Damaged
R003342;O0029482;25.10.2025;3;Customer Changed Mind
R003343;O0040692;21.04.2026;1;Late Delivery
R003344;O0000457;22.02.2026;3;Customer Changed Mind
R003345;O0051680;08.05.2025;3;Wrong Item
R003346;O0017119;17.03.2026;2;Wrong Item
R003347;O0024150;03.09.2025;3;Late Delivery
R003348;O0018883;10.06.2026;3;Damaged
R003349;O0041867;21.02.2026;1;Customer Changed Mind
R003350;O0021237;17.05.2025;1;Late Delivery
R003351;O0011651;16.08.2025;3;Other
R003352;O0058672;14.06.2025;1;Late Delivery
R003353;O0029821;16.12.2025;1;Late Delivery
R003354;O0040004;01.03.2025;2;Customer Changed Mind
R003355;O0023355;30.05.2025;3;Damaged
R003356;O0024635;27.12.2025;2;Wrong Item
R003357;O0015441;17.06.2025;1;Customer Changed Mind
R003358;O0009208;29.06.2026;2;Customer Changed Mind
R003359;O0003436;17.06.2025;2;Other
R003360;O9999999;26.02.2026;3;Customer Changed Mind
R003361;O0041231;08.11.2025;1;Customer Changed Mind
R003362;O0040743;24.09.2025;2;Wrong Item
R003363;O0051586;03.02.2025;3;Damaged
R003364;O0025491;10.05.2025;3;Customer Changed Mind
R003365;O0009965;29.06.2025;1;Other
R003366;O0053884;10.02.2025;2;Wrong Item
R003367;O0026213;06.02.2026;1;Wrong Item
R003368;O0045541;21.05.2026;1;Late Delivery
R003369;O0052129;30.08.2025;2;Late Delivery
R003370;O0028500;22.04.2026;2;Customer Changed Mind
R003371;O0047764;02.07.2025;1;Customer Changed Mind
R003372;O0041218;18.06.2025;2;Other
R003373;O9999999;03.04.2026;3;Customer Changed Mind
R003374;O0043919;08.03.2026;1;Wrong Item
R003375;O0039584;28.09.2025;2;Customer Changed Mind
R003376;O0049109;27.03.2025;2;Customer Changed Mind
R003377;O0010729;13.06.2026;2;Customer Changed Mind
R003378;O0023635;14.09.2025;2;Damaged
R003379;O0022354;17.04.2026;2;Wrong Item
R003380;O0008408;10.06.2025;3;Customer Changed Mind
R003381;O0044724;05.05.2025;1;Customer Changed Mind
R003382;O0015981;07.05.2025;1;Wrong Item
R003383;O0040351;15.03.2025;3;Wrong Item
R003384;O0055426;08.06.2026;1;Customer Changed Mind
R003385;O0033354;03.10.2025;1;Customer Changed Mind
R003386;O0006471;11.03.2026;2;Customer Changed Mind
R003387;O0049110;20.04.2026;1;Damaged
R003388;O0032253;29.05.2025;2;Damaged
R003389;O0030921;18.12.2025;2;Damaged
R003390;O0031076;14.12.2025;3;Damaged
R003391;O0057304;08.06.2025;3;Other
R003392;O0018133;17.04.2026;1;Other
R003393;O0022922;18.04.2025;2;Customer Changed Mind
R003394;O0052379;03.06.2026;1;Other
R003395;O0026985;19.03.2026;1;Wrong Item
R003396;O0048174;05.04.2025;1;Wrong Item
R003397;O0002683;13.05.2025;3;Damaged
R003398;O0045972;14.12.2025;2;Damaged
R003399;O0003351;23.12.2025;1;Wrong Item
R003400;O0047433;10.10.2025;2;Customer Changed Mind
R003401;O0015545;16.05.2026;2;Other
R003402;O0031549;09.11.2025;3;Other
R003403;O0023656;20.11.2025;3;Customer Changed Mind
R003404;O0056011;27.11.2025;3;Customer Changed Mind
R003405;O0011371;13.04.2026;1;Customer Changed Mind
R003406;O0016367;12.03.2026;1;Customer Changed Mind
R003407;O0008657;10.10.2025;1;Customer Changed Mind
R003408;O0026408;28.11.2025;3;Wrong Item
R003409;O0000102;01.05.2025;2;Wrong Item
R003410;O0021678;12.05.2025;2;Customer Changed Mind
R003411;O0012085;18.06.2026;3;Customer Changed Mind
R003412;O0040047;09.08.2025;2;Other
R003413;O0021263;09.10.2025;2;Late Delivery
R003414;O0046438;08.10.2025;3;Damaged
R003415;O0014405;11.04.2026;3;Late Delivery
R003416;O0053812;10.07.2026;2;Damaged
R003417;O0032819;13.09.2025;1;Wrong Item
R003418;O0027153;13.04.2026;1;Customer Changed Mind
R003419;O0020399;23.11.2025;2;Other
R003420;O0055095;31.05.2026;3;Customer Changed Mind
R003421;O0042600;18.05.2025;2;Damaged
R003422;O0003563;08.10.2025;1;Wrong Item
R003423;O0059093;24.09.2025;3;Customer Changed Mind
R003424;O0019976;13.08.2025;2;Customer Changed Mind
R003425;O0024657;05.04.2026;3;Other
R003426;O0043815;07.09.2025;2;Customer Changed Mind
R003427;O0004705;26.10.2025;2;Wrong Item
R003428;O0053656;14.04.2026;2;Wrong Item
R003429;O0045471;08.05.2026;2;Late Delivery
R003430;O0052839;01.10.2025;3;Customer Changed Mind
R003431;O0004873;28.10.2025;2;Other
R003432;O0030051;15.06.2026;2;Other
R003433;O0023031;13.10.2025;3;Customer Changed Mind
R003434;O0027106;16.03.2026;3;Customer Changed Mind
R003435;O0015528;17.07.2025;3;Wrong Item
R003436;O0032954;22.06.2026;1;Late Delivery
R003437;O0001202;31.08.2025;3;Customer Changed Mind
R003438;O0015501;28.05.2025;2;Customer Changed Mind
R003439;O0059919;30.05.2025;2;Other
R003440;O0024777;24.04.2025;3;Wrong Item
R003441;O0030465;02.09.2025;1;Damaged
R003442;O0008567;11.10.2025;2;Damaged
R003443;O0047492;29.07.2025;3;Wrong Item
R003444;O0008906;10.07.2026;2;Late Delivery
R003445;O0010886;23.04.2026;3;Wrong Item
R003446;O0006360;26.11.2025;3;Other
R003447;O0024970;16.01.2026;1;Customer Changed Mind
R003448;O0017051;04.03.2025;1;Customer Changed Mind
R003449;O0039649;21.03.2026;3;Damaged
R003450;O0002532;03.03.2026;1;Customer Changed Mind
R003451;O0046164;14.04.2025;3;Wrong Item
R003452;O0047230;25.02.2025;3;Wrong Item
R003453;O0042965;22.04.2025;1;Late Delivery
R003454;O0049643;01.03.2025;1;Customer Changed Mind
R003455;O0045172;21.02.2026;3;Customer Changed Mind
R003456;O0025920;04.04.2025;3;Other
R003457;O0012342;07.04.2025;2;Late Delivery
R003458;O0017950;06.01.2026;3;Damaged
R003459;O0020098;19.09.2025;2;Customer Changed Mind
R003460;O0004440;20.04.2025;3;Customer Changed Mind
R003461;O0030343;24.06.2026;1;Damaged
R003462;O0009301;09.02.2026;3;Customer Changed Mind
R003463;O0048037;19.03.2025;2;Late Delivery
R003464;O0059535;10.09.2025;3;Customer Changed Mind
R003465;O0036448;23.02.2025;3;Customer Changed Mind
R003466;O0033086;19.03.2026;3;Customer Changed Mind
R003467;O0042062;08.06.2026;1;Damaged
R003468;O0021446;24.06.2025;3;Customer Changed Mind
R003469;O0048408;03.02.2026;3;Damaged
R003470;O0050933;23.04.2026;3;Wrong Item
R003471;O0037857;31.07.2025;1;Customer Changed Mind
R003472;O0037537;23.03.2025;3;Wrong Item
R003473;O0052024;19.02.2026;3;Customer Changed Mind
R003474;O0032387;25.04.2025;1;Other
R003475;O0041299;24.09.2025;1;Customer Changed Mind
R003476;O0034618;19.06.2026;3;Customer Changed Mind
R003477;O0000296;11.04.2026;2;Late Delivery
R003478;O0059327;13.01.2026;3;Customer Changed Mind
R003479;O0002566;21.04.2026;3;Late Delivery
R003480;O0013494;05.04.2026;2;Customer Changed Mind
R003481;O0013036;09.05.2026;2;Wrong Item
R003482;O0002136;20.05.2025;2;Customer Changed Mind
R003483;O0017825;28.02.2025;1;Wrong Item
R003484;O0049842;03.03.2025;1;Wrong Item
R003485;O0049559;28.11.2025;3;Customer Changed Mind
R003486;O0040144;06.07.2026;3;Other
R003487;O0037444;23.01.2026;2;Wrong Item
R003488;O0022230;22.08.2025;3;Customer Changed Mind
R003489;O0047643;26.02.2025;1;Customer Changed Mind
R003490;O0011563;27.06.2026;1;Wrong Item
R003491;O0043531;23.03.2026;2;Wrong Item
R003492;O0042580;25.01.2026;1;Wrong Item
R003493;O0051306;10.03.2025;3;Late Delivery
R003494;O0036726;24.03.2025;3;Late Delivery
R003495;O0009055;09.05.2026;3;Wrong Item
R003496;O0043930;10.02.2025;3;Wrong Item
R003497;O0037090;18.05.2025;3;Late Delivery
R003498;O0010940;11.04.2025;1;Late Delivery
R003499;O0017169;05.07.2025;1;Damaged
R003500;O0024155;19.06.2025;1;Other